highway_name,km,latitude,longitude
NH 31D,0.0,26.592701800000004,88.2876263
NH 31D,1.0,26.592737599999996,88.2879766
NH05,0.0,26.540873100442845,88.10440521641256
NH05,1.0,26.5408689,88.1044145
NH10,0.0,26.710338099999998,88.3661959
NH10,1.0,26.717112943971,88.37283729627119
NH10,2.0,26.714060926549937,88.3699554544649
NH10,3.0,26.720938386849657,88.37872954445739
NH10,4.0,26.72190088135998,88.38768265593288
NH10,5.0,26.724164619622574,88.39669297398044
NH10,6.0,26.730261552894166,88.40343414224822
NH10,7.0,26.73279795880937,88.41145440514447
NH10,8.0,26.735084850892584,88.41404876059761
NH10,9.0,26.73934921537614,88.42042200912229
NH10,10.0,26.742462387756827,88.42965470635284
NH10,11.0,26.74796292745847,88.43761763898505
NH10,12.0,26.756287229220366,88.44132488720747
NH10,13.0,26.764845189654213,88.44451528753342
NH10,14.0,26.773366505928944,88.44781767377567
NH10,15.0,26.782285125923188,88.44914709780097
NH10,16.0,26.79126515569954,88.45000535009535
NH10,17.0,26.800267189690672,88.45073430878236
NH10,18.0,26.809265339723186,88.4515130254001
NH10,19.0,26.818206161714016,88.45255882896441
NH10,20.0,26.827092521826902,88.45420127650885
NH10,21.0,26.835996519594524,88.45584985168811
NH10,22.0,26.844896213969157,88.45751631313105
NH10,23.0,26.853694813049362,88.45956099329452
NH10,24.0,26.861073684811046,88.46535506513608
NH10,25.0,26.86919355100905,88.46927300018567
NH10,26.0,26.87668304528193,88.47089999915593
NH10,27.0,26.88473074321897,88.47366684925393
NH10,28.0,26.891868062584614,88.47293955132207
NH10,29.0,26.899671601536394,88.47285799805718
NH10,30.0,26.906754442748994,88.47155168254447
NH10,31.0,26.912767070801348,88.47087241331815
NH10,32.0,26.91630252442998,88.4629906623028
NH10,33.0,26.922335985403087,88.45770436462409
NH10,34.0,26.925833577983802,88.45051297807066
NH10,35.0,26.93329076476846,88.44996874053707
NH10,36.0,26.936966674155283,88.44231509903597
NH10,37.0,26.944761593736917,88.44267196863119
NH10,38.0,26.952066755465022,88.43851441465199
NH10,39.0,26.958924244213257,88.43420355715739
NH10,40.0,26.96306481478229,88.43091215177775
NH10,41.0,26.96952858963454,88.42528568373923
NH10,42.0,26.976731921281495,88.42366625260021
NH10,43.0,26.970029971799708,88.41978287693769
NH10,44.0,26.97292785764592,88.41747316081734
NH10,45.0,26.9806352693035,88.41824940713131
NH10,46.0,26.985294238658916,88.41708641679179
NH10,47.0,26.99196658857381,88.42234091387368
NH10,48.0,26.996602181364704,88.42724595618864
NH10,49.0,27.000620880463956,88.43478306030619
NH10,50.0,27.005083281371387,88.4423931113341
NH10,51.0,27.011163393433396,88.44060481763154
NH10,52.0,27.016863044127515,88.43481843098529
NH10,53.0,27.024293487055644,88.43269600806067
NH10,54.0,27.029207035243775,88.42738671646717
NH10,55.0,27.037013262789213,88.42717767698996
NH10,56.0,27.045381231630767,88.4278985938376
NH10,57.0,27.053806640207895,88.4256912476317
NH10,58.0,27.061176586131403,88.42648129718539
NH10,59.0,27.068084311048498,88.4300317958856
NH10,60.0,27.076411736654467,88.4323158619694
NH10,61.0,27.08195222933235,88.43928674622711
NH10,62.0,27.0824196201865,88.44908401335522
NH10,63.0,27.087936838219036,88.45656837534902
NH10,64.0,27.093858476822184,88.46324476401321
NH10,65.0,27.099465036575594,88.46539537559265
NH10,66.0,27.106514279432563,88.46775636718935
NH10,67.0,27.11462465527074,88.4695304803193
NH10,68.0,27.120668457472203,88.47627107130961
NH10,69.0,27.119493294571075,88.48480680014247
NH10,70.0,27.124974149715676,88.48949645867185
NH10,71.0,27.12245090401249,88.49749338648684
NH10,72.0,27.126602212714428,88.50483164518117
NH10,73.0,27.132675692455813,88.50762920990536
NH10,74.0,27.1380287747993,88.51522575743272
NH10,75.0,27.144754962126747,88.52116748850011
NH10,76.0,27.145239689415074,88.53017454169796
NH10,77.0,27.152652174754937,88.53523042786156
NH10,78.0,27.157590896525306,88.52958161799164
NH10,79.0,27.165400422703893,88.53255660739693
NH10,80.0,27.17038222109314,88.52570693580707
NH10,81.0,27.173914276310523,88.5235113309454
NH110,0.0,27.059867099999998,88.2780529
NH110,1.0,27.05248539631842,88.27682520900025
NH110,2.0,27.0519502399733,88.27345715774594
NH110,3.0,27.053466607176013,88.2656780138798
NH110,4.0,27.056838580263435,88.25842349706899
NH110,5.0,27.060659084255498,88.25212264218423
NH110,6.0,27.055570869022564,88.2563809120998
NH110,7.0,27.049199856503552,88.26296355259278
NH110,8.0,27.041328243232357,88.2648586485034
NH110,9.0,27.034377001683634,88.26063791193991
NH110,10.0,27.028460069588366,88.25688883279257
NH110,11.0,27.022084009018823,88.2541031686583
NH110,12.0,27.018139957072332,88.24895697179039
NH110,13.0,27.014489974540556,88.25051062906905
NH110,14.0,27.00842169844262,88.25338997575699
NH110,15.0,27.005567223887244,88.26003786037286
NH110,16.0,26.99973156990886,88.25888192388618
NH110,17.0,26.993833987056437,88.25888856856807
NH110,18.0,26.989030512562355,88.26371491259194
NH110,19.0,26.987874695349785,88.27014795764754
NH110,20.0,26.984825474488915,88.27718380894225
NH110,21.0,26.978268514594166,88.27791040497871
NH110,22.0,26.97080050892676,88.27359006141168
NH110,23.0,26.962801588580252,88.2734597982234
NH110,24.0,26.96016519558681,88.27890108728278
NH110,25.0,26.952704424328978,88.28310553609468
NH110,26.0,26.953741659498643,88.29102462987143
NH110,27.0,26.94706799237697,88.28893193064555
NH110,28.0,26.94067762118975,88.29000444874197
NH110,29.0,26.935692843138593,88.29511483228428
NH110,30.0,26.931051977558344,88.29927090097777
NH110,31.0,26.922970400420986,88.29603287232823
NH110,32.0,26.917178507322244,88.2911610608276
NH110,33.0,26.9110836066335,88.28904929678482
NH110,34.0,26.90464887782553,88.29302386469037
NH110,35.0,26.902026082687968,88.28536132935365
NH110,36.0,26.89686525179206,88.28215392404904
NH110,37.0,26.89094191762986,88.2811856029879
NH110,38.0,26.883298391195826,88.27765754322505
NH110,39.0,26.8774252400485,88.2810264527556
NH110,40.0,26.87209207881278,88.2850422474033
NH110,41.0,26.869301469652598,88.29211748319277
NH110,42.0,26.867062344449867,88.30006438513458
NH110,43.0,26.87525264372308,88.30011404908049
NH110,44.0,26.88181433884623,88.30318842017445
NH110,45.0,26.879240365786266,88.31145354576161
NH110,46.0,26.881740257966758,88.3186314945704
NH110,47.0,26.880001121374725,88.31587818021922
NH110,48.0,26.87898091615532,88.30994221700479
NH110,49.0,26.8772323007436,88.30257313195798
NH110,50.0,26.869877499537914,88.30682010706641
NH110,51.0,26.862105853995672,88.30661480376702
NH110,52.0,26.85789316177499,88.3142163115017
NH110,53.0,26.85347000721969,88.31972850065979
NH110,54.0,26.853140109787223,88.32598825170464
NH110,55.0,26.856097677578305,88.33051455908951
NH110,56.0,26.857119697724382,88.3357669333042
NH110,57.0,26.85037957934532,88.33134100281139
NH110,58.0,26.853509438674973,88.33458690053845
NH110,59.0,26.85274590745247,88.3345106953228
NH110,60.0,26.84681831463715,88.33592888619701
NH110,61.0,26.84532198044911,88.34311136967872
NH110,62.0,26.842100521363157,88.33968116511599
NH110,63.0,26.840648706433274,88.33296133841043
NH110,64.0,26.833142571207087,88.33076101910292
NH110,65.0,26.833687884599343,88.33194277127836
NH110,66.0,26.839462593933263,88.33560955623705
NH110,67.0,26.83750263077191,88.34021161036488
NH110,68.0,26.83151215605395,88.34112052065721
NH110,69.0,26.825515668722282,88.34134108933334
NH110,70.0,26.819905865458814,88.34402169510118
NH110,71.0,26.814747756445698,88.35051236966297
NH110,72.0,26.8075147892519,88.35187691031263
NH110,73.0,26.80063439036183,88.35673474457359
NH110,74.0,26.7937895302166,88.36303066196449
NH110,75.0,26.78572920082144,88.36646312498321
NH110,76.0,26.778806079523704,88.37285232251948
NH110,77.0,26.771144659995688,88.37815596276769
NH110,78.0,26.76435009034819,88.38472195060481
NH110,79.0,26.756609634177824,88.38977583088445
NH110,80.0,26.748443603415787,88.39405849811631
NH110,81.0,26.743430884871565,88.40207108504187
NH110,82.0,26.735963677329345,88.4077110925784
NH110,83.0,26.733255599999996,88.4078233
NH112,0.0,22.711389300000004,88.4754872
NH112,1.0,22.715576823146282,88.48263156743329
NH112,2.0,22.72083864500499,88.48908847704084
NH112,3.0,22.72708940844969,88.49601248458744
NH112,4.0,22.732104583814976,88.50405159032245
NH112,5.0,22.738911880043815,88.51044886976898
NH112,6.0,22.74475731298588,88.51765698829064
NH112,7.0,22.74863543965619,88.52644997422412
NH112,8.0,22.752504156076142,88.53524809623636
NH112,9.0,22.756939933523505,88.54370937511322
NH112,10.0,22.76242753333777,88.55109930951303
NH112,11.0,22.76847028233769,88.55832023809887
NH112,12.0,22.77430618015906,88.56574728854494
NH112,13.0,22.780164267493486,88.57309974803161
NH112,14.0,22.78590377955402,88.58061438411951
NH112,15.0,22.791649594298026,88.588116978837
NH112,16.0,22.797000112085687,88.59595429453755
NH112,17.0,22.802250111694114,88.60383255591479
NH112,18.0,22.807284433828503,88.61189601666112
NH112,19.0,22.811927842616598,88.62023439415596
NH112,20.0,22.820355575958686,88.6233464519889
NH112,21.0,22.828262684649797,88.62801070726378
NH112,22.0,22.833574509164034,88.63576071150587
NH112,23.0,22.836934166082386,88.64478201673744
NH112,24.0,22.840839354687276,88.65355378284492
NH112,25.0,22.84600794505601,88.66128010272237
NH112,26.0,22.853237995220095,88.66696455193103
NH112,27.0,22.85966373021582,88.67353429829231
NH112,28.0,22.86716474335911,88.67895648244752
NH112,29.0,22.874728584238905,88.68427786881897
NH112,30.0,22.88258043579006,88.68906440837596
NH112,31.0,22.89029478157289,88.6940980262628
NH112,32.0,22.897641781189815,88.69976312333878
NH112,33.0,22.904785315459524,88.70570741896766
NH112,34.0,22.91065132015215,88.71310251103925
NH112,35.0,22.917164497195245,88.71982732978141
NH112,36.0,22.92424073466811,88.7258816188077
NH112,37.0,22.931009432533283,88.73220727176808
NH112,38.0,22.937768274002664,88.73831324330692
NH112,39.0,22.9439919776979,88.74537502434661
NH112,40.0,22.95006648612119,88.75258748902175
NH112,41.0,22.95613795686223,88.75980185604044
NH112,42.0,22.960828776890622,88.76812307656577
NH112,43.0,22.96591183288341,88.77618038640664
NH112,44.0,22.9726648579139,88.78244410969126
NH112,45.0,22.981005098666092,88.78616476735496
NH112,46.0,22.989625399373256,88.78887311422113
NH112,47.0,22.99690871736753,88.79463654455759
NH112,48.0,23.004092949446242,88.80054497938353
NH112,49.0,23.01111544891644,88.80664393510538
NH112,50.0,23.01892634293783,88.81136772653268
NH112,51.0,23.025962545020096,88.81747017266578
NH112,52.0,23.0329973837072,88.82358575486813
NH112,53.0,23.04014857891765,88.82952265514699
NH112,54.0,23.046645452622506,88.83615464637168
NH112,55.0,23.048327493071234,88.84566541489214
NH112,56.0,23.046816463165378,88.85427771520166
NH112,57.0,23.041091066258986,88.86173489407079
NH112,58.0,23.038153753235495,88.87088265413215
NH112,59.0,23.038255628386445,88.88054340929881
NH112,60.0,23.03777735274272,88.87832252691891
NH112,61.0,23.038107999999998,88.8704252
NH112;NH312,0.0,23.044934,88.8326198
NH112;NH312,1.0,23.044643599999997,88.83205980000001
NH114,0.0,23.264708599999995,87.8328153
NH114,1.0,23.273397475286078,87.83032852749392
NH114,2.0,23.280033617235237,87.82464916499991
NH114,3.0,23.287950974677933,87.81996103659377
NH114,4.0,23.296104408717028,87.8158541571887
NH114,5.0,23.30452408010747,87.81267909250329
NH114,6.0,23.313461726676383,87.81145413824655
NH114,7.0,23.321665207729776,87.80742949738267
NH114,8.0,23.33023689249067,87.80439950431987
NH114,9.0,23.339034595168286,87.80239538834238
NH114,10.0,23.347801257596675,87.80012393791621
NH114,11.0,23.35521688518708,87.79470760316406
NH114,12.0,23.362742371976204,87.78930616793953
NH114,13.0,23.369213238153353,87.78257466341748
NH114,14.0,23.376580074497873,87.7785139486755
NH114,15.0,23.384506862229756,87.77566292695076
NH114,16.0,23.39337941928617,87.77385538972308
NH114,17.0,23.40216296809298,87.77159701527498
NH114,18.0,23.410920167619228,87.76920981261375
NH114,19.0,23.419666656493966,87.76677863035833
NH114,20.0,23.428352651767167,87.76416804316209
NH114,21.0,23.4366241304875,87.76245967846901
NH114,22.0,23.4455319803466,87.76158427349584
NH114,23.0,23.454160554640367,87.75871131757908
NH114,24.0,23.46262778942822,87.75531142125712
NH114,25.0,23.471384929461777,87.75295566040307
NH114,26.0,23.480174073442125,87.75072632652906
NH114,27.0,23.488689130761745,87.74747122102856
NH114,28.0,23.496979373397732,87.74392266090709
NH114,29.0,23.50597771867245,87.74415067462543
NH114,30.0,23.51500404921094,87.74440093505183
NH114,31.0,23.52403137681581,87.74462591982025
NH114,32.0,23.533058863825744,87.7448115948399
NH114,33.0,23.542082468721762,87.74497683541605
NH114,34.0,23.551106099982526,87.74473518622307
NH114,35.0,23.55655227560245,87.73923001918263
NH114,36.0,23.562073062449212,87.73373457816099
NH114,37.0,23.57060465206609,87.73402792030286
NH114,38.0,23.57834742282912,87.73109813967332
NH114,39.0,23.581185403662804,87.72221856462072
NH114,40.0,23.58789013416889,87.7157983464273
NH114,41.0,23.596613166875876,87.71413853464821
NH114,42.0,23.59887780910454,87.70552111371371
NH114,43.0,23.607599669939535,87.70511070122626
NH114,44.0,23.61617611950822,87.70338476917006
NH114,45.0,23.623066045117803,87.69750689521418
NH114,46.0,23.62801058809548,87.68965692912086
NH114,47.0,23.632895231948854,87.68272624317069
NH114,48.0,23.637361247124296,87.67509393844902
NH114,49.0,23.64114174687684,87.68139913524912
NH114,50.0,23.644347508083474,87.69056413515824
NH114,51.0,23.648510810391805,87.69876613073802
NH114,52.0,23.65739658090936,87.6978881679217
NH114,53.0,23.665845499482995,87.69532146414123
NH114,54.0,23.671238879449064,87.69790801088335
NH114,55.0,23.68022238576445,87.69692261842293
NH114,56.0,23.688615708331863,87.6978999361202
NH114,57.0,23.696973404375033,87.69693686660771
NH114,58.0,23.704953502376025,87.69383345618655
NH114,59.0,23.713777797065394,87.69482864214223
NH114,60.0,23.72206239723691,87.69230200456875
NH114,61.0,23.7305858473774,87.69096735521097
NH114,62.0,23.739587856759357,87.69047862688862
NH114,63.0,23.74861436430319,87.69018811722964
NH114,64.0,23.75746925112992,87.69000859062245
NH114,65.0,23.76649283185289,87.69007788982145
NH114,66.0,23.77550495687966,87.69009630447623
NH114,67.0,23.783831270696336,87.69383221111919
NH114,68.0,23.79245118236538,87.69457191699006
NH114,69.0,23.80130210161884,87.69270995577722
NH114,70.0,23.809589492046513,87.69144379727601
NH114,71.0,23.818435559401767,87.6925823729221
NH114,72.0,23.827443825973532,87.69327433248952
NH114,73.0,23.835411017132014,87.69408231838918
NH114,74.0,23.843935862597114,87.69183445203181
NH114,75.0,23.85225529481186,87.6903168601358
NH114,76.0,23.859766624661358,87.68535363139324
NH114,77.0,23.865443613842615,87.68281571805741
NH114,78.0,23.874333855017206,87.68116082099941
NH114,79.0,23.883354165288214,87.68079253177237
NH114,80.0,23.892382258216067,87.6806093685585
NH114,81.0,23.90133523925484,87.68055408132727
NH114,82.0,23.91031792070199,87.68003959833631
NH114,83.0,23.919279276639113,87.67976415007868
NH114,84.0,23.92825425237587,87.68072507605154
NH114,85.0,23.937205627775775,87.68066527378339
NH114,86.0,23.945525419386385,87.68236260998746
NH114,87.0,23.94868141756404,87.67611140679261
NH114,88.0,23.951720048406244,87.67153798526682
NH114,89.0,23.956679847513715,87.67757786658755
NH114,90.0,23.95941015826429,87.68640424624085
NH114,91.0,23.956401499865876,87.69547407795075
NH114,92.0,23.954188572647386,87.7049927593915
NH114,93.0,23.953201870454006,87.71469503341584
NH114,94.0,23.953058917105075,87.72450853672187
NH114,95.0,23.954452311194515,87.73402125734883
NH114,96.0,23.95802022419506,87.74297453170496
NH114,97.0,23.965187532389375,87.748085654871
NH114,98.0,23.972215373983335,87.7538850086741
NH114,99.0,23.978435189568568,87.75965254809515
NH114,100.0,23.98598762508935,87.7637107367706
NH114,101.0,23.994342033230822,87.76632548480411
NH114,102.0,24.003241631832523,87.76792335077566
NH114,103.0,24.012243843599748,87.76869240799708
NH114,104.0,24.021242002751173,87.76947873741858
NH114,105.0,24.030260408743665,87.76906990000415
NH114,106.0,24.039106732029055,87.76717752678788
NH114,107.0,24.047402216704647,87.76330115563697
NH114,108.0,24.055002834694005,87.75810475893687
NH114,109.0,24.061652139111988,87.75146731380676
NH114,110.0,24.0676033668527,87.74406939159779
NH114,111.0,24.072373744144762,87.73574945905301
NH114,112.0,23.264584423473718,87.83208417450454
NH114,113.0,23.26458969999999,87.8311445
NH114A;SH17,0.0,24.1760951,87.7839917
NH114A;SH17,1.0,24.175889735378536,87.77592056952176
NH114A;SH17,2.0,24.179232467126823,87.7667751369927
NH114A;SH17,3.0,24.180834143026118,87.75717965956993
NH114A;SH17,4.0,24.18215331457935,87.74744169884171
NH114A;SH17,5.0,24.18271504005485,87.73765378495432
NH114A;SH17,6.0,24.18318833682461,87.72784309554254
NH114A;SH17,7.0,24.184058966522482,87.71804477136223
NH114A;SH17,8.0,24.189029255313265,87.71099974668422
NH114A;SH17,9.0,24.197607927707626,87.70807784207899
NH114A;SH17,10.0,24.198627929622404,87.69852808883772
NH114A;SH17,11.0,24.1982298245631,87.68872777161383
NH114A;SH17,12.0,24.19604644115499,87.67918071272572
NH114A;SH17,13.0,24.175457500000004,87.7893317
NH116,0.0,22.434050799999998,87.8632721
NH116,1.0,22.43362299166448,87.85991112317917
NH116,2.0,22.42496270373764,87.85874588990731
NH116,3.0,22.41688577729942,87.86219717553871
NH116,4.0,22.409009335798892,87.86047176501854
NH116,5.0,22.40054546980905,87.85761536004685
NH116,6.0,22.391566699976146,87.85655576181192
NH116,7.0,22.38262989981191,87.85656257731961
NH116,8.0,22.37386457831104,87.85889126017051
NH116,9.0,22.365170963804587,87.86152696356173
NH116,10.0,22.356454656272135,87.86407345749238
NH116,11.0,22.347555173638565,87.8656121304645
NH116,12.0,22.33887401744007,87.86806899437613
NH116,13.0,22.33041859195872,87.87147449884628
NH116,14.0,22.321654576579757,87.87224613735934
NH116,15.0,22.312845646154052,87.8729299359969
NH116,16.0,22.30413637426277,87.8754950520693
NH116,17.0,22.295326364894308,87.87763340412855
NH116,18.0,22.28652408752073,87.87976938682013
NH116,19.0,22.279275658123733,87.88551803354646
NH116,20.0,22.271542412496657,87.89049285853544
NH116,21.0,22.26356607397967,87.89504537421404
NH116,22.0,22.255029380483823,87.89777318672483
NH116,23.0,22.24600309710207,87.89814426409018
NH116,24.0,22.237015200654188,87.89875000326755
NH116,25.0,22.228282440483802,87.90122906883981
NH116,26.0,22.2192594742369,87.90115073015473
NH116,27.0,22.210366363116396,87.90198062025195
NH116,28.0,22.202009809135884,87.90566244727378
NH116,29.0,22.19474161405419,87.91110799171909
NH116,30.0,22.188886872230587,87.91847775560892
NH116,31.0,22.194409913568016,87.91171892830894
NH116,32.0,22.201510607863927,87.90603078406888
NH116,33.0,22.209862651850994,87.90233527874634
NH116,34.0,22.21871724309005,87.90125793106482
NH116,35.0,22.22774752055545,87.90144284720225
NH116,36.0,22.23649022162126,87.8990201857379
NH116,37.0,22.24546365243496,87.89830204030395
NH116,38.0,22.25448940107131,87.89792480359992
NH116,39.0,22.263091951476362,87.89545020293981
NH116,40.0,22.271071927451516,87.89090796945914
NH116,41.0,22.278838396918996,87.88598451957232
NH116,42.0,22.286084363159794,87.88020691572518
NH116,43.0,22.294818670070782,87.87786521267061
NH116,44.0,22.303641915580055,87.8757870291704
NH116,45.0,22.312343947750236,87.87319850766315
NH116,46.0,22.32112000957995,87.87225272722922
NH116,47.0,22.329905764427274,87.87179180060946
NH116,48.0,22.338377128002175,87.86842238846181
NH116,49.0,22.34701111789585,87.86579632602833
NH116,50.0,22.355927686534333,87.86434779655978
NH116,51.0,22.3646477926323,87.86181531863677
NH116,52.0,22.37333784501307,87.85916526630622
NH116,53.0,22.38210053812161,87.85682720197701
NH116,54.0,22.391023842100306,87.85662002326411
NH116,55.0,22.40000228038346,87.85768384212794
NH116,56.0,22.408539105789348,87.86030545214903
NH116,57.0,22.41650140914908,87.86275444053672
NH116,58.0,22.42441555418993,87.85893179989091
NH116,59.0,22.18783515219727,87.92006867390238
NH116,60.0,22.18203515620164,87.92750369113979
NH116,61.0,22.176272365027888,87.93497145644986
NH116,62.0,22.169941860572735,87.94180504957497
NH116,63.0,22.16272426422567,87.94763635819083
NH116,64.0,22.155726586573856,87.95376709655723
NH116,65.0,22.150229989123694,87.96136164453195
NH116,66.0,22.14558333458806,87.96967648518815
NH116,67.0,22.141039009818723,87.97805489607497
NH116,68.0,22.136508181231807,87.98644242413432
NH116,69.0,22.130250419484934,87.9931230895733
NH116,70.0,22.122494114177822,87.99808979983322
NH116,71.0,22.116401580648592,88.00507745545347
NH116,72.0,22.111092517778413,88.01292073032467
NH116,73.0,22.105779583176425,88.02076068892057
NH116,74.0,22.100522896817804,88.02864178292309
NH116,75.0,22.094516655455323,88.03585722060416
NH116,76.0,22.0881958928704,88.04278056426878
NH116,77.0,22.081962924368142,88.04979525638822
NH116,78.0,22.07574753335841,88.05682520573183
NH116,79.0,22.06955800935704,88.06388275863299
NH116,80.0,22.066828480233298,88.07305263873052
NH116,81.0,22.06372856861223,88.08201834231403
NH116,82.0,22.055792689411568,88.08588966527327
NH116,83.0,22.04700468671419,88.08688159188766
NH116,84.0,22.054899861833682,88.08597084943005
NH116,85.0,22.063113690576206,88.08259020287548
NH116,86.0,22.066482001231247,88.07377636609162
NH116,87.0,22.068993296284027,88.06448592409242
NH116,88.0,22.075075765261293,88.05733952520407
NH116,89.0,22.081309953727473,88.05032602996079
NH116,90.0,22.08754943196705,88.04331794663061
NH116,91.0,22.093873788278103,88.03639868966316
NH116,92.0,22.09998409686901,88.02927373628037
NH116,93.0,22.10521388447279,88.0213706393257
NH116,94.0,22.110537840141703,88.01353994392231
NH116,95.0,22.11584760393928,88.0056983446026
NH116,96.0,22.121715309585177,87.9984443671949
NH116,97.0,22.129478388169307,87.99348807341181
NH116,98.0,22.13599163435525,87.98707955290178
NH116,99.0,22.140535646180865,87.97870005616421
NH116,100.0,22.145101726977988,87.97033418104448
NH116,101.0,22.14972679847365,87.96200476146225
NH116,102.0,22.15502543244104,87.95422673346438
NH116,103.0,22.162035869563624,87.94811142574372
NH116,104.0,22.169196229093643,87.94219961892267
NH116,105.0,22.175673478440068,87.93553303832141
NH116,106.0,22.18143790102014,87.92806555852287
NH116,107.0,22.187218493214864,87.9206129728187
NH116,108.0,22.1882741,87.9192273
NH116A,0.0,22.425433599999995,87.3386581
NH116A,1.0,22.428986665695696,87.34757694143562
NH116A,2.0,22.432773251100432,87.35639781700495
NH116A,3.0,22.43588051890119,87.3655054334418
NH116A,4.0,22.44209904418445,87.37253679087877
NH116A,5.0,22.44847946907237,87.3794155770082
NH116A,6.0,22.454865049676506,87.38628964064375
NH116A,7.0,22.461271168789732,87.39314169225023
NH116A,8.0,22.46768076164205,87.39998980359397
NH116A,9.0,22.474026693508034,87.40690579915564
NH116A,10.0,22.48047735722364,87.4137034281131
NH116A,11.0,22.488062890670953,87.41890755746074
NH116A,12.0,22.496274212136672,87.42295936321997
NH116A,13.0,22.504686671552175,87.42626687613927
NH116A,14.0,22.513561472100857,87.42808124148873
NH116A,15.0,22.52221609508289,87.43049382572036
NH116A,16.0,22.529550695887824,87.43616833168146
NH116A,17.0,22.5366648807912,87.44213938323615
NH116A,18.0,22.543342740772342,87.44868809718257
NH116A,19.0,22.550073783980675,87.45517171990579
NH116A,20.0,22.556777708576966,87.46168969599431
NH116A,21.0,22.563484999248665,87.46820368530408
NH116A,22.0,22.570271301291264,87.47459245668986
NH116A,23.0,22.57858927780518,87.47836865391777
NH116A,24.0,22.587009752968072,87.48186239041895
NH116A,25.0,22.59457152926502,87.47973774248204
NH116A,26.0,22.603005276185616,87.48215090841083
NH116A,27.0,22.610842050192332,87.48629637681385
NH116A,28.0,22.619703855151357,87.48809697630224
NH116A,29.0,22.628508009646648,87.49011802715401
NH116A,30.0,22.635992157576496,87.49529814951346
NH116A,31.0,22.643031061025166,87.50097270013437
NH116A,32.0,22.649732100022046,87.50660895536218
NH116A,33.0,22.658738126341756,87.507303003761
NH116A,34.0,22.667765604299333,87.50742124656347
NH116A,35.0,22.67594896042415,87.50539608891299
NH116A,36.0,22.6844552362523,87.50817032654278
NH116A,37.0,22.692940671108317,87.5111267371822
NH116A,38.0,22.701888950690318,87.51204277328097
NH116A,39.0,22.710763368420217,87.5132050152274
NH116A,40.0,22.719579590394396,87.51291123039238
NH116A,41.0,22.72813341354162,87.51123891969026
NH116A,42.0,22.73044288297059,87.514441496989
NH116A,43.0,22.71484936511763,87.61066326129938
NH116A,44.0,22.723358807819253,87.60786314042295
NH116A,45.0,22.732154537570388,87.60697666739662
NH116A,46.0,22.739888109368607,87.60251510155562
NH116A,47.0,22.7467680114247,87.59910958377809
NH116A,48.0,22.753336039586717,87.59353809175953
NH116A,49.0,22.759003946009923,87.58619620200066
NH116A,50.0,22.767419487740995,87.58390634176712
NH116A,51.0,22.77587077742922,87.58196092786555
NH116A,52.0,22.78219936259618,87.57744100101087
NH116A,53.0,22.791229962010785,87.57760880164689
NH116A,54.0,22.800246380583257,87.57799006424753
NH116A,55.0,22.80752317049008,87.58151300699889
NH116A,56.0,22.813040963614593,87.58828848513835
NH116A,57.0,22.82029347363038,87.59370659395479
NH116A,58.0,22.82580976961208,87.60121427866842
NH116A,59.0,22.82240269568337,87.6101653891757
NH116A,60.0,22.823457532027096,87.61948352218299
NH116A,61.0,22.82615654182496,87.62877792756753
NH116A,62.0,22.829295318940567,87.63782298666048
NH116A,63.0,22.83677100728673,87.64053183061549
NH116A,64.0,22.845730354753023,87.64176363147205
NH116A,65.0,22.8546436441806,87.64331017167262
NH116A,66.0,22.8628990814527,87.64711982146612
NH116A,67.0,22.87095533695809,87.65071694973516
NH116A,68.0,22.87894439610265,87.65435683551976
NH116A,69.0,22.88738196482545,87.6576666143896
NH116A,70.0,22.895330725127014,87.66083339570761
NH116A,71.0,22.894414230430666,87.67052664959864
NH116A,72.0,22.892440675269615,87.67987893704098
NH116A,73.0,22.88864852568985,87.68871447193396
NH116A,74.0,22.887523976264585,87.69792342206962
NH116A,75.0,22.88893881818963,87.70734775221256
NH116A,76.0,22.886665797703696,87.71672796396928
NH116A,77.0,22.8830763528345,87.72537058042936
NH116A,78.0,22.882292457524787,87.73507556670292
NH116A,79.0,22.88127098130819,87.7447604302888
NH116A,80.0,22.881802476241948,87.75441418722853
NH116A,81.0,22.88293924239589,87.76391582757954
NH116A,82.0,22.88450436911975,87.77315938225482
NH116A,83.0,22.889042326048347,87.77746968691964
NH116A,84.0,22.893308334770172,87.77775072724732
NH116A,85.0,22.901779716235165,87.77447156602311
NH116A,86.0,22.91024597901665,87.77121317177408
NH116A,87.0,22.9185452451351,87.77498040347525
NH116A,88.0,22.92703756178815,87.77750547082947
NH116A,89.0,22.935552817869826,87.77482288392684
NH116A,90.0,22.944370439571877,87.77582799694125
NH116A,91.0,22.95329567096019,87.77537725717761
NH116A,92.0,22.962287591277928,87.77624253224286
NH116A,93.0,22.971270840341575,87.77725553366841
NH116A,94.0,22.980112962395506,87.77915941537779
NH116A,95.0,22.988990828684386,87.77743364428144
NH116A,96.0,22.997939818104754,87.77612175805403
NH116A,97.0,23.006645942896046,87.77368990115686
NH116A,98.0,23.015464310012987,87.77215930219495
NH116A,99.0,23.024414004172844,87.77332588162439
NH116A,100.0,23.032206332121305,87.77789895718912
NH116A,101.0,23.039887126143046,87.78283473609292
NH116A,102.0,23.04851313776671,87.78573019151995
NH116A,103.0,23.05723853141519,87.78823860480375
NH116A,104.0,23.06593209763217,87.79081149860046
NH116A,105.0,23.074455437747513,87.7938417407439
NH116A,106.0,23.083331034970115,87.79565148672378
NH116A,107.0,23.092117105879865,87.79790264742955
NH116A,108.0,23.100882196142344,87.80025855234521
NH116A,109.0,23.109665130108635,87.80248564182708
NH116A,110.0,23.117542517496325,87.8071109462441
NH116A,111.0,23.12651172642034,87.80825429229739
NH116A,112.0,23.135282980264797,87.81056641796528
NH116A,113.0,23.144173982381318,87.81228107579902
NH116A,114.0,23.15279780322047,87.8148981706033
NH116A,115.0,23.16097677851121,87.8188051127582
NH116A,116.0,23.169105341224924,87.8229692152273
NH116A,117.0,23.177467479625125,87.82665715120005
NH116A,118.0,23.185833330576838,87.83033883485291
NH116A,119.0,23.192759749210666,87.83646556465436
NH116A,120.0,23.199939878714133,87.84231879625935
NH116A,121.0,23.207910877513246,87.84686737135459
NH116A,122.0,23.216244317187716,87.85062647440962
NH116A,123.0,23.223930388639094,87.8554800293102
NH116A,124.0,23.2315040085291,87.86035586649936
NH116A,125.0,23.235163240967417,87.86585968205208
NH116A,126.0,23.243723765879786,87.8688906920044
NH116A,127.0,23.24293962039537,87.86854441810323
NH116A,128.0,23.251407024827195,87.86923825091961
NH116A,129.0,23.25211930532372,87.87028612453645
NH116A,130.0,23.2597145012789,87.87273825667293
NH116A,131.0,23.268466603442175,87.87487919818095
NH116A,132.0,23.277235046304515,87.8771867181499
NH116A,133.0,23.2861129951225,87.87868354789218
NH116A,134.0,23.294798627597043,87.88041689313789
NH116A,135.0,23.303189262153435,87.88392474926515
NH116A,136.0,23.311965834860906,87.88619540566204
NH116A,137.0,23.32066611054352,87.88512067564795
NH116A,138.0,23.329650319151156,87.88509409583665
NH116A,139.0,23.338175292110368,87.88792791578514
NH116A,140.0,23.34626994230713,87.89203215688393
NH116A,141.0,23.35523187855879,87.89247774911976
NH116A,142.0,23.363161187684078,87.8952413901944
NH116A,143.0,23.371408261248995,87.89862121982485
NH116A,144.0,23.379978449636354,87.8955363432466
NH116A,145.0,23.3886106970194,87.89491531463105
NH116A,146.0,23.39745929585039,87.89672479079482
NH116A,147.0,23.406391196458067,87.89783670603826
NH116A,148.0,23.415333983402828,87.89916481387493
NH116A,149.0,23.42417442800667,87.90116040015921
NH116A,150.0,23.433034819843222,87.90286385129932
NH116A,151.0,23.441758083759147,87.9052466237197
NH116A,152.0,23.450728413820634,87.90527645964913
NH116A,153.0,23.45974027451536,87.90493777215191
NH116A,154.0,23.46855133881953,87.90459329392205
NH116A,155.0,23.47757823385342,87.90490331560613
NH116A,156.0,23.48660869219844,87.90475273433366
NH116A,157.0,23.49562770067142,87.90432019043772
NH116A,158.0,23.504657080277152,87.90415579636051
NH116A,159.0,23.513688686509706,87.90417061163733
NH116A,160.0,23.52271588136931,87.90435085346425
NH116A,161.0,23.531364921695527,87.90660845627252
NH116A,162.0,23.53746431432595,87.91225274266384
NH116A,163.0,23.545714306230394,87.90899297065718
NH116A,164.0,23.551628276246134,87.90316612900033
NH116A,165.0,23.559787191428388,87.90736759311811
NH116A,166.0,23.567336481594857,87.91187293517476
NH116A,167.0,23.574881176885096,87.9166910276498
NH116A,168.0,23.583238333771497,87.91924017826558
NH116A,169.0,23.59218779680778,87.92055291704932
NH116A,170.0,23.601069639024097,87.92230406553976
NH116A,171.0,23.609865860353963,87.92452134561782
NH116A,172.0,23.618634267997063,87.92679279067171
NH116A,173.0,23.627435855449104,87.92896008945125
NH116A,174.0,23.63622900734741,87.93113647633928
NH116A,175.0,23.645120530941643,87.93278452215978
NH116A,176.0,23.65414280104957,87.93314721195112
NH116A,177.0,23.663158784517314,87.93371992908511
NH116A,178.0,23.672164205759074,87.9344319368874
NH116A,179.0,23.681177300049995,87.93498257674962
NH116A,180.0,23.690185115236076,87.93557395210769
NH116A,181.0,23.699124735795287,87.93692518062514
NH116A,182.0,23.708027199739583,87.93855861238947
NH116A,183.0,23.71696696120013,87.9398610769866
NH116A,184.0,23.725872691604813,87.94143343556054
NH116A,185.0,23.734646328544734,87.94376010204614
NH116A,186.0,23.743371560024425,87.94627815124366
NH116A,187.0,23.752089016205616,87.94880179040301
NH116A,188.0,23.76079743729086,87.95136962911326
NH116A,189.0,23.769658452581748,87.9532234588421
NH116A,190.0,23.778518244057018,87.95507088440068
NH116A,191.0,23.78745216634546,87.95649305175617
NH116A,192.0,23.796378350793713,87.95794633252429
NH116A,193.0,23.805327002279046,87.9592498579388
NH116A,194.0,23.814282985429248,87.96051082537724
NH116A,195.0,23.823157375356402,87.96218618388299
NH116A,196.0,23.829841234487724,87.96732682385624
NH116A,197.0,23.83796860865965,87.96929636748935
NH116A,198.0,23.845533206224406,87.96459133084483
NH116A,199.0,23.853971413864556,87.96173087772353
NH116A,200.0,23.857342643362113,87.9526574121375
NH116A,201.0,23.860581683584808,87.9434955469757
NH116A,202.0,23.868303297497437,87.93928004974067
NH116A,203.0,23.876965648481686,87.94134428299185
NH116A,204.0,23.88591211821317,87.94265721655502
NH116A,205.0,23.893580312397393,87.94677712008456
NH116A,206.0,23.899432686109296,87.9536843124422
NH116A,207.0,23.90838681957168,87.95413175922143
NH116A,208.0,23.91578041658097,87.95052824327703
NH116A,209.0,23.92473598805857,87.95025958064747
NH116A,210.0,23.933483343325022,87.95250223720157
NH116A,211.0,23.942107363282506,87.955195560035
NH116A,212.0,23.950732550445977,87.95809357006928
NH116A,213.0,23.95942590021648,87.96073529698239
NH116A,214.0,23.968241486943715,87.96286787864211
NH116A,215.0,23.977049895538997,87.9647327913122
NH116A,216.0,23.98593440095104,87.96647717442268
NH116A,217.0,23.994783960393068,87.96814674233843
NH116A,218.0,24.00342300221814,87.97094316906612
NH116A,219.0,24.012306810480098,87.97260340754364
NH116A,220.0,24.02113415477868,87.97463858267948
NH116A,221.0,24.030027841234027,87.97634649035949
NH116A,222.0,24.038924147657003,87.9780390377533
NH116A,223.0,24.04783468032256,87.97963303561582
NH116A,224.0,24.05683076673375,87.980464019753
NH116A,225.0,24.065799691019446,87.9816111862417
NH116A,226.0,24.07473823044031,87.98301559195978
NH116A,227.0,24.083543691564607,87.98516287183288
NH116A,228.0,24.09216564659933,87.98803702898833
NH116A,229.0,24.100657110659153,87.99137728043746
NH116A,230.0,24.10902279459489,87.99507277609135
NH116A,231.0,24.117138864878118,87.99938188884181
NH116A,232.0,24.12505320313134,88.00411838039662
NH116A,233.0,24.133224712112902,88.00827865419838
NH116A,234.0,24.141360199303097,88.01253367211461
NH116A,235.0,24.149857664714983,88.01525322699707
NH116A,236.0,24.158453205170936,88.01796420274925
NH116A,237.0,24.167349585180872,88.01763522187181
NH116A,238.0,24.176219229788668,88.01775877363748
NH116A,239.0,24.185187501755724,88.01793350767889
NH116A,240.0,24.193159323714184,88.0139531764594
NH116A,241.0,24.202129971722204,88.01388900624171
NH116A,242.0,24.208237287994677,88.00748054069803
NH116A,243.0,24.21723537140701,88.00826959204072
NH116A,244.0,24.226253627099577,88.0087032868908
NH116A,245.0,24.235094237207065,88.01038556842448
NH116A,246.0,24.244006481341245,88.00961460729802
NH116A,247.0,24.25281605782486,88.0074848958049
NH116A,248.0,24.261627576490316,88.0053872065346
NH116A,249.0,24.27063607689703,88.00511900577678
NH116A,250.0,24.279529966766553,88.00680567321368
NH116A,251.0,24.288179201570102,88.00963433984276
NH116A,252.0,22.7136813,87.610692
NH116B,0.0,21.622568299999998,87.5021591
NH116B,1.0,21.630273084453716,87.50496844373362
NH116B,2.0,21.632294581651646,87.51370968500778
NH116B,3.0,21.631833238378142,87.52277252165
NH116B,4.0,21.79278653007482,87.74896193084385
NH116B,5.0,21.801773469123404,87.74976042067168
NH116B,6.0,21.8107416879426,87.75015832369063
NH116B,7.0,21.8195627466413,87.7484575471183
NH116B,8.0,21.82849842082625,87.74981412454039
NH116B,9.0,21.837496607783336,87.75063511793019
NH116B,10.0,21.84628640875866,87.75286152468205
NH116B,11.0,21.85508214189289,87.75506905087296
NH116B,12.0,21.863985324833095,87.75660545048534
NH116B,13.0,21.87296028395523,87.75742606680728
NH116B,14.0,21.88186793199853,87.75899393438478
NH116B,15.0,21.89048732347325,87.7612496467982
NH116B,16.0,21.898127186630322,87.76639903356907
NH116B,17.0,21.905446428330677,87.77189386323971
NH116B,18.0,21.906980793340082,87.78138182607691
NH116B,19.0,21.912697242821025,87.786675493742
NH116B,20.0,21.92161515212219,87.78513928720723
NH116B,21.0,21.92960532042463,87.78254095364147
NH116B,22.0,21.934890104105047,87.78057250783318
NH116B,23.0,21.940435188449438,87.7881986580499
NH116B,24.0,21.948224608883418,87.79307402104638
NH116B,25.0,21.95583830117631,87.79828301371604
NH116B,26.0,21.96397473378458,87.80229846948284
NH116B,27.0,21.972697692201134,87.80479649704235
NH116B,28.0,21.981470037119916,87.80710259654691
NH116B,29.0,21.990185016463506,87.80965189654123
NH116B,30.0,21.998999856951876,87.81172849309344
NH116B,31.0,22.007077401189683,87.81558131406054
NH116B,32.0,22.01580453209055,87.8180797561847
NH116B,33.0,22.024059882292732,87.82187007006402
NH116B,34.0,22.024264036841043,87.82188199580087
NH116B,35.0,22.026659225129325,87.8236784010476
NH116B,36.0,22.03389980482707,87.82942619995907
NH116B,37.0,22.041396384329527,87.83483265827996
NH116B,38.0,22.048480284933433,87.84081243705808
NH116B,39.0,22.055596277534974,87.84677724255317
NH116B,40.0,22.063889036890732,87.84981349381353
NH116B,41.0,22.072815059818726,87.85128212840785
NH116B,42.0,22.081598125112663,87.85343057127719
NH116B,43.0,22.089971299741105,87.85705771879185
NH116B,44.0,22.097665886674335,87.86206456518622
NH116B,45.0,22.105055997026188,87.86763936040651
NH116B,46.0,22.112410493045072,87.87326779933504
NH116B,47.0,22.119871049826195,87.87873186963228
NH116B,48.0,22.1277743451954,87.88338751127075
NH116B,49.0,22.134004695486986,87.88966916890895
NH116B,50.0,22.141482580980455,87.89493029999727
NH116B,51.0,22.149795089205355,87.89822505986974
NH116B,52.0,22.15786787434596,87.90257612898826
NH116B,53.0,22.165954834258443,87.90689663410932
NH116B,54.0,22.17401140332858,87.91128286958036
NH116B,55.0,22.182106376539423,87.91558746991491
NH116B,56.0,22.187541399999997,87.9184773
NH116B;SH4,0.0,21.62173852207401,87.48485016739495
NH116B;SH4,1.0,21.62220425176814,87.49449896787226
NH116B;SH4,2.0,21.635306732114724,87.52540959180149
NH116B;SH4,3.0,21.643158319159863,87.53016636021883
NH116B;SH4,4.0,21.650867823544008,87.53518954764594
NH116B;SH4,5.0,21.659078845973998,87.53918648386909
NH116B;SH4,6.0,21.666929612847937,87.54347132095661
NH116B;SH4,7.0,21.673867809307968,87.54910287230675
NH116B;SH4,8.0,21.674604386196712,87.55869936292986
NH116B;SH4,9.0,21.67832989708945,87.56543237164533
NH116B;SH4,10.0,21.678482538662408,87.57505458175714
NH116B;SH4,11.0,21.67753088642494,87.58454852158347
NH116B;SH4,12.0,21.67777463013039,87.59413170932147
NH116B;SH4,13.0,21.678677632749167,87.60372845600114
NH116B;SH4,14.0,21.681234674414785,87.61293567872812
NH116B;SH4,15.0,21.68295003914762,87.6223963705441
NH116B;SH4,16.0,21.686616531341418,87.63003569991201
NH116B;SH4,17.0,21.694702664345627,87.63428260161099
NH116B;SH4,18.0,21.70030292073044,87.64077681004436
NH116B;SH4,19.0,21.70393061473465,87.64958923246645
NH116B;SH4,20.0,21.709945426753034,87.65575500038541
NH116B;SH4,21.0,21.71691520073185,87.66178080881552
NH116B;SH4,22.0,21.72486458200516,87.66583995463276
NH116B;SH4,23.0,21.729062058704432,87.67434145560426
NH116B;SH4,24.0,21.73368096909266,87.68265000188815
NH116B;SH4,25.0,21.738593615117832,87.69076428522466
NH116B;SH4,26.0,21.743690119622258,87.69874412015524
NH116B;SH4,27.0,21.749243307119567,87.70637119611995
NH116B;SH4,28.0,21.754316357641546,87.71435626752769
NH116B;SH4,29.0,21.7596205878147,87.72217995868488
NH116B;SH4,30.0,21.76525551827454,87.72973754504488
NH116B;SH4,31.0,21.769874295655438,87.7379212315186
NH116B;SH4,32.0,21.774941587548536,87.73405430829195
NH116B;SH4,33.0,21.7836328582994,87.7362550502295
NH116B;SH4,34.0,21.78781339709686,87.74404794199683
NH116B;SH4,35.0,21.7868011,87.7484883
NH117,0.0,22.6018707,88.26074080000001
NH117,1.0,22.5404631488922,88.33504051945648
NH117,2.0,22.540797800000004,88.3406801
NH12,0.0,25.861399099999996,87.912142
NH12,1.0,25.864702936011586,87.9028950209757
NH12,2.0,25.86643356779633,87.89319315052788
NH12,3.0,25.86817728612958,87.88366704728479
NH12,4.0,25.87054493916284,87.87409744881086
NH12,5.0,25.877621602144576,87.86834735845638
NH12,6.0,25.879304337627072,87.8585675587422
NH12,7.0,25.880644625401683,87.84869788056555
NH12,8.0,25.87940504413318,87.83902711544357
NH12,9.0,25.88193340402804,87.83056620188557
NH12,10.0,25.88815028013053,87.82337820371713
NH12,11.0,25.88200013725722,87.8306818797328
NH12,12.0,25.879561212695993,87.83919748266986
NH12,13.0,25.880744301310045,87.8488615420668
NH12,14.0,25.879387988985712,87.85872908565021
NH12,15.0,25.877649075542237,87.8684834348895
NH12,16.0,25.870627165350204,87.8743120233904
NH12,17.0,25.868263243239348,87.88387630335384
NH12,18.0,25.866643849661013,87.89341729599663
NH12,19.0,25.8648226552004,87.90307942826733
NH12,20.0,25.86144381076542,87.91227617069204
NH12,21.0,25.85921122002713,87.91819343352375
NH12,22.0,25.851185406321367,87.92061897964324
NH12,23.0,25.84272337201658,87.91822740779305
NH12,24.0,25.833957235033942,87.91778847497446
NH12,25.0,25.826628008987555,87.91201126076909
NH12,26.0,25.820724230922202,87.909891480342
NH12,27.0,25.829055803728288,87.91337896564525
NH12,28.0,25.83652940628015,87.91855468987312
NH12,29.0,25.845534019647943,87.91785599581594
NH12,30.0,25.853909203695093,87.92117982849032
NH12,31.0,25.8603914510227,87.91515754548787
NH12,32.0,25.807410906374464,87.91064728806342
NH12,33.0,25.80121869505885,87.91758171677769
NH12,34.0,25.794834305014525,87.92419153704427
NH12,35.0,25.78728537259831,87.9294418271846
NH12,36.0,25.781488058518466,87.93699573737094
NH12,37.0,25.77530488000283,87.94423761583938
NH12,38.0,25.768494370409307,87.95078388926034
NH12,39.0,25.761696408321097,87.95734478119569
NH12,40.0,25.75532133724856,87.96437413780176
NH12,41.0,25.749028986501678,87.97148131220408
NH12,42.0,25.7433800012717,87.97906160626917
NH12,43.0,25.736550536868517,87.9854418317873
NH12,44.0,25.731304232683488,87.99355338975046
NH12,45.0,25.726385199488853,88.001905961108
NH12,46.0,25.72201399384472,88.01062556503759
NH12,47.0,25.717292857821054,88.01912053233686
NH12,48.0,25.71197640059496,88.02715992740515
NH12,49.0,25.708966848704087,88.03618440278701
NH12,50.0,25.711090951789767,88.02860961537002
NH12,51.0,25.71650945000715,88.02065220034237
NH12,52.0,25.721339349416876,88.0122308093908
NH12,53.0,25.725659065909404,88.00347994273633
NH12,54.0,25.730476159256707,87.99505466582742
NH12,55.0,25.735742785627483,87.98695919397711
NH12,56.0,25.742176194260132,87.98016831469944
NH12,57.0,25.747940402353112,87.9727710415201
NH12,58.0,25.75438961859373,87.96582288106562
NH12,59.0,25.76056491006182,87.95858673394034
NH12,60.0,25.767372140713277,87.95203735134503
NH12,61.0,25.774210236562794,87.94552549740337
NH12,62.0,25.780472596074862,87.938367848691
NH12,63.0,25.786106553204643,87.93062208932827
NH12,64.0,25.793442575043333,87.92499728973712
NH12,65.0,25.800530991047612,87.91927144661327
NH12,66.0,25.806074747688065,87.91155048141583
NH12,67.0,25.814772916991384,87.90936652739492
NH12,68.0,25.70747614298432,88.04043148672295
NH12,69.0,25.70446666901212,88.04972286834145
NH12,70.0,25.696276112510844,88.05255890476873
NH12,71.0,25.691392373654697,88.06093232607353
NH12,72.0,25.684630081478854,88.06739279545178
NH12,73.0,25.678914990747387,88.07482547298028
NH12,74.0,25.6711928773616,88.07998741595004
NH12,75.0,25.663468806408535,88.08513978832572
NH12,76.0,25.655589121283825,88.08998516652056
NH12,77.0,25.659367232032903,88.08774688374677
NH12,78.0,25.667241787538973,88.08289497695893
NH12,79.0,25.67491034595253,88.07763772820557
NH12,80.0,25.682169935997873,88.07190821565858
NH12,81.0,25.688297870581962,88.0649526028778
NH12,82.0,25.69386312554102,88.05713657936785
NH12,83.0,25.70020833366528,88.05097190733723
NH12,84.0,25.705814815785345,88.04533064869146
NH12,85.0,25.657537465397667,88.08878537310582
NH12,86.0,25.64919726802975,88.09206663092795
NH12,87.0,25.640845355926164,88.09531007088475
NH12,88.0,25.632633356034326,88.09941459713647
NH12,89.0,25.624122588198087,88.10176892591421
NH12,90.0,25.615195801208813,88.10027670226619
NH12,91.0,25.606311649421617,88.0986039473896
NH12,92.0,25.597453596341314,88.09699108622142
NH12,93.0,25.589106207247962,88.09970247365305
NH12,94.0,25.58266591230503,88.10667071561802
NH12,95.0,25.57655151980642,88.1138952186851
NH12,96.0,25.57696875227266,88.12382140984097
NH12,97.0,25.57306373190674,88.13137079483782
NH12,98.0,25.564963277016332,88.13575384578527
NH12,99.0,25.55743913006506,88.14120378685058
NH12,100.0,25.55027281868573,88.14725496336644
NH12,101.0,25.541377963354375,88.14863867207116
NH12,102.0,25.53261783323031,88.15077243923389
NH12,103.0,25.525521099174313,88.15671861944188
NH12,104.0,25.517553272586188,88.16139813171344
NH12,105.0,25.509246595513606,88.1652757285391
NH12,106.0,25.500877055814687,88.16900748681402
NH12,107.0,25.493111894349823,88.17405691682256
NH12,108.0,25.484895802461576,88.17642605426892
NH12,109.0,25.476065745147853,88.17440576465552
NH12,110.0,25.46710779860353,88.17316892807949
NH12,111.0,25.45812517679119,88.17337942241976
NH12,112.0,25.449837860036396,88.17634297485425
NH12,113.0,25.440841928169664,88.17671901752564
NH12,114.0,25.431814243331136,88.1765558682919
NH12,115.0,25.423034343116186,88.17475031906851
NH12,116.0,25.414193105692156,88.17274398676004
NH12,117.0,25.405364182800447,88.17066961232774
NH12,118.0,25.397022241142462,88.1669120428812
NH12,119.0,25.388628051141154,88.16325377595128
NH12,120.0,25.379674689738486,88.16208144884347
NH12,121.0,25.37065438842174,88.16167454897685
NH12,122.0,25.361626727890176,88.16178865106897
NH12,123.0,25.352600682104814,88.1616691487144
NH12,124.0,25.343591718368213,88.16207143590029
NH12,125.0,25.334596963381326,88.16291307415413
NH12,126.0,25.32559155424214,88.16360432073239
NH12,127.0,25.316588046818985,88.16367347841509
NH12,128.0,25.307673132658493,88.16216039737728
NH12,129.0,25.298751443201716,88.16097186995927
NH12,130.0,25.289768085975766,88.16197071212049
NH12,131.0,25.28080168288,88.16311630938901
NH12,132.0,25.271834273979234,88.16427344726337
NH12,133.0,25.262851568146647,88.1652727098038
NH12,134.0,25.253861343036032,88.16577384266844
NH12,135.0,25.245246471167984,88.16832738873383
NH12,136.0,25.236944807686715,88.17222919394746
NH12,137.0,25.228616393963815,88.17605983166287
NH12,138.0,25.220305010831023,88.17993414687011
NH12,139.0,25.212039872218874,88.18392481605653
NH12,140.0,25.20369084367436,88.18721256202318
NH12,141.0,25.195801947618396,88.1824010636859
NH12,142.0,25.187395620330626,88.17893688977404
NH12,143.0,25.178682921009333,88.17633258478682
NH12,144.0,25.169967584824878,88.17374015474846
NH12,145.0,25.161471050308634,88.17048837427647
NH12,146.0,25.153353633762585,88.16614405441352
NH12,147.0,25.145194397104163,88.16189567665846
NH12,148.0,25.137052251716963,88.15760814594424
NH12,149.0,25.128913042416396,88.15331405754014
NH12,150.0,25.12072219978909,88.14914002833602
NH12,151.0,25.11254796837561,88.14493164728424
NH12,152.0,25.10432333075862,88.14083925262109
NH12,153.0,25.096112889371277,88.13671737449476
NH12,154.0,25.08748081731589,88.13873901831553
NH12,155.0,25.07907918126479,88.14237153022822
NH12,156.0,25.070664086867353,88.14596216434097
NH12,157.0,25.06222458661946,88.14948390959006
NH12,158.0,25.053724186017888,88.15282484090615
NH12,159.0,25.045277880036444,88.15631717664311
NH12,160.0,25.03680689579837,88.15969332271699
NH12,161.0,25.027933834153426,88.16088445380475
NH12,162.0,25.020167501310937,88.16593891559832
NH12,163.0,25.01182720621615,88.1692680535339
NH12,164.0,25.00357584919588,88.16563289701111
NH12,165.0,24.994623350499946,88.16440636243739
NH12,166.0,24.986517267288963,88.16103342700968
NH12,167.0,24.98498448150644,88.15150507595122
NH12,168.0,24.980200871007643,88.14323598475342
NH12,169.0,24.97407647880631,88.13601121028404
NH12,170.0,24.966864992370645,88.13036292738367
NH12,171.0,24.961342500199812,88.12309622528237
NH12,172.0,24.953226050803607,88.11920665097568
NH12,173.0,24.947468883789142,88.11185530040389
NH12,174.0,24.939488476660532,88.10924507906607
NH12,175.0,24.93222144651261,88.10400897322135
NH12,176.0,24.925033048797744,88.09898740840505
NH12,177.0,24.918932782704932,88.09191866809083
NH12,178.0,24.911199354907705,88.0868194502559
NH12,179.0,24.903523228791233,88.08161641514549
NH12,180.0,24.896248567817768,88.07596072607375
NH12,181.0,24.89300076290405,88.06673685328532
NH12,182.0,24.889763564845747,88.05749593120383
NH12,183.0,24.88636701676989,88.04832887187011
NH12,184.0,24.88031915562585,88.04099112125336
NH12,185.0,24.874138770889452,88.0337808927304
NH12,186.0,24.868011233534023,88.0265138228237
NH12,187.0,24.861914825516443,88.01921399269551
NH12,188.0,24.85827855670535,88.01037530384133
NH12,189.0,24.855213404169266,88.00106885585747
NH12,190.0,24.85077677396738,87.99249799933176
NH12,191.0,24.844995104030573,87.98511414903756
NH12,192.0,24.837711392301774,87.97926527817535
NH12,193.0,24.830501906356055,87.97330714413846
NH12,194.0,24.82323678790316,87.96743530217078
NH12,195.0,24.815966220644405,87.96156832218553
NH12,196.0,24.809919697818543,87.95440706987564
NH12,197.0,24.808194454999903,87.94475603827966
NH12,198.0,24.80530196348151,87.93539019772415
NH12,199.0,24.80235374254518,87.9260391821803
NH12,200.0,24.79780183961369,87.91787785508023
NH12,201.0,24.789061247692256,87.91544001555754
NH12,202.0,24.78031770138268,87.91654327668581
NH12,203.0,24.771802539233903,87.91351073971936
NH12,204.0,24.763013868464228,87.91251653867222
NH12,205.0,24.754008343626204,87.91324638760314
NH12,206.0,24.7449885930264,87.91372172079149
NH12,207.0,24.735981969056642,87.9144305778773
NH12,208.0,24.72698709256588,87.91526941088256
NH12,209.0,24.718015830840802,87.91636548998247
NH12,210.0,24.709046078222386,87.91748955347305
NH12,211.0,24.70059701327597,87.92034873161134
NH12,212.0,24.691985666602847,87.92243644338768
NH12,213.0,24.682998974376424,87.92319309648757
NH12,214.0,24.675484923290554,87.92860133174915
NH12,215.0,24.668105006178877,87.93429329101713
NH12,216.0,24.66193983192916,87.9411792319754
NH12,217.0,24.65335399812317,87.94423767411155
NH12,218.0,24.64626656927489,87.95016439534665
NH12,219.0,24.640148760818402,87.95743033363698
NH12,220.0,24.637355770683122,87.96668730412598
NH12,221.0,24.635544826035517,87.97636637044813
NH12,222.0,24.633712810968674,87.98603890359665
NH12,223.0,24.627503055696515,87.99281711845641
NH12,224.0,24.619796265087373,87.99796585801059
NH12,225.0,24.612078685444345,88.00309500668533
NH12,226.0,24.604359522246497,88.00822073032059
NH12,227.0,24.597121776079995,88.01406275231135
NH12,228.0,24.58887027499732,88.0171917735842
NH12,229.0,24.579876780925453,88.01808103793266
NH12,230.0,24.57088211445544,88.01895684180376
NH12,231.0,24.561898169648863,88.01992751496235
NH12,232.0,24.553364769773687,88.02250491119948
NH12,233.0,24.548105817297614,88.03051247170107
NH12,234.0,24.541136906379982,88.03334575467623
NH12,235.0,24.533924253279835,88.028024223369
NH12,236.0,24.52825104522101,88.0349952805461
NH12,237.0,24.52003235158253,88.0366666726008
NH12,238.0,24.51137599424904,88.03385842598021
NH12,239.0,24.503417376380394,88.02935149956483
NH12,240.0,24.49477177239575,88.03201363826523
NH12,241.0,24.48621210008748,88.03515555116658
NH12,242.0,24.477859350614423,88.0329823809509
NH12,243.0,24.469119586767096,88.03536278633224
NH12,244.0,24.46020071477603,88.03690737384217
NH12,245.0,24.45120860073748,88.03735956663121
NH12,246.0,24.442224673643253,88.03636677980934
NH12,247.0,24.43323434550629,88.03543790773043
NH12,248.0,24.424243456225803,88.03451718836868
NH12,249.0,24.41525131013131,88.03360947305923
NH12,250.0,24.406377161727168,88.03485394569073
NH12,251.0,24.397587916474016,88.03711778777259
NH12,252.0,24.388804209757456,88.03940690666842
NH12,253.0,24.380017294151287,88.04168178296162
NH12,254.0,24.371276206496564,88.04081589717153
NH12,255.0,24.362710433379732,88.03769759133053
NH12,256.0,24.35419560235696,88.03441620463029
NH12,257.0,24.345486910546843,88.03182742952677
NH12,258.0,24.33669838798399,88.02957198741241
NH12,259.0,24.328010255863063,88.0269013290855
NH12,260.0,24.319435584142393,88.02593698839307
NH12,261.0,24.31072265476377,88.02852739054107
NH12,262.0,24.302006927143704,88.03109567493118
NH12,263.0,24.294940192895176,88.03687696447385
NH12,264.0,24.28837325596737,88.04363713538037
NH12,265.0,24.282337288798054,88.05093802956057
NH12,266.0,24.27581436698258,88.0576446585677
NH12,267.0,24.26861040617106,88.06357885192593
NH12,268.0,24.26140583488505,88.0695175407575
NH12,269.0,24.254127638618375,88.07534797401482
NH12,270.0,24.247404217197758,88.08191102846324
NH12,271.0,24.240679080559,88.08848406552805
NH12,272.0,24.23399758305654,88.09510898413988
NH12,273.0,24.227364508789528,88.10179151260411
NH12,274.0,24.220723957170154,88.10846471778811
NH12,275.0,24.214151169393716,88.11521672952387
NH12,276.0,24.20772822026622,88.122129428581
NH12,277.0,24.201405680935483,88.1291581306446
NH12,278.0,24.195221832625403,88.13633243295531
NH12,279.0,24.189070861253416,88.14353943834192
NH12,280.0,24.182874706529812,88.15069953225539
NH12,281.0,24.176542714810935,88.15771779396827
NH12,282.0,24.170336106706706,88.16486756440108
NH12,283.0,24.163978536701006,88.1718563886099
NH12,284.0,24.157631527759005,88.17885416649497
NH12,285.0,24.151133779269337,88.1856875657713
NH12,286.0,24.144832167980997,88.19273377526763
NH12,287.0,24.138522019274273,88.19977321961557
NH12,288.0,24.132738448224792,88.2073208184285
NH12,289.0,24.127119268792754,88.21502302194189
NH12,290.0,24.11955799327159,88.2187484331994
NH12,291.0,24.11086948823607,88.21607256148994
NH12,292.0,24.102196456885775,88.21334219903083
NH12,293.0,24.093381563155422,88.21272987838995
NH12,294.0,24.084811703244483,88.2158108632647
NH12,295.0,24.07715179760686,88.22089558022512
NH12,296.0,24.070252603865825,88.2272417180348
NH12,297.0,24.063294380322276,88.2334984237807
NH12,298.0,24.060208910748056,88.24252083614077
NH12,299.0,24.054094321565085,88.24939878696318
NH12,300.0,24.045491340935236,88.2474594041882
NH12,301.0,24.036461250640592,88.24743663166068
NH12,302.0,24.027605858994846,88.24696649725433
NH12,303.0,24.018675478203726,88.24841215108918
NH12,304.0,24.009950426418406,88.24652848705726
NH12,305.0,24.001203878711557,88.24409117081107
NH12,306.0,24.007691349701123,88.24605519007783
NH12,307.0,24.01636734560664,88.24872787761592
NH12,308.0,24.025306779056937,88.24747121154401
NH12,309.0,24.034180124823926,88.24710241790137
NH12,310.0,24.043164691888816,88.2475784458371
NH12,311.0,24.051780705207946,88.24958542534122
NH12,312.0,24.05916546370432,88.24496303458868
NH12,313.0,24.06193949794419,88.23574893138034
NH12,314.0,24.06851610806957,88.22910651522693
NH12,315.0,24.07539311603197,88.22273377516498
NH12,316.0,24.08266228231851,88.21694324465372
NH12,317.0,24.0911342564356,88.21355936161126
NH12,318.0,24.09997808949655,88.21272416134173
NH12,319.0,24.10863938281521,88.2154953360847
NH12,320.0,24.117322205237112,88.21819727333911
NH12,321.0,24.12566897518028,88.21719848673274
NH12,322.0,24.131298430110583,88.20950665717538
NH12,323.0,24.136918979571025,88.2018059275121
NH12,324.0,24.143199850922922,88.19473623633066
NH12,325.0,24.149526240447134,88.18771410273028
NH12,326.0,24.15595477529865,88.18080672493156
NH12,327.0,24.162322785076178,88.17382924936025
NH12,328.0,24.16875362774239,88.16692041889267
NH12,329.0,24.174943764306978,88.1597539048554
NH12,330.0,24.181255347301942,88.15271422541227
NH12,331.0,24.187472609345964,88.14557524170864
NH12,332.0,24.19364485874227,88.13838947575569
NH12,333.0,24.199795376039027,88.13118157108657
NH12,334.0,24.206083093699764,88.12411576960557
NH12,335.0,24.212421369576628,88.11710973505218
NH12,336.0,24.218997567753416,88.11036203858302
NH12,337.0,24.225648141361084,88.1037013816016
NH12,338.0,24.232258408087926,88.09699207130902
NH12,339.0,24.238924197745526,88.09034813254826
NH12,340.0,24.245661611160546,88.08379061573771
NH12,341.0,24.25232601509747,88.07714577552875
NH12,342.0,24.259524131457592,88.07121236845012
NH12,343.0,24.266733793870294,88.06528062941616
NH12,344.0,24.273949807629112,88.0593628614381
NH12,345.0,24.28089802468869,88.0531235083189
NH12,346.0,24.286683705007036,88.04557503752679
NH12,347.0,24.293216476012798,88.0387734777897
NH12,348.0,24.299767067130553,88.03202250569218
NH12,349.0,24.308421557038248,88.02922958967207
NH12,350.0,24.317154874833623,88.02673182368487
NH12,351.0,24.325824872355557,88.02605505641323
NH12,352.0,24.33440942263876,88.02907426952986
NH12,353.0,24.343200442173725,88.03130689173088
NH12,354.0,24.351945441742476,88.03376225989554
NH12,355.0,24.36049400767281,88.03693152267304
NH12,356.0,24.36904001392939,88.04010910590931
NH12,357.0,24.377713899958536,88.04241786363527
NH12,358.0,24.38649626335244,88.04012209658143
NH12,359.0,24.395279543749954,88.03783029884926
NH12,360.0,24.40407133273521,88.03557762027896
NH12,361.0,24.412890982145953,88.033531006854
NH12,362.0,24.421885824480462,88.0344019144214
NH12,363.0,24.430878325943457,88.03530637288647
NH12,364.0,24.439866948664516,88.03625476246732
NH12,365.0,24.448856527890307,88.03719305618577
NH12,366.0,24.45786556146021,88.03737895584982
NH12,367.0,24.4667936515225,88.03589782531398
NH12,368.0,24.475616919799805,88.0338742466719
NH12,369.0,24.483914026074945,88.03571849828754
NH12,370.0,24.492544316243503,88.03297193523308
NH12,371.0,24.501120679365382,88.02988929247066
NH12,372.0,24.5091467685858,88.0331584980488
NH12,373.0,24.517787650917054,88.0360044601855
NH12,374.0,24.526465642434253,88.03679228819786
NH12,375.0,24.53177297002221,88.02906249244839
NH12,376.0,24.539396956445913,88.03184289711623
NH12,377.0,24.54670806458136,88.03280452049897
NH12,378.0,24.55187413786068,88.0247092277741
NH12,379.0,24.55950092495317,88.0203843427925
NH12,380.0,24.568479412198137,88.01934974840971
NH12,381.0,24.57746976681699,88.0184268846692
NH12,382.0,24.586465281101255,88.01756051016822
NH12,383.0,24.595276694996,88.01590040725047
NH12,384.0,24.602300605347004,88.00973350903753
NH12,385.0,24.61001629084704,88.0046014142553
NH12,386.0,24.617729618578142,87.99946468950098
NH12,387.0,24.625430469867304,87.99430689196417
NH12,388.0,24.632645049610346,87.98850958738545
NH12,389.0,24.635126662480538,87.97913371362576
NH12,390.0,24.63695651528398,87.96945892377049
NH12,391.0,24.638912845248058,87.95982397601101
NH12,392.0,24.6446674623559,87.95227868869168
NH12,393.0,24.65118325455745,87.94550508814041
NH12,394.0,24.659643821557903,87.94211301060751
NH12,395.0,24.66640248086104,87.93627710388134
NH12,396.0,24.67353571249215,87.9302817140895
NH12,397.0,24.680861556094705,87.9245031939163
NH12,398.0,24.689578424737437,87.92269321408669
NH12,399.0,24.69854549786121,87.92183704048607
NH12,400.0,24.706651066539905,87.91786673192142
NH12,401.0,24.715626666439444,87.91680173551245
NH12,402.0,24.72460170793111,87.91573921152055
NH12,403.0,24.733579787803663,87.91471961970164
NH12,404.0,24.742589168419936,87.91404483826562
NH12,405.0,24.751604306862095,87.91348499596398
NH12,406.0,24.760615025436753,87.91285025694995
NH12,407.0,24.769576041740688,87.91265146149281
NH12,408.0,24.777942180668102,87.91637419081866
NH12,409.0,24.786711922284784,87.91505421750607
NH12,410.0,24.79551048499612,87.91725231580858
NH12,411.0,24.808405773793403,87.94657018049378
NH12,412.0,24.81058128443827,87.95604606738131
NH12,413.0,24.81716715548914,87.96270214686629
NH12,414.0,24.8244418359549,87.96856006072143
NH12,415.0,24.831691301035605,87.97445883558719
NH12,416.0,24.83892046680183,87.98038858325884
NH12,417.0,24.846190356198928,87.98625820257506
NH12,418.0,24.851515847592037,87.99409330549473
NH12,419.0,24.8557016099784,88.00279701462523
NH12,420.0,24.85856932308133,88.01216726105854
NH12,421.0,24.862951611721456,88.0205716685909
NH12,422.0,24.869047550646783,88.02787300112834
NH12,423.0,24.87516841076123,88.03515007129644
NH12,424.0,24.881348677308456,88.04236409461949
NH12,425.0,24.88690591222511,88.05005560323511
NH12,426.0,24.89028049055364,88.05923751649861
NH12,427.0,24.89349944206237,88.06848548502421
NH12,428.0,24.897149017637624,88.07746031906079
NH12,429.0,24.904853552248106,88.08260467777731
NH12,430.0,24.91252497637463,88.08782618788005
NH12,431.0,24.92026633394971,88.09291693474165
NH12,432.0,24.925914555368646,88.10053137091286
NH12,433.0,24.9337144522603,88.10450904547987
NH12,434.0,24.94103120901643,88.10936751562731
NH12,435.0,24.948160708999712,88.11353715886146
NH12,436.0,24.954327242195415,88.12054354600279
NH12,437.0,24.962731733129733,88.12396067964087
NH12,438.0,24.9682646286088,88.13122929099173
NH12,439.0,24.974948778480176,88.13756455105539
NH12,440.0,24.981340941705508,88.14452846621403
NH12,441.0,24.9854960322931,88.15326706974312
NH12,442.0,24.987519658881585,88.16245941362129
NH12,443.0,24.99614521578623,88.16473898060154
NH12,444.0,25.004941983483548,88.16652960005956
NH12,445.0,25.01336068902778,88.16930835675429
NH12,446.0,25.021494805991658,88.16522590519737
NH12,447.0,25.02933578550106,88.16034694884527
NH12,448.0,25.038288666691717,88.15941634293813
NH12,449.0,25.04672657710645,88.15588968742576
NH12,450.0,25.05517462769519,88.15239991405716
NH12,451.0,25.063665892358355,88.14902853368521
NH12,452.0,25.072107712463147,88.14551262564879
NH12,453.0,25.080510629477814,88.1418873767696
NH12,454.0,25.08891703019742,88.13826813801215
NH12,455.0,25.097520687302346,88.13751885511243
NH12,456.0,25.105723161047184,88.1416641044368
NH12,457.0,25.113945282613734,88.14576254339359
NH12,458.0,25.122109140327463,88.14999562882454
NH12,459.0,25.130289750347107,88.15419339390417
NH12,460.0,25.138431426166534,88.15848224130185
NH12,461.0,25.146579588463663,88.16275643757083
NH12,462.0,25.15473062268743,88.1670238804718
NH12,463.0,25.162848970027998,88.17136135401128
NH12,464.0,25.171449755118363,88.1743069641161
NH12,465.0,25.18016453118513,88.17690248951874
NH12,466.0,25.188878117013275,88.17950338184706
NH12,467.0,25.19712166697122,88.18337534241057
NH12,468.0,25.205188548173886,88.18745097777617
NH12,469.0,25.213403454406425,88.18336792709351
NH12,470.0,25.221696401856054,88.17944615154542
NH12,471.0,25.230010197378633,88.17557459084766
NH12,472.0,25.238335745289987,88.17173290095218
NH12,473.0,25.246616704050822,88.16777945697537
NH12,474.0,25.255361040702958,88.16572537091716
NH12,475.0,25.264348306919516,88.16524308544597
NH12,476.0,25.273326196043023,88.16419985837706
NH12,477.0,25.282293341735627,88.16304152547538
NH12,478.0,25.29126423369386,88.1619312879756
NH12,479.0,25.300249007148317,88.16095754509163
NH12,480.0,25.309150224884746,88.16259798673899
NH12,481.0,25.318087328090222,88.16391953778454
NH12,482.0,25.32709018212534,88.1636070424424
NH12,483.0,25.336097289855363,88.16294954912567
NH12,484.0,25.345085519301882,88.16202311859709
NH12,485.0,25.354104270388554,88.16178854760062
NH12,486.0,25.363129395383027,88.16188757549939
NH12,487.0,25.372155206367296,88.16188380599532
NH12,488.0,25.381173685828227,88.16230179878607
NH12,489.0,25.39002762684473,88.16397922127167
NH12,490.0,25.398401431727105,88.16769451003415
NH12,491.0,25.40682573114366,88.17117014542872
NH12,492.0,25.415657937780463,88.17322789691917
NH12,493.0,25.424479691669596,88.17532205629144
NH12,494.0,25.433313307018313,88.17670417134099
NH12,495.0,25.442340737343773,88.17687410658145
NH12,496.0,25.451280094051125,88.1760311216509
NH12,497.0,25.459616768018208,88.17348259887223
NH12,498.0,25.46858724056484,88.1734796896421
NH12,499.0,25.477542398620137,88.17474732666862
NH12,500.0,25.486348973203874,88.17691393006659
NH12,501.0,25.494373835909027,88.17331683933595
NH12,502.0,25.502259691319022,88.16851971256393
NH12,503.0,25.51063533331211,88.16480415935405
NH12,504.0,25.518864390099367,88.16074575407487
NH12,505.0,25.52683829101149,88.15607869582095
NH12,506.0,25.533965311416743,88.15021110147069
NH12,507.0,25.54285849697574,88.14849882864172
NH12,508.0,25.551501644812955,88.1464612858523
NH12,509.0,25.558642864768267,88.14037151268853
NH12,510.0,25.56628428550216,88.13512767847152
NH12,511.0,25.57486356354937,88.13310300240099
NH12,512.0,25.56721190605782,88.1345717095889
NH12,513.0,25.575370601274653,88.1303163113729
NH12,514.0,25.57700790426863,88.12126986597815
NH12,515.0,25.578111360262845,88.11187615112232
NH12,516.0,25.584539463354286,88.10488827602875
NH12,517.0,25.591140291569864,88.09812997601011
NH12,518.0,25.600024642816482,88.09722004908038
NH12,519.0,25.60882766333871,88.0994241267118
NH12,520.0,25.61775599060816,88.10086826711945
NH12,521.0,25.626681833287222,88.10225959971692
NH12,522.0,25.635035873396085,88.0985542369135
NH12,523.0,25.643103650341676,88.09410919638998
NH12,524.0,25.651750982814946,88.09192436414433
NH12,525.0,24.12474023847927,88.21847420329111
NH12,526.0,24.11849329831484,88.22556967105406
NH12,527.0,24.11210576850115,88.2325223527379
NH12,528.0,24.103347442898528,88.23356702895175
NH12,529.0,24.100435108245346,88.24215565770585
NH12,530.0,24.099461356025216,88.25186838941094
NH12,531.0,24.098394750399734,88.2610804737176
NH12,532.0,24.09714420568242,88.27046692034949
NH12,533.0,24.088403029134632,88.26806850221095
NH12,534.0,24.079470704496398,88.26769148788073
NH12,535.0,24.07086030642363,88.26550069914714
NH12,536.0,24.064266375927648,88.25881299182389
NH12,537.0,24.058172149664742,88.25179144716124
NH12,538.0,24.050056325235932,88.24757764361877
NH12,539.0,23.993736195763955,88.24142160785975
NH12,540.0,23.9847740655787,88.2403489470766
NH12,541.0,23.975829762103118,88.23902726973542
NH12,542.0,23.96680499071025,88.23869052983747
NH12,543.0,23.957779630166346,88.23900254027097
NH12,544.0,23.94879256464799,88.2398175872923
NH12,545.0,23.939845154723137,88.24026545846915
NH12,546.0,23.930922125903994,88.23879272943417
NH12,547.0,23.92209577725292,88.23678404363183
NH12,548.0,23.91309615359402,88.2360611484265
NH12,549.0,23.90440933990167,88.2379925929425
NH12,550.0,23.896178454502987,88.242033375633
NH12,551.0,23.900349408073843,88.24008898073086
NH12,552.0,23.908658594125285,88.23625633130224
NH12,553.0,23.892931969232592,88.24365919030659
NH12,554.0,23.884319336241987,88.246448558762
NH12,555.0,23.875411760014874,88.24805135606748
NH12,556.0,23.866514203556047,88.24972933616222
NH12,557.0,23.857621171943727,88.25143552410063
NH12,558.0,23.84875995839151,88.25331837046551
NH12,559.0,23.84036408992347,88.25692808006272
NH12,560.0,23.832028871439473,88.26070562230572
NH12,561.0,23.823456523681443,88.26372450527035
NH12,562.0,23.814682070282913,88.26604054071221
NH12,563.0,23.8059098820045,88.2683688980022
NH12,564.0,23.79717696005473,88.2708675267266
NH12,565.0,23.788421565781842,88.2732703554344
NH12,566.0,23.780202435306812,88.27675197410015
NH12,567.0,23.773706455454402,88.28348519850648
NH12,568.0,23.76611115359265,88.28879228913117
NH12,569.0,23.758457568504877,88.29399787102356
NH12,570.0,23.750475376435038,88.29812096985181
NH12,571.0,23.741569592416873,88.29668960296614
NH12,572.0,23.73256691922513,88.2959452111128
NH12,573.0,23.72382592808823,88.29359440440999
NH12,574.0,23.715051986922024,88.29555949155694
NH12,575.0,23.706028325334067,88.29594053055894
NH12,576.0,23.69700691795203,88.29633715900904
NH12,577.0,23.69492017893794,88.29675092912561
NH12,578.0,23.70391707600314,88.2961544596289
NH12,579.0,23.71294028120475,88.29576201584884
NH12,580.0,23.721731546458944,88.293996793354
NH12,581.0,23.730475215304324,88.29572484649565
NH12,582.0,23.739457601679014,88.2966850410898
NH12,583.0,23.748409013259284,88.2977522090955
NH12,584.0,23.756687599177738,88.29538710444575
NH12,585.0,23.764335988402856,88.29017161761382
NH12,586.0,23.771919954242737,88.2848455672038
NH12,587.0,23.77882632500026,88.27864040672907
NH12,588.0,23.786359633033804,88.27390743379446
NH12,589.0,23.79513048858945,88.27157292377713
NH12,590.0,23.803864637076355,88.26907944885782
NH12,591.0,23.81262715962412,88.26670707761686
NH12,592.0,23.82140876700841,88.26442171509926
NH12,593.0,23.830075822553123,88.26171405095123
NH12,594.0,23.838417934607914,88.25795427346621
NH12,595.0,23.846777860113942,88.25424515606022
NH12,596.0,23.85554288474683,88.25197986893062
NH12,597.0,23.864432016000425,88.25025004615532
NH12,598.0,23.873324264428142,88.24853817736503
NH12,599.0,23.955198189499583,88.23899261696106
NH12,600.0,23.964222997389182,88.2386444693641
NH12,601.0,23.97324861855606,88.23877699924302
NH12,602.0,23.982201024483675,88.23996565472619
NH12,603.0,23.689683369259008,88.30029764667825
NH12,604.0,23.68196583817594,88.30536839952934
NH12,605.0,23.674165900927125,88.31027955002844
NH12,606.0,23.666421627402038,88.31532097134398
NH12,607.0,23.672063043607018,88.31180822586268
NH12,608.0,23.662659647151088,88.32029527187727
NH12,609.0,23.656159795668902,88.32709515233948
NH12,610.0,23.649527674919916,88.33374676824269
NH12,611.0,23.642345620866337,88.33968125977255
NH12,612.0,23.638295191043994,88.34821855939214
NH12,613.0,23.635258421480955,88.35313241711842
NH12,614.0,23.639688960596523,88.34471971199508
NH12,615.0,23.64522091283645,88.33738571879479
NH12,616.0,23.652242621174132,88.33124808379807
NH12,617.0,23.658898681556465,88.32462414883676
NH12,618.0,23.63283840633935,88.35575177788712
NH12,619.0,23.62663694411326,88.3628765815008
NH12,620.0,23.62052022805093,88.37008176652657
NH12,621.0,23.615006769063324,88.37778819016981
NH12,622.0,23.609126648112035,88.3851853955877
NH12,623.0,23.602336013753078,88.39159417339806
NH12,624.0,23.59521335997122,88.39750386126404
NH12,625.0,23.587992349180386,88.40338769119244
NH12,626.0,23.580073371769693,88.40759906832412
NH12,627.0,23.572753309124618,88.41296081956891
NH12,628.0,23.56468062731637,88.41734968116675
NH12,629.0,23.556442161397747,88.42134652419577
NH12,630.0,23.54812650262686,88.42516493965294
NH12,631.0,23.53999478690213,88.42931622078679
NH12,632.0,23.533020312631894,88.43553756915213
NH12,633.0,23.52597775678112,88.44166714281853
NH12,634.0,23.518809141482397,88.4476219726906
NH12,635.0,23.510625559260724,88.45171354868128
NH12,636.0,23.501789226609834,88.45202033294163
NH12,637.0,23.492889232535614,88.45036524911508
NH12,638.0,23.483998559521083,88.44865505295175
NH12,639.0,23.475093353202652,88.4501043791396
NH12,640.0,23.46628242149871,88.45223712815738
NH12,641.0,23.457802258968496,88.45546637754418
NH12,642.0,23.449666856302713,88.45967973994782
NH12,643.0,23.44165570704476,88.46416183921362
NH12,644.0,23.433404168980825,88.4681144799445
NH12,645.0,23.424495355430444,88.46953577604013
NH12,646.0,23.415597317177845,88.4704565259311
NH12,647.0,23.407662951785255,88.47505902158878
NH12,648.0,23.399223371277152,88.47524020995286
NH12,649.0,23.392690391435075,88.48192335094593
NH12,650.0,23.386579170626824,88.48903938648402
NH12,651.0,23.378092965499633,88.48646172325205
NH12,652.0,23.36993621185309,88.48226734053557
NH12,653.0,23.3617879388473,88.47805138224118
NH12,654.0,23.3536999485397,88.47370208820892
NH12,655.0,23.345587505443767,88.46941014177196
NH12,656.0,23.337614644617066,88.46481812891342
NH12,657.0,23.32967442789624,88.46016087217865
NH12,658.0,23.32173138510159,88.45550895637886
NH12,659.0,23.313549033382188,88.45138986657489
NH12,660.0,23.3052361590007,88.44757019970022
NH12,661.0,23.296798482867903,88.44408846623658
NH12,662.0,23.288365116226895,88.44061422000671
NH12,663.0,23.281083359846726,88.43501378761681
NH12,664.0,23.272559733977687,88.43364688134177
NH12,665.0,23.267494835783552,88.44143003268853
NH12,666.0,23.264232716711586,88.45003507220261
NH12,667.0,23.259880146947573,88.45859062569187
NH12,668.0,23.25394196102355,88.46571091858571
NH12,669.0,23.245167073863257,88.46710178105005
NH12,670.0,23.2361815313571,88.4661692117351
NH12,671.0,23.232887050253005,88.47425491570604
NH12,672.0,23.23167873962765,88.48393768424926
NH12,673.0,23.22903684072244,88.49302814966603
NH12,674.0,23.223340825561145,88.50060866131439
NH12,675.0,23.217686488412994,88.50822460395347
NH12,676.0,23.212154899308366,88.51594008463161
NH12,677.0,23.207082707753226,88.5240223698305
NH12,678.0,23.201963685259177,88.53206663166515
NH12,679.0,23.1963151870131,88.53968636315712
NH12,680.0,23.19057021108234,88.54722296650263
NH12,681.0,23.184872643091232,88.55480135408992
NH12,682.0,23.17728375888579,88.55829239653409
NH12,683.0,23.168322109780124,88.55848021703238
NH12,684.0,23.159656421605252,88.56122397887209
NH12,685.0,23.151305673756834,88.56491580856043
NH12,686.0,23.142540898855337,88.56581732927725
NH12,687.0,23.13355960706056,88.56480089096884
NH12,688.0,23.12455534067921,88.5645632066574
NH12,689.0,23.116135124088224,88.56155065096601
NH12,690.0,23.10779261645943,88.5579612732793
NH12,691.0,23.101184444428892,88.55130924529799
NH12,692.0,23.09372787948559,88.5461353143673
NH12,693.0,23.084840572774343,88.54442736106495
NH12,694.0,23.075840795940348,88.54394705370919
NH12,695.0,23.066927776783476,88.54356890938328
NH12,696.0,23.058230429415502,88.54114163812874
NH12,697.0,23.049495070515814,88.5386916589305
NH12,698.0,23.04069412994548,88.53652079436904
NH12,699.0,23.031878824562362,88.53441343586526
NH12,700.0,23.022964174509614,88.53290939343584
NH12,701.0,23.01393499108262,88.53274614399395
NH12,702.0,23.00555812467283,88.53534540990182
NH12,703.0,22.998057293636446,88.54077597597899
NH12,704.0,22.990780450816963,88.54611145779536
NH12,705.0,22.981753114663956,88.5461297458266
NH12,706.0,22.972723930927238,88.54599148059404
NH12,707.0,22.96371949274671,88.54528194485643
NH12,708.0,22.9547185025055,88.54455259440947
NH12,709.0,22.945706754982247,88.54448090066407
NH12,710.0,22.936742147248975,88.543926538685
NH12,711.0,22.92795483819014,88.54228783973322
NH12,712.0,22.919274754959027,88.54072623714428
NH12,713.0,22.91038589946947,88.54027889465544
NH12,714.0,22.901413357372608,88.53932762318396
NH12,715.0,22.892414893428725,88.53904473273658
NH12,716.0,22.883694935837816,88.53653803452414
NH12,717.0,22.874856532973872,88.53454418325107
NH12,718.0,22.866093392708244,88.53221049946143
NH12,719.0,22.85742067796813,88.52949546955004
NH12,720.0,22.84894729580427,88.52642727206293
NH12,721.0,22.84037028258575,88.52349550686031
NH12,722.0,22.831695327761956,88.52078821409793
NH12,723.0,22.8234119603047,88.51705427748291
NH12,724.0,22.815424130328097,88.51284333022758
NH12,725.0,22.806469291998773,88.51186346147935
NH12,726.0,22.80016057683658,88.50534154167865
NH12,727.0,22.79119065470818,88.50448239609445
NH12,728.0,22.78234484095744,88.50253059797055
NH12,729.0,22.77456053799926,88.49852985892872
NH12,730.0,22.766977824453217,88.49379802357502
NH12,731.0,22.75836789549178,88.49093118929085
NH12,732.0,22.749938333906588,88.48744177595212
NH12,733.0,22.74150753653924,88.48397232269211
NH12,734.0,22.73786098492535,88.48285459744353
NH12,735.0,22.74639717049984,88.48600134797968
NH12,736.0,22.754789395827398,88.48959838340997
NH12,737.0,22.763272350415473,88.49291959216225
NH12,738.0,22.771798789528866,88.49578597883342
NH12,739.0,22.732591592843736,88.48106315985119
NH12,740.0,22.723834486381676,88.47870054575779
NH12,741.0,22.715498598178378,88.4750354049878
NH12,742.0,22.707018253284176,88.47359094487287
NH12,743.0,22.698970916318554,88.46925421820356
NH12,744.0,22.691017589715695,88.46472500727651
NH12,745.0,22.682347950954348,88.46207440811075
NH12,746.0,22.679964761913716,88.45302478961757
NH12,747.0,22.675345256459227,88.44556024705437
NH12,748.0,22.666368973234416,88.44453407450114
NH12,749.0,22.6580256109604,88.44095846422233
NH12,750.0,22.653775673593007,88.43455369340641
NH12,751.0,22.65329327506177,88.4251691963206
NH12,752.0,22.65575091465365,88.41627210866217
NH12,753.0,22.652534723006024,88.40737588549266
NH12,754.0,22.652223236301932,88.40683513972793
NH12,755.0,22.65540085391459,88.41577487465297
NH12,756.0,22.65342035807452,88.42467478100245
NH12,757.0,22.65353260914472,88.43401280658267
NH12,758.0,22.657281989281042,88.44080691737636
NH12,759.0,22.66559748266697,88.44447202089488
NH12,760.0,22.674562200486225,88.44557169969735
NH12,761.0,22.679802728730742,88.45232303148543
NH12,762.0,22.681649161581422,88.46158062774221
NH12,763.0,22.690153104065093,88.46457097816146
NH12,764.0,22.698174116302294,88.46892553591262
NH12,765.0,22.706303509680655,88.47311905146113
NH12,766.0,22.61108852130654,88.26873085541746
NH12,767.0,22.60868732774576,88.26024367734591
NH12,768.0,22.600689274650744,88.26116175477352
NH12,769.0,22.592474905983902,88.26501183247572
NH12,770.0,22.587691559258065,88.27263705067567
NH12,771.0,22.58539394375886,88.28192662769118
NH12,772.0,22.58548521709109,88.28148406226539
NH12,773.0,22.587840445253217,88.27219780224698
NH12,774.0,22.59751820267784,88.2623856078303
NH12,775.0,22.606582008767564,88.2606947082985
NH12,776.0,22.58409527832194,88.29049231920835
NH12,777.0,22.579349872616742,88.29866450240483
NH12,778.0,22.572127259789664,88.30445579639714
NH12,779.0,22.56718492526282,88.31178877076984
NH12,780.0,22.562360679603486,88.31989330586217
NH12,781.0,22.55714097017347,88.32780003999538
NH12,782.0,22.550128853595467,88.33153356684308
NH12,783.0,22.542279892727382,88.33162692772818
NH12,784.0,22.535058548848866,88.3332604911339
NH12,785.0,22.52661134250667,88.33118151527754
NH12,786.0,22.522248518984885,88.3256928312318
NH12,787.0,22.51430564762822,88.32270253854735
NH12,788.0,22.50575755503639,88.31959433624297
NH12,789.0,22.49707053153894,88.31709702371728
NH12,790.0,22.488567137304518,88.31388418268145
NH12,791.0,22.480143178659198,88.31050407370856
NH12,792.0,22.47114580818725,88.30997948275376
NH12,793.0,22.462581043957233,88.3070785913166
NH12,794.0,22.454417858363723,88.30335644799038
NH12,795.0,22.44684248845021,88.29808638421086
NH12,796.0,22.438879253269047,88.29352692519602
NH12,797.0,22.430866683633788,88.28904293150724
NH12,798.0,22.422587603206942,88.28520035948203
NH12,799.0,22.413950312061687,88.28236363647625
NH12,800.0,22.405275018768315,88.27966046984744
NH12,801.0,22.396581217969914,88.277026607819
NH12,802.0,22.38789622436624,88.2743600832151
NH12,803.0,22.37909595254023,88.27227220394485
NH12,804.0,22.370077024934897,88.27182758702223
NH12,805.0,22.361072565155684,88.27118766496112
NH12,806.0,22.352201849170882,88.26937836243177
NH12,807.0,22.34321967454407,88.26839116430153
NH12,808.0,22.334199791128604,88.26819662066535
NH12,809.0,22.32525941487154,88.26721112085127
NH12,810.0,22.317180726430504,88.26524605563701
NH12,811.0,22.311092563960802,88.25807548236241
NH12,812.0,22.30459471260685,88.25133483713863
NH12,813.0,22.29807014346983,88.24462474855765
NH12,814.0,22.291524523062982,88.2379380841817
NH12,815.0,22.285074950323608,88.23114792179834
NH12,816.0,22.278094964510874,88.22500298347761
NH12,817.0,22.27131699204415,88.21860072845844
NH12,818.0,22.266843074395602,88.21017398549024
NH12,819.0,22.262228230707386,88.20183205983703
NH12,820.0,22.257390453563037,88.19363845805344
NH12,821.0,22.25161737053542,88.18634435018257
NH12,822.0,22.242811238840577,88.18440568601427
NH12,823.0,22.233816886895617,88.18398433385762
NH12,824.0,22.224790416883906,88.18362943245602
NH12,825.0,22.215762311201264,88.1838218099436
NH12,826.0,22.206730976782364,88.18392971214571
NH12,827.0,22.20034022333317,88.19000075666871
NH12,828.0,22.191379726868274,88.1892486814742
NH12,829.0,22.1827361514816,88.19098888293107
NH12,830.0,22.17698258762914,88.19800148519388
NH12,831.0,22.17399153293232,88.2069642549518
NH12,832.0,22.174694895587372,88.21647489322393
NH12,833.0,22.172688788020352,88.22592589272196
NH12,834.0,22.17084576687563,88.23538341465127
NH12,835.0,22.170972953203854,88.24507991463416
NH12,836.0,22.167307545468468,88.25352819723226
NH12,837.0,22.158377089339865,88.25298505289753
NH12,838.0,22.149393975366603,88.25204650810339
NH12,839.0,22.140369874307346,88.25163763263728
NH12,840.0,22.13135934472779,88.2509768990946
NH12,841.0,22.122471516575512,88.2493591326018
NH12,842.0,22.113697573517296,88.24705657703299
NH12,843.0,22.104971688341248,88.24458334582674
NH12,844.0,22.095941627921842,88.2445550464564
NH12,845.0,22.086969449836893,88.24438168062598
NH12,846.0,22.07801487219958,88.24559332770048
NH12,847.0,22.069053659100764,88.24638409380373
NH12,848.0,22.06004776854533,88.24564377481467
NH12,849.0,22.051041882622084,88.24490717610045
NH12,850.0,22.042161375522458,88.24333967079812
NH12,851.0,22.03345444698424,88.24129269002742
NH12,852.0,22.024940139123935,88.23810532665878
NH12,853.0,22.016748609161738,88.23402322766333
NH12,854.0,22.008752928984784,88.22955952426003
NH12,855.0,22.001188513872,88.22426616194915
NH12,856.0,21.993634258470856,88.21895608884567
NH12,857.0,21.986085092623142,88.21363920128054
NH12,858.0,21.978302176242227,88.20878527694452
NH12,859.0,21.970373001688166,88.20419350182246
NH12,860.0,21.962664945097604,88.19914504287144
NH12,861.0,21.955004021878445,88.194015063244
NH12,862.0,21.9467906738702,88.19093857137004
NH12,863.0,21.93777670603562,88.19153908787266
NH12,864.0,21.928771134633035,88.19218376296945
NH12,865.0,21.92014140141951,88.18932842460718
NH12,866.0,21.91151345080449,88.18646877830537
NH12,867.0,21.902645431022442,88.1871324261008
NH12,868.0,21.893757572025393,88.18885809036742
NH12,869.0,21.884889939906564,88.19067424225943
NH12,870.0,21.87645488170081,88.18868662035068
NH12,871.0,21.868595835558878,88.186102857158
NH12,872.0,21.865958334442603,88.19461364122215
NH12,873.0,21.857177631160823,88.19685495075548
NH12,874.0,21.84944918219308,88.20173725197714
NH12,875.0,21.843481706733296,88.2089271074916
NH12,876.0,21.837888697816993,88.21637339156774
NH12,877.0,21.83043450183859,88.2218263485873
NH12,878.0,21.822787754985193,88.22689636386713
NH12,879.0,21.814223572810086,88.22457595426978
NH12,880.0,21.805486791782602,88.2264769132078
NH12,881.0,21.796749378532994,88.22892759944816
NH12,882.0,21.787957003206127,88.23113237068662
NH12,883.0,21.7794733749121,88.23436378493001
NH12,884.0,21.770654684056698,88.23575280387351
NH12,885.0,21.761693455146037,88.23492244586633
NH12,886.0,21.75175136705885,88.23619522782226
NH12,887.0,21.743409404127622,88.23982435211214
NH12,888.0,21.734740939450926,88.242543266175
NH12,889.0,21.726068937771142,88.24524912817576
NH12,890.0,21.717136948959872,88.2460576156361
NH12,891.0,21.7081056817955,88.24623745557163
NH12,892.0,21.699080276765937,88.24655719819626
NH12,893.0,21.690383679036884,88.24916636757456
NH12,894.0,21.6819186171562,88.25232883759564
NH12,895.0,21.673021244150558,88.25203366430428
NH12,896.0,21.66423663199692,88.25220649761339
NH12,897.0,21.65710416467167,88.25727404040829
NH12,898.0,21.648290523296886,88.25937329949735
NH12,899.0,21.639306887280984,88.25837678004378
NH12,900.0,21.63034617567991,88.2579954793857
NH12,901.0,21.62154854308363,88.26018591336053
NH12,902.0,21.61263389543981,88.26165780181218
NH12,903.0,21.603657579008026,88.26273643964365
NH12,904.0,21.594684576068094,88.26384803769726
NH12,905.0,21.585751041284457,88.26453363928425
NH12,906.0,21.578818199337256,88.25835301781471
NH12,907.0,21.571947427437937,88.2520984702052
NH12,908.0,21.56666910394993,88.25650797359457
NH12,909.0,21.564013363169845,88.26573783272431
NH12,910.0,22.45316330393334,88.30239075130687
NH12,911.0,22.46112454572912,88.30665205032113
NH12,912.0,22.469670505907935,88.30965048039165
NH12,913.0,22.478653204644583,88.31023725776693
NH12,914.0,22.48717534266514,88.313171701137
NH12,915.0,22.495610197693658,88.31660778479575
NH12,916.0,22.504348453828054,88.31893388908618
NH12,917.0,22.512853481184813,88.3221968408038
NH12,918.0,22.52163712086182,88.32443916791892
NH12,919.0,22.530840277172846,88.33185823431792
NH12,920.0,22.539260204124773,88.33395284013054
NH12,921.0,22.545727994693628,88.3303624124011
NH12,922.0,22.554135735964454,88.33172906661314
NH12,923.0,22.559942803516332,88.3242857358499
NH12,924.0,22.565061070767026,88.31629359365569
NH12,925.0,22.56833868562055,88.30740760397047
NH12,926.0,22.575579627454946,88.30172489810731
NH12,927.0,22.581979863558168,88.29503306200901
NH12,928.0,22.933330145521744,88.5436360758227
NH12,929.0,22.942284327766412,88.54436730751569
NH12,930.0,22.951312505195517,88.54429970280192
NH12,931.0,23.093095028405962,88.54589603890122
NH12,932.0,23.100745891405666,88.55066742648958
NH12,933.0,23.107320379429645,88.55735597972897
NH12,934.0,23.115539988961476,88.56116640161905
NH12,935.0,23.123909329212875,88.56449594229875
NH12,936.0,23.13291572934086,88.56459855582733
NH12,937.0,23.14189437589541,88.56563951123378
NH12,938.0,23.150728338851682,88.5651046398243
NH12,939.0,23.15904738919796,88.56133770976929
NH12,940.0,23.167701847678522,88.55858733545094
NH12,941.0,23.176642789962415,88.5581127233976
NH12,942.0,23.184432784757576,88.55518995473096
NH12,943.0,23.19016262402266,88.54764155401597
NH12,944.0,23.19589338900666,88.54009409770441
NH12,945.0,23.20155933073422,88.53248965206801
NH12,946.0,23.206647091481017,88.52442045114381
NH12,947.0,23.21174631885643,88.51635937927136
NH12,948.0,23.21724170678421,88.50861376075467
NH12,949.0,23.222928980363257,88.50102410745797
NH12,950.0,23.22861415474723,88.49343277227509
NH12,951.0,23.231497822260433,88.48446066884604
NH12,952.0,23.232668030691038,88.47477174564453
NH12,953.0,23.235463961202743,88.4661490230474
NH12,954.0,23.24444600891665,88.46678213411279
NH12,955.0,23.253280367515735,88.46589357338347
NH12,956.0,23.259498005566194,88.45909097643863
NH12,957.0,23.263786162076507,88.45049054205244
NH12,958.0,23.267209383144902,88.44193634077439
NH12,959.0,23.27189331129521,88.43378728001305
NH12,960.0,23.28044872907234,88.4344883057863
NH12,961.0,23.28779717617337,88.43998324675923
NH12,962.0,23.296120157164893,88.4436804230234
NH12,963.0,23.304570150156312,88.44712760940453
NH12,964.0,23.312878754730132,88.45095807451656
NH12,965.0,23.32107949162348,88.4550336566748
NH12,966.0,23.329034830666487,88.4596607443608
NH12,967.0,23.3369700439319,88.46432575911733
NH12,968.0,23.34495294524543,88.46889727451658
NH12,969.0,23.35304280994931,88.47323941561609
NH12,970.0,23.361150839981494,88.47754501264285
NH12,971.0,23.369277834106963,88.4818088713726
NH12,972.0,23.37744783199666,88.48597571353707
NH12,973.0,23.38588499528247,88.48914187315876
NH12,974.0,23.392194175139984,88.48236569739409
NH12,975.0,23.398609030527606,88.47554961617908
NH12,976.0,23.406977440112104,88.47534776011234
NH12,977.0,23.414859252655518,88.47064514700706
NH12,978.0,23.423686925253072,88.46940049489187
NH12,979.0,23.43260926599018,88.46814258570198
NH12,980.0,23.440904465265977,88.46432142832055
NH12,981.0,23.44897102199057,88.45994695468028
NH12,982.0,23.457046641749333,88.45561548356717
NH12,983.0,23.465505433092325,88.45228665597891
NH12,984.0,23.47431452482469,88.45013992261516
NH12,985.0,23.483207552645084,88.44850255320377
NH12,986.0,23.492111422298244,88.4500982490675
NH12,987.0,23.501007952914854,88.45177398448831
NH12,988.0,23.50990239865042,88.45192929846286
NH12,989.0,23.51816692394218,88.4479967437482
NH12,990.0,23.525343337955096,88.44205385344414
NH12,991.0,23.532393413944995,88.43593942676371
NH12,992.0,23.539369784301446,88.42972120465669
NH12,993.0,23.547391243686267,88.42537743614209
NH12,994.0,23.555705478103658,88.42155841953024
NH12,995.0,23.563960967393534,88.41760416692708
NH12,996.0,23.57202847606377,88.4132078285595
NH12,997.0,23.57929958981733,88.4076588877459
NH12,998.0,23.58734969908133,88.40376580411773
NH12,999.0,23.594576878025112,88.39789190477708
NH12,1000.0,23.60183578952718,88.39213812107167
NH12,1001.0,23.608702527698068,88.38582638479748
NH12,1002.0,23.614750684509758,88.37855816535024
NH12,1003.0,23.620094836578627,88.37071817558972
NH12,1004.0,23.626232667006615,88.36353811727056
NH12,1005.0,23.630536299999992,88.3584072
NH12;NH16,0.0,22.653347,88.3088001
NH12;NH16,1.0,22.64470515773621,88.30597360755911
NH12;NH16,2.0,22.63606855556325,88.30312707573017
NH12;NH16,3.0,22.62769856203284,88.29968553753498
NH12;NH16,4.0,22.623681659801164,88.29103411495764
NH12;NH16,5.0,22.61851327906953,88.28322180013143
NH12;NH16,6.0,22.615387145068375,88.27409852778064
NH12;NH16,7.0,22.60928822149513,88.26700788846318
NH12;NH16,8.0,22.614655387857223,88.27254761767223
NH12;NH16,9.0,22.61807668270976,88.28151349698773
NH12;NH16,10.0,22.622758514299303,88.28963702237121
NH12;NH16,11.0,22.626818678806856,88.29825193157968
NH12;NH16,12.0,22.6346650378243,88.3025055623204
NH12;NH16,13.0,22.643299318367678,88.30536002239039
NH12;NH16,14.0,22.65194587997533,88.30817126144123
NH12;NH16,15.0,22.65618759999999,88.30954010000002
NH12;NH19,0.0,22.65618759999999,88.30954010000002
NH12;NH19,1.0,22.65744249999999,88.3095806
NH131A,0.0,25.1990139,87.92686110000001
NH131A,1.0,25.20664492426639,87.92566621390054
NH131A,2.0,25.214001174286345,87.92360698369491
NH131A,3.0,25.21779452539867,87.91485582568372
NH131A,4.0,25.222821985404373,87.90667555248885
NH131A,5.0,25.23003840610714,87.90438923391913
NH131A,6.0,25.23863644018154,87.90557779504383
NH131A,7.0,25.24586341585255,87.9004200305539
NH131A,8.0,25.247911348323285,87.89077002470287
NH131A,9.0,25.248008600329648,87.88092313273991
NH131A,10.0,25.24510326199955,87.87162151344853
NH131A,11.0,25.245098755502568,87.86169464268913
NH131A,12.0,25.243093991082752,87.85238333175165
NH131A,13.0,25.250209291509552,87.84703422339086
NH131A,14.0,25.1990139,87.92686110000001
NH133A,0.0,24.656741399999998,87.9431291
NH133A,1.0,24.648478585165627,87.93953752250007
NH133A,2.0,24.641648278519625,87.93379974336396
NH133A,3.0,24.639643801555184,87.92416907224897
NH133A,4.0,24.637164870577138,87.91482109895307
NH133A,5.0,24.637562881601998,87.91122171149257
NH14,0.0,23.2066173,87.070386
NH14,1.0,23.20970740598906,87.07163078914797
NH14,2.0,23.214726600700708,87.07949647494038
NH14,3.0,23.22082898862244,87.08590699347262
NH14,4.0,23.229029881367477,87.08321482395583
NH14,5.0,23.23800318177138,87.08431640446238
NH14,6.0,23.24684295292548,87.0833473510035
NH14,7.0,23.25453379102715,87.08814761039764
NH14,8.0,23.262522214292908,87.08739260908516
NH14,9.0,23.270863493181974,87.08666194073265
NH14,10.0,23.27957342794526,87.08788113779916
NH14,11.0,23.288195296281636,87.08668987346232
NH14,12.0,23.29689073903725,87.08644676594525
NH14,13.0,23.30533830625582,87.0886260200915
NH14,14.0,23.31395226537594,87.09001245864673
NH14,15.0,23.322849697603537,87.09078722108339
NH14,16.0,23.331097291705813,87.0918257956118
NH14,17.0,23.3390497406044,87.09575182943618
NH14,18.0,23.347794088316437,87.096409024603
NH14,19.0,23.35345089458584,87.10386842879404
NH14,20.0,23.359379339011205,87.11032000343756
NH14,21.0,23.36778871519594,87.11299810553929
NH14,22.0,23.37666369465905,87.11314832706148
NH14,23.0,23.38469862766337,87.11300484952694
NH14,24.0,23.3932508044942,87.11050789481759
NH14,25.0,23.40199682714046,87.10868739095676
NH14,26.0,23.41051496184492,87.11140407079039
NH14,27.0,23.41886409401069,87.11485740190082
NH14,28.0,23.427430361646927,87.11294589927772
NH14,29.0,23.435545821711763,87.11172962402401
NH14,30.0,23.44346009750925,87.1154409295054
NH14,31.0,23.45066145701227,87.12113169069688
NH14,32.0,23.45881200522353,87.12073101005839
NH14,33.0,23.466725552195953,87.12082296583561
NH14,34.0,23.469909961868886,87.12824228962344
NH14,35.0,23.476562261908118,87.13315018991158
NH14,36.0,23.485493084946075,87.13436652804641
NH14,37.0,23.494327594974877,87.13599541612069
NH14,38.0,23.50325154429726,87.1370866632939
NH14,39.0,23.510887630575944,87.13376711823139
NH14,40.0,23.519698392339176,87.13214390389162
NH14,41.0,23.528660754619832,87.13100620437797
NH14,42.0,23.5363203196485,87.12630969703459
NH14,43.0,23.542867655540057,87.1196023268819
NH14,44.0,23.54953811554057,87.11299669036221
NH14,45.0,23.5558898484955,87.10678617346822
NH14,46.0,23.564388767913176,87.10348121726442
NH14,47.0,23.571233645633598,87.09891731883175
NH14,48.0,23.579748617925418,87.10068266847172
NH14,49.0,23.587246254399854,87.10614598600368
NH14,50.0,23.593875254704717,87.11272867861662
NH14,51.0,23.59798775305928,87.11778204628787
NH14,52.0,23.605722201690128,87.11565699086431
NH14,53.0,23.614451616524313,87.11342336145212
NH14,54.0,23.623447880514373,87.11429723947204
NH14,55.0,23.632441708637614,87.11520232678919
NH14,56.0,23.6383463801097,87.11999882240168
NH14,57.0,23.6466326255025,87.12389928091035
NH14,58.0,23.65489960256062,87.12784320874195
NH14,59.0,23.6631221944926,87.1318755236153
NH14,60.0,23.671206844092904,87.13541097791297
NH14,61.0,23.676855292920507,87.14243258253336
NH14,62.0,23.679477298184786,87.15181736333668
NH14,63.0,23.6802669069055,87.1615730271286
NH14,64.0,23.67885840560287,87.16883033582157
NH14,65.0,23.67818536168557,87.17851084553634
NH14,66.0,23.677840531389815,87.1882778982895
NH14,67.0,23.677782978168366,87.19800695443554
NH14,68.0,23.683973830658598,87.20061131001798
NH14,69.0,23.692310055722093,87.19735921050527
NH14,70.0,23.69960777795102,87.20241144724216
NH14,71.0,23.705179789528067,87.20989486618927
NH14,72.0,23.707447697363275,87.2192969061167
NH14,73.0,23.707845301533684,87.22909696305786
NH14,74.0,23.708213806700304,87.23889839843092
NH14,75.0,23.708239823406547,87.24868925486268
NH14,76.0,23.706545108907054,87.25832397683578
NH14,77.0,23.70908646627408,87.26459101939672
NH14,78.0,23.71652920290169,87.27005066952829
NH14,79.0,23.724895153402567,87.27374291206556
NH14,80.0,23.732837621522194,87.2783838870594
NH14,81.0,23.739870730275943,87.28430649755092
NH14,82.0,23.745008446343554,87.29184553551072
NH14,83.0,23.749172656055126,87.30055285770031
NH14,84.0,23.75414564657833,87.30862531111026
NH14,85.0,23.760459208782688,87.31562674684758
NH14,86.0,23.765008958761968,87.3240000224614
NH14,87.0,23.768778684190057,87.3329180652765
NH14,88.0,23.77258085652423,87.34182041981485
NH14,89.0,23.776306402732608,87.35076113183852
NH14,90.0,23.779792743307254,87.35981219890748
NH14,91.0,23.78445622592928,87.36788999020665
NH14,92.0,23.788676450584596,87.37587686290088
NH14,93.0,23.789194611697848,87.38538772397193
NH14,94.0,23.793786811658503,87.39359956367073
NH14,95.0,23.800946050984468,87.39883701565205
NH14,96.0,23.808602606387826,87.40309125030183
NH14,97.0,23.811444308967175,87.41240970906188
NH14,98.0,23.81449919550931,87.42164733543154
NH14,99.0,23.81742508672872,87.43089458575602
NH14,100.0,23.816197011185345,87.44061896317363
NH14,101.0,23.8188145963012,87.44974901552814
NH14,102.0,23.823372567991264,87.45817749098002
NH14,103.0,23.830640666152313,87.4639980296596
NH14,104.0,23.836995303349898,87.47086601808199
NH14,105.0,23.842538397666125,87.4784607943421
NH14,106.0,23.848700496492068,87.4854572327125
NH14,107.0,23.855531835910188,87.49156163260929
NH14,108.0,23.85960890243569,87.50029695815526
NH14,109.0,23.86740231548825,87.50510292009804
NH14,110.0,23.874893794867134,87.51057039344659
NH14,111.0,23.88138846636926,87.51729765476422
NH14,112.0,23.888836514289686,87.5191429490536
NH14,113.0,23.897033304423648,87.51537974860447
NH14,114.0,23.906019849670358,87.51461966270327
NH14,115.0,23.9149362642735,87.51375492938405
NH14,116.0,23.922278430770877,87.51844521193037
NH14,117.0,23.930257816849462,87.52221161662506
NH14,118.0,23.93471074818152,87.5280276353998
NH14,119.0,23.943176163986475,87.52627123358067
NH14,120.0,23.951834954395622,87.52372916433535
NH14,121.0,23.960645226909545,87.52366715619725
NH14,122.0,23.96760153486555,87.52961981991766
NH14,123.0,23.97390266025624,87.53665326166721
NH14,124.0,23.97491502287107,87.5459879172529
NH14,125.0,23.979507074641017,87.55440404328922
NH14,126.0,23.98422019675414,87.56268534579053
NH14,127.0,23.989642585581915,87.5701199824924
NH14,128.0,23.99692935417542,87.5751622534241
NH14,129.0,24.004926694997867,87.57878015710136
NH14,130.0,24.0135174040255,87.58119991968627
NH14,131.0,24.022426790097427,87.582800203688
NH14,132.0,24.031307697985234,87.58459048478271
NH14,133.0,24.037739140526288,87.59098400081142
NH14,134.0,24.04158290254151,87.59965277381875
NH14,135.0,24.04425510061069,87.60902875665069
NH14,136.0,24.04747450159129,87.6182166219351
NH14,137.0,24.05154396016126,87.62699402691956
NH14,138.0,24.055734313090984,87.63570651029653
NH14,139.0,24.059929388260894,87.64441680179019
NH14,140.0,24.063822312496704,87.65329129036547
NH14,141.0,24.067711295390435,87.66216874658197
NH14,142.0,24.070255510224133,87.67140944792914
NH14,143.0,24.071802061069434,87.68110055852038
NH14,144.0,24.073389402039563,87.69078405687156
NH14,145.0,24.07499017140385,87.70045603115594
NH14,146.0,24.076845859730227,87.70984335170475
NH14,147.0,24.074350494120196,87.719028342018
NH14,148.0,24.07111657689402,87.7271357351675
NH14,149.0,24.078473162823233,87.73246582615477
NH14,150.0,24.086359195854882,87.73259463237966
NH14,151.0,24.09455457722695,87.73607957612673
NH14,152.0,24.10276408404626,87.73998900192977
NH14,153.0,24.110559580028433,87.74491968271141
NH14,154.0,24.11840617948392,87.74976895522602
NH14,155.0,24.126270996891744,87.75457994021644
NH14,156.0,24.133506733197418,87.7603898877154
NH14,157.0,24.14157111968326,87.76472789387485
NH14,158.0,24.1485865877909,87.7709083633141
NH14,159.0,24.155310823075542,87.77742881956186
NH14,160.0,24.162753381544647,87.7829861334888
NH14,161.0,24.16983933349103,87.78878085382388
NH14,162.0,24.17824268107403,87.79230305461084
NH14,163.0,24.186960270978517,87.79358785870977
NH14,164.0,24.19530883633026,87.79690049903472
NH14,165.0,24.204009025872683,87.79926998598819
NH14,166.0,24.21214810026695,87.80351420369443
NH14,167.0,24.2198903307833,87.80857872154039
NH14,168.0,24.227814890938973,87.81330064184273
NH14,169.0,24.235820155954592,87.8178443629912
NH14,170.0,24.243831154518542,87.82237180038527
NH14,171.0,24.2519493259887,87.8266862163037
NH14,172.0,24.260047877079103,87.8310029487677
NH14,173.0,24.268439237137326,87.83428199399941
NH14,174.0,24.276460720282575,87.83823035914588
NH14,175.0,24.28511923244557,87.84102989064385
NH14,176.0,24.293976079692467,87.84274341137977
NH14,177.0,24.295601343581893,87.84906551339402
NH14,178.0,24.294897844131064,87.85885245547026
NH14,179.0,24.295906841044907,87.86855315410847
NH14,180.0,24.298121715472178,87.87794823166816
NH14,181.0,24.29779324244418,87.88778693283463
NH14,182.0,24.297040993244654,87.89733076280584
NH14,183.0,24.292658900912432,87.90594639896644
NH14,184.0,24.292172352676975,87.9154375748075
NH14,185.0,24.289632766019032,87.92487351619141
NH14,186.0,24.288711895696782,87.93461856595933
NH14,187.0,24.288567121190642,87.94447006673768
NH14,188.0,24.28834442274276,87.95431963170512
NH14,189.0,24.288085695987185,87.96416827471735
NH14,190.0,24.288079001706524,87.97402067353366
NH14,191.0,24.28813205490281,87.98387294961613
NH14,192.0,24.28819275607749,87.9937237679332
NH14,193.0,24.28862109714093,88.00356510510603
NH14,194.0,24.290572643323976,88.01296111082038
NH14,195.0,24.293022003331814,88.02211987178678
NH14,196.0,24.29880788792316,88.02968506504843
NH14,197.0,23.53803536101705,87.12461836503962
NH14,198.0,23.20121282081495,87.07708109878537
NH14,199.0,23.19869842645923,87.0864313158134
NH14,200.0,23.19829585297788,87.09571013737019
NH14,201.0,23.19897885539625,87.10540014946858
NH14,202.0,23.19908140685212,87.11517163962141
NH14,203.0,23.197145340347532,87.12441858641871
NH14,204.0,23.1927264144268,87.13294128505846
NH14,205.0,23.18830610478179,87.14146263442919
NH14,206.0,23.18387277841552,87.14997536562446
NH14,207.0,23.179480294618624,87.15851319772332
NH14,208.0,23.17331617441694,87.16550515912581
NH14,209.0,23.165944652118206,87.17111555192133
NH14,210.0,23.158489506554996,87.1766175199878
NH14,211.0,23.151223404933646,87.18242122858699
NH14,212.0,23.146702909028786,87.19065972986704
NH14,213.0,23.142568983263658,87.19909673295778
NH14,214.0,23.137865525487857,87.2073981811915
NH14,215.0,23.132365334033143,87.21514166423256
NH14,216.0,23.127341542753964,87.22308549582951
NH14,217.0,23.12539309472562,87.23236975948632
NH14,218.0,23.119303405645503,87.23958256647866
NH14,219.0,23.113941991886815,87.24737690126811
NH14,220.0,23.108985603593393,87.25538524718883
NH14,221.0,23.10393383191486,87.26347704250163
NH14,222.0,23.098644559631847,87.27129533663634
NH14,223.0,23.093933936304616,87.27961648220516
NH14,224.0,23.088191322259263,87.28684070493645
NH14,225.0,23.081326755698914,87.29096892799338
NH14,226.0,23.07322259930201,87.29527414335486
NH14,227.0,23.06512713130566,87.29960569251908
NH14,228.0,23.05743918142311,87.3039528991346
NH14,229.0,23.049459890073802,87.30851935096223
NH14,230.0,23.04179753905042,87.31368816383144
NH14,231.0,23.03419129381773,87.31895320785814
NH14,232.0,23.02669173479009,87.32435447917418
NH14,233.0,23.020463957092208,87.33139580979909
NH14,234.0,23.01331596003334,87.33730465488954
NH14,235.0,23.005249755522446,87.34166683240194
NH14,236.0,22.996993012300294,87.34562459508524
NH14,237.0,22.988798328391532,87.34972513341337
NH14,238.0,22.980651005109152,87.35392357306732
NH14,239.0,22.971914547351226,87.3559899805809
NH14,240.0,22.962939314239403,87.35706035490338
NH14,241.0,22.954011736698558,87.35852922024115
NH14,242.0,22.945093803092288,87.3600594524697
NH14,243.0,22.9361136462467,87.36108652030359
NH14,244.0,22.92716813661336,87.36235550602403
NH14,245.0,22.918163270360335,87.36222250119287
NH14,246.0,22.909151179056135,87.36287765689576
NH14,247.0,22.900264210899476,87.36148671296695
NH14,248.0,22.891428193285826,87.3597599447564
NH14,249.0,22.882834937574145,87.36182164201509
NH14,250.0,22.873831837438335,87.36259157545759
NH14,251.0,22.864966855410433,87.36088433615035
NH14,252.0,22.856542827371136,87.35737277860825
NH14,253.0,22.84788548132238,87.35459929404901
NH14,254.0,22.83906667381162,87.35251581447461
NH14,255.0,22.830186164828138,87.35073135420768
NH14,256.0,22.82126827693585,87.34921603686968
NH14,257.0,22.812410701183147,87.34736160390328
NH14,258.0,22.803647175538938,87.3449982656282
NH14,259.0,22.794958208383306,87.34235689509158
NH14,260.0,22.786100104134018,87.34047131726163
NH14,261.0,22.777157857947625,87.33912347541504
NH14,262.0,22.76814179555412,87.3394945714929
NH14,263.0,22.75918554826194,87.34065335059452
NH14,264.0,22.75033084442778,87.34022250164554
NH14,265.0,22.741310836884438,87.33970766077931
NH14,266.0,22.73292137342043,87.33906190438368
NH14,267.0,22.72389179044996,87.33880275751699
NH14,268.0,22.714868655274696,87.33919714678186
NH14,269.0,22.706295236058143,87.33850772480484
NH14,270.0,22.697410121922122,87.33678576361766
NH14,271.0,22.688960254459875,87.3338582945004
NH14,272.0,22.68009567340788,87.33396184693106
NH14,273.0,22.67120642714194,87.33297522402916
NH14,274.0,22.663150653116496,87.32868869328804
NH14,275.0,22.654514458655996,87.32583462134278
NH14,276.0,22.64597448766229,87.32277987419282
NH14,277.0,22.637754190490536,87.3262330003222
NH14,278.0,22.629385171420733,87.32984806450713
NH14,279.0,22.62068602185538,87.33222448616976
NH14,280.0,22.611660565993084,87.33228366389018
NH14,281.0,22.602630844265597,87.33204188501644
NH14,282.0,22.593604979043786,87.33163897106824
NH14,283.0,22.584579367958412,87.33123029575965
NH14,284.0,22.575555529332217,87.3307970825614
NH14,285.0,22.566530913701822,87.33035939159828
NH14,286.0,22.557505986148552,87.32992866776715
NH14,287.0,22.54848314830103,87.32945085390888
NH14,288.0,22.539460673979292,87.32896346961716
NH14,289.0,22.530438427440746,87.32847414554735
NH14,290.0,22.52141769288937,87.32797587833234
NH14,291.0,22.512409064714735,87.32748542210678
NH14,292.0,22.503387384714692,87.3269806249585
NH14,293.0,22.494366365326183,87.3264629068718
NH14,294.0,22.485345900868595,87.32593527935407
NH14,295.0,22.4763267376488,87.32538411582885
NH14,296.0,22.46730629877561,87.32486012196912
NH14,297.0,22.458306235587635,87.32443874834894
NH14,298.0,22.450684414048048,87.32965418172493
NH14,299.0,22.44271108861816,87.33415434428156
NH14,300.0,22.43400024275709,87.33665482891739
NH14,301.0,22.425362093138794,87.33859431084215
NH14,302.0,22.41798743267915,87.34012807135336
NH14,303.0,22.409161219616802,87.34113990178838
NH14,304.0,22.40020579224306,87.34058451851799
NH14,305.0,22.391437417214945,87.34210957675508
NH14,306.0,22.382407907512697,87.34180740214211
NH14,307.0,22.373440056169326,87.34097189073142
NH14,308.0,22.70836869546226,87.34127716616617
NH14,309.0,22.71558152930609,87.33902159404008
NH14,310.0,22.814782400000002,87.3479954
NH14;19,0.0,23.6358065,87.1187186
NH14;19,1.0,23.637599699999996,87.1157216
NH14;NH19,0.0,23.637751699999995,87.1157823
NH14;NH19,1.0,23.635948900000002,87.1188125
NH16,0.0,21.851475867801888,87.25183543270911
NH16,1.0,21.85996561299333,87.25510549610097
NH16,2.0,21.868689749546746,87.25757792219957
NH16,3.0,21.877250145336845,87.26067003748736
NH16,4.0,21.886184854355346,87.2618451038263
NH16,5.0,21.89501393289298,87.26389719312844
NH16,6.0,21.903839096668158,87.26596805457429
NH16,7.0,21.912567608118096,87.26841215420862
NH16,8.0,21.921511062758267,87.26822862956163
NH16,9.0,21.93045223216005,87.26684192276367
NH16,10.0,21.939395304977168,87.26546971444306
NH16,11.0,21.948371808749098,87.26448381935211
NH16,12.0,21.956468573656206,87.26819763501996
NH16,13.0,21.963120741253455,87.27473825832325
NH16,14.0,21.969848472379258,87.28120262482571
NH16,15.0,21.976523491544476,87.28772453734307
NH16,16.0,21.982950378623233,87.29452983674247
NH16,17.0,21.990415435497376,87.29957412964386
NH16,18.0,21.999103322589153,87.30222109939334
NH16,19.0,22.00738129616053,87.30607582742873
NH16,20.0,22.01552456331897,87.31027074152253
NH16,21.0,22.02414316837265,87.31274102751689
NH16,22.0,22.03279338065408,87.3155344023219
NH16,23.0,22.041291535113896,87.31872836936013
NH16,24.0,22.049358145001882,87.32309001473118
NH16,25.0,22.056345417745796,87.32899210022798
NH16,26.0,22.05825756271455,87.33831468142556
NH16,27.0,22.061009318138428,87.34738625104893
NH16,28.0,22.06948838658404,87.34966466130368
NH16,29.0,22.078413480388708,87.34903292533738
NH16,30.0,22.086769258296766,87.34870219256248
NH16,31.0,22.094312219676116,87.35403515685066
NH16,32.0,22.10193847811219,87.3592325113663
NH16,33.0,22.109559280626648,87.36443637894995
NH16,34.0,22.11719288683402,87.3696202445984
NH16,35.0,22.124781527201073,87.37487798127579
NH16,36.0,22.131638173755018,87.38118815266066
NH16,37.0,22.137213476920817,87.3887728375729
NH16,38.0,22.142380529518658,87.3967267900279
NH16,39.0,22.148090932165417,87.40417836668456
NH16,40.0,22.156654956255878,87.40644153593603
NH16,41.0,22.16436357777185,87.40178804335977
NH16,42.0,22.170779743763998,87.39496164366153
NH16,43.0,22.177410445211645,87.38847642433042
NH16,44.0,22.18635140097774,87.38867908648609
NH16,45.0,22.195336902779847,87.38968414336502
NH16,46.0,22.20433556866754,87.38981336799812
NH16,47.0,22.213324780824582,87.39076280926739
NH16,48.0,22.222155239574516,87.38994161727251
NH16,49.0,22.23048595382611,87.39138575435726
NH16,50.0,22.239495414453188,87.39188050869804
NH16,51.0,22.248504834897975,87.39259198369001
NH16,52.0,22.25751927911445,87.3932280894533
NH16,53.0,22.26654019446523,87.39375133180556
NH16,54.0,22.27555789328361,87.39432808676077
NH16,55.0,22.284570287034963,87.39499964601202
NH16,56.0,22.293584149542532,87.39564406123907
NH16,57.0,22.302592373975532,87.39637263478414
NH16,58.0,22.311604919544042,87.39702494088708
NH16,59.0,22.32062485212975,87.39755810660795
NH16,60.0,22.329134561402398,87.39477660139515
NH16,61.0,22.33736155713976,87.39076513262891
NH16,62.0,22.34559989823513,87.38678040767803
NH16,63.0,22.353702308350314,87.38250639047331
NH16,64.0,22.361515950245824,87.37763290624747
NH16,65.0,22.369039632882995,87.37229400423207
NH16,66.0,22.376944220658284,87.36832999321233
NH16,67.0,22.384472740589306,87.37117050982062
NH16,68.0,22.387331674455712,87.38004852007741
NH16,69.0,22.383507258232434,87.38882683395428
NH16,70.0,22.382371095243894,87.39844681526903
NH16,71.0,22.382609425464825,87.40814818411654
NH16,72.0,22.38390454058959,87.4177609815419
NH16,73.0,22.385337909908802,87.42728698953546
NH16,74.0,22.386712476564405,87.43688792164158
NH16,75.0,22.38792459599588,87.44651362609045
NH16,76.0,22.389064086521774,87.45615029918403
NH16,77.0,22.390388010335833,87.465743246685
NH16,78.0,22.395591941306,87.47365088509491
NH16,79.0,22.39794045366084,87.48269435712123
NH16,80.0,22.396942050385725,87.49228711659414
NH16,81.0,22.3946375980228,87.50166193539697
NH16,82.0,22.39310636761613,87.51117407347695
NH16,83.0,22.397194906367705,87.51975982110861
NH16,84.0,22.397042040366923,87.529467389292
NH16,85.0,22.396868555122904,87.53917817188109
NH16,86.0,22.396428491588473,87.54887975213354
NH16,87.0,22.39503015653251,87.55840168942443
NH16,88.0,22.393586750400065,87.5677258351159
NH16,89.0,22.39161841014626,87.5770917391498
NH16,90.0,22.392229442103343,87.5867327717012
NH16,91.0,22.39345751835398,87.59635428451271
NH16,92.0,22.395256269179644,87.6058409675349
NH16,93.0,22.398358923014285,87.61496064775578
NH16,94.0,22.400699800482535,87.62431506652695
NH16,95.0,22.401990730275394,87.63392607547286
NH16,96.0,22.40346426386632,87.64351021867603
NH16,97.0,22.40481774413136,87.65308957873796
NH16,98.0,22.405462011951396,87.66277169564948
NH16,99.0,22.4055964820602,87.67232231738107
NH16,100.0,22.402214219556356,87.68127888144758
NH16,101.0,22.39965121707935,87.6905571495703
NH16,102.0,22.399344309331582,87.70018843831542
NH16,103.0,22.40623434706951,87.70590602996204
NH16,104.0,22.41052925673151,87.71386348071793
NH16,105.0,22.407452481172115,87.7228636281141
NH16,106.0,22.406183620602754,87.73248191957559
NH16,107.0,22.407943058083852,87.74190162191621
NH16,108.0,22.41061974279604,87.75117979748605
NH16,109.0,22.413343248182723,87.76044316143562
NH16,110.0,22.416075796917205,87.76970347627834
NH16,111.0,22.418739284224422,87.77898548608087
NH16,112.0,22.42146587306857,87.7882436917118
NH16,113.0,22.424445923894282,87.79740244495652
NH16,114.0,22.427191096065105,87.80665917082757
NH16,115.0,22.430008357733463,87.81589097017687
NH16,116.0,22.432934743389033,87.8250837293061
NH16,117.0,22.435708289296265,87.83433043640235
NH16,118.0,22.438412172742424,87.84360058689754
NH16,119.0,22.438249172450746,87.85295479790966
NH16,120.0,22.434748197439998,87.86191215356966
NH16,121.0,22.431350741210043,87.87090425266408
NH16,122.0,22.43642479081311,87.87838294172242
NH16,123.0,22.442690144410292,87.88538269835638
NH16,124.0,22.448459728567386,87.89284563963656
NH16,125.0,22.452332764202815,87.90139008920177
NH16,126.0,22.455374504606084,87.91053004343397
NH16,127.0,22.458076111688996,87.91980326152037
NH16,128.0,22.460856040162117,87.92903162937016
NH16,129.0,22.46271564446203,87.93854039839157
NH16,130.0,22.464423473056353,87.94808360043152
NH16,131.0,22.46611114708574,87.95763129698922
NH16,132.0,22.470942686744582,87.96565552949446
NH16,133.0,22.469094549827865,87.97485495104921
NH16,134.0,22.470575560423224,87.98444238288646
NH16,135.0,22.471560200099496,87.99405895892178
NH16,136.0,22.472409754119788,88.00366979769386
NH16,137.0,22.47233695356539,88.01338823151897
NH16,138.0,22.47469704000248,88.02276162012659
NH16,139.0,22.477822254395623,88.03147292013053
NH16,140.0,22.477929756901744,88.0411917228899
NH16,141.0,22.478014758992888,88.05091077623356
NH16,142.0,22.478367955476457,88.0606213765692
NH16,143.0,22.478713190594288,88.07032793697228
NH16,144.0,22.477040234233797,88.07987882582312
NH16,145.0,22.476050165172843,88.08903495505467
NH16,146.0,22.47815050711137,88.09769900886464
NH16,147.0,22.483011622438042,88.10569453361946
NH16,148.0,22.489253666160412,88.11263397922556
NH16,149.0,22.494301892852288,88.12062450729277
NH16,150.0,22.50057839535341,88.12734595398061
NH16,151.0,22.507789818257848,88.1331083060994
NH16,152.0,22.51559220108611,88.13780640543128
NH16,153.0,22.523206724749063,88.1430350507001
NH16,154.0,22.531169060524274,88.14745318374612
NH16,155.0,22.540194169491265,88.14780264594647
NH16,156.0,22.547777886377276,88.15295614193057
NH16,157.0,22.555232030800763,88.15841136435891
NH16,158.0,22.564211989397737,88.15909808721955
NH16,159.0,22.56989007497765,88.16557173957891
NH16,160.0,22.573442142031503,88.17450008714238
NH16,161.0,22.573187146737823,88.1841318379597
NH16,162.0,22.576333932941193,88.19320941554537
NH16,163.0,22.579640568167378,88.20225944856085
NH16,164.0,22.583031054835466,88.21127399066918
NH16,165.0,22.588801478026422,88.21835550465904
NH16,166.0,22.595961550718958,88.22428377200389
NH16,167.0,22.60066610712243,88.23239362487364
NH16,168.0,22.60447419384572,88.24121440207136
NH16,169.0,22.60639948936044,88.25057773454354
NH16,170.0,22.60663826090235,88.26019935009404
NH16,171.0,22.61086551579507,88.26867353804593
NH16,172.0,22.606119216387096,88.25392805510498
NH16,173.0,22.605574778002637,88.24430210391259
NH16,174.0,22.601849343554022,88.23544391027467
NH16,175.0,22.598027739547025,88.226631704317
NH16,176.0,22.591114420419178,88.22043945158319
NH16,177.0,22.584088151616765,88.21438013630953
NH16,178.0,22.580680069850164,88.20538091658861
NH16,179.0,22.57734809064839,88.19634088080393
NH16,180.0,22.57395199808782,88.18732935446347
NH16,181.0,22.5736170328622,88.17782480510182
NH16,182.0,22.57113558825234,88.1686198014978
NH16,183.0,22.56701960927072,88.16003077539476
NH16,184.0,22.558158317295447,88.15893482120846
NH16,185.0,22.550168290025045,88.15496042646582
NH16,186.0,22.542811484344124,88.1493193770019
NH16,187.0,22.534126389753954,88.14769913025972
NH16,188.0,22.525739125479724,88.1448290774021
NH16,189.0,22.518095512068406,88.13965172096417
NH16,190.0,22.510335616060672,88.13473896557126
NH16,191.0,22.503045058462448,88.12924882059353
NH16,192.0,22.495931918612577,88.123443083678
NH16,193.0,22.49121610285344,88.11516781123981
NH16,194.0,22.48514771934061,88.1080434426573
NH16,195.0,22.479267738721635,88.1007159923989
NH16,196.0,22.477854358282823,88.09170177561475
NH16,197.0,22.476179613757967,88.08318979596997
NH16,198.0,22.477992966355604,88.07368341951972
NH16,199.0,22.478381277150252,88.06403053030073
NH16,200.0,22.477950007921784,88.054322150018
NH16,201.0,22.47782255761616,88.04460417790706
NH16,202.0,22.477736736552504,88.03488512758622
NH16,203.0,22.475963911794576,88.02575564549797
NH16,204.0,22.472973627028033,88.01667647914576
NH16,205.0,22.47222991232171,88.00706490652206
NH16,206.0,22.47150829746644,87.99742047173638
NH16,207.0,22.47094862766175,87.98779423464158
NH16,208.0,22.46950001115047,87.97820235565473
NH16,209.0,22.46989343239583,87.96884853542502
NH16,210.0,22.4675009154594,87.96053668192
NH16,211.0,22.464881567514876,87.95141180467684
NH16,212.0,22.463164198238083,87.94187040764685
NH16,213.0,22.461410749011872,87.93233744077365
NH16,214.0,22.459004405109336,87.92298693608431
NH16,215.0,22.45618461777326,87.91376002862955
NH16,216.0,22.453241658022044,87.9045782266508
NH16,217.0,22.450179685666214,87.89555439547955
NH16,218.0,22.444612622089434,87.88791295905621
NH16,219.0,22.438277519888484,87.88098770715322
NH16,220.0,22.431936286382175,87.87407981762287
NH16,221.0,22.433377822043163,87.8649715546642
NH16,222.0,22.436924555362125,87.85603495380894
NH16,223.0,22.439090701458387,87.84682094348035
NH16,224.0,22.436503867321623,87.83751710449096
NH16,225.0,22.433793795978783,87.82824841149237
NH16,226.0,22.430831496745878,87.81906917741473
NH16,227.0,22.427937697202545,87.80986477433336
NH16,228.0,22.42527077758182,87.80058140486798
NH16,229.0,22.422491466453884,87.79134788342616
NH16,230.0,22.419502318383426,87.78219089501367
NH16,231.0,22.416863120872296,87.7728999144875
NH16,232.0,22.414154068153273,87.76363142695764
NH16,233.0,22.411412540489554,87.7543740746034
NH16,234.0,22.40874559978422,87.74509214556984
NH16,235.0,22.406081985751154,87.73580895096188
NH16,236.0,22.40686158930524,87.72616959518527
NH16,237.0,22.40887677047491,87.71675944294776
NH16,238.0,22.40831852832857,87.70813519277159
NH16,239.0,22.400807754822413,87.70298717566452
NH16,240.0,22.399117689454,87.69383401026282
NH16,241.0,22.400874977705804,87.6843266222425
NH16,242.0,22.404639904187565,87.67550518279816
NH16,243.0,22.405906745998667,87.66602242755812
NH16,244.0,22.40483700007654,87.65639771138828
NH16,245.0,22.403806713074523,87.64677982084821
NH16,246.0,22.40240284583643,87.63718311599466
NH16,247.0,22.40098212558683,87.62759390951403
NH16,248.0,22.39927475441352,87.61806894540115
NH16,249.0,22.396250683084887,87.60891579770255
NH16,250.0,22.39361526107134,87.59964555828522
NH16,251.0,22.392565956282255,87.5900027362916
NH16,252.0,22.391276067009063,87.58038921831356
NH16,253.0,22.392225970502125,87.57074056211668
NH16,254.0,22.394428878062786,87.56161124990874
NH16,255.0,22.3960130224261,87.5521745775307
NH16,256.0,22.396660532822548,87.54248724829365
NH16,257.0,22.396925390136158,87.53277757114442
NH16,258.0,22.396886822360145,87.52306316752076
NH16,259.0,22.39432744948433,87.51412395687026
NH16,260.0,22.393802226971566,87.50488573217402
NH16,261.0,22.396234782371938,87.49554070575235
NH16,262.0,22.397778220375056,87.48600352034826
NH16,263.0,22.39719810316789,87.47636263266048
NH16,264.0,22.391819135217826,87.46856830685826
NH16,265.0,22.38934457995004,87.45942906161112
NH16,266.0,22.38818730299594,87.44979474113214
NH16,267.0,22.387055292944567,87.44015700848044
NH16,268.0,22.3856555231097,87.43056009646055
NH16,269.0,22.38469170622489,87.42092175904557
NH16,270.0,22.382867334250754,87.41143726583647
NH16,271.0,22.382183392563647,87.4017601867994
NH16,272.0,22.38283066896444,87.39208120749582
NH16,273.0,22.385905269057165,87.38303725543518
NH16,274.0,22.385862770155335,87.37404360601222
NH16,275.0,22.379795982997805,87.3681115042972
NH16,276.0,22.371317171576653,87.37060417894224
NH16,277.0,22.364030244635604,87.37632316055847
NH16,278.0,22.356208012795154,87.38117989186298
NH16,279.0,22.348234938995763,87.38572837539263
NH16,280.0,22.339989722028516,87.38969686445911
NH16,281.0,22.331757373662082,87.39369483159537
NH16,282.0,22.323486236798317,87.39758716555339
NH16,283.0,22.314478050706516,87.39737184566677
NH16,284.0,22.305458743669924,87.39682382678488
NH16,285.0,22.296454614516463,87.39605557910791
NH16,286.0,22.287443224613444,87.395373621959
NH16,287.0,22.278428719884236,87.39473883283671
NH16,288.0,22.269414537220026,87.3941008043339
NH16,289.0,22.260393189476236,87.39358648849826
NH16,290.0,22.25137557138,87.39300459908624
NH16,291.0,22.242364866362234,87.39230715366782
NH16,292.0,22.23335589837024,87.39159025651789
NH16,293.0,22.224641570625373,87.39166206554766
NH16,294.0,22.216167260861475,87.39116597885506
NH16,295.0,22.207171495139338,87.39029148546206
NH16,296.0,22.198175866557083,87.38983166187549
NH16,297.0,22.18918537064987,87.38918300455138
NH16,298.0,22.180198652539264,87.38819448290465
NH16,299.0,22.172765702302637,87.3929813719073
NH16,300.0,22.16640633764034,87.3998672485996
NH16,301.0,22.159398025513465,87.40584412193525
NH16,302.0,22.150575973472165,87.40583875512759
NH16,303.0,22.14398069121516,87.39946876875659
NH16,304.0,22.138778144396316,87.39154097181141
NH16,305.0,22.13360394711564,87.38359558807493
NH16,306.0,22.126948804925277,87.3770529371915
NH16,307.0,22.11957309467203,87.37148253062793
NH16,308.0,22.111974419812977,87.36623905657467
NH16,309.0,22.10434680461046,87.36104367873763
NH16,310.0,22.09671911693552,87.35584876028277
NH16,311.0,22.08910869617648,87.35062574709299
NH16,312.0,22.080989258076762,87.34792106588338
NH16,313.0,22.072336922748658,87.34988871070946
NH16,314.0,22.06334515968356,87.34922554227836
NH16,315.0,22.058362224018026,87.34164394902012
NH16,316.0,22.057486473410396,87.33202040936258
NH16,317.0,22.05177737673533,87.32488830502976
NH16,318.0,22.04384277566637,87.32027795564214
NH16,319.0,22.03551812413167,87.31660807677909
NH16,320.0,22.02687136884411,87.31380068044514
NH16,321.0,22.01810930407534,87.31174298519589
NH16,322.0,22.009937456927304,87.3076131399123
NH16,323.0,22.001768281061015,87.30347726126274
NH16,324.0,21.993172964482504,87.3005277592796
NH16,325.0,21.985009821770213,87.29684655661585
NH16,326.0,21.97850149422761,87.29012995710697
NH16,327.0,21.971968903284516,87.2834475166244
NH16,328.0,21.965242256821274,87.27698208994377
NH16,329.0,21.95862343372727,87.27039596232429
NH16,330.0,21.951196806591657,87.26496232699493
NH16,331.0,21.942220834420546,87.26522089615646
NH16,332.0,21.933278649974977,87.26659514415647
NH16,333.0,21.924338123627006,87.26798473026065
NH16,334.0,21.91537846780947,87.26909620931734
NH16,335.0,21.90662886489958,87.26680784532857
NH16,336.0,21.8978019287228,87.26474437980538
NH16,337.0,21.888975124554925,87.26268120055136
NH16,338.0,21.880079114187033,87.26119915610947
NH16,339.0,21.871397863297293,87.25875060899054
NH16,340.0,21.86275545977697,87.25596270457926
NH16,341.0,21.85413071538545,87.25316473982255
NH16,342.0,22.47227120456495,88.00142845685397
NH16,343.0,22.655269700000005,88.3093847
NH17,0.0,26.902620599999995,88.4722273
NH17,1.0,26.897103229146342,88.47550685788683
NH17,2.0,26.888571875750053,88.47675256639002
NH17,3.0,26.88295995853698,88.48385123581292
NH17,4.0,26.88139948052316,88.49073274895413
NH17,5.0,26.87821740777894,88.50008264408548
NH17,6.0,26.875077030751665,88.50951853803363
NH17,7.0,26.871827572299726,88.51890838199438
NH17,8.0,26.87297450574942,88.52838728872366
NH17,9.0,26.871874303795202,88.53766807644296
NH17,10.0,26.870877957336756,88.54645272981838
NH17,11.0,26.867759211294835,88.55557317111861
NH17,12.0,26.865475898745597,88.56501592684864
NH17,13.0,26.86672102413038,88.57488551770646
NH17,14.0,26.869087712233522,88.58450578879936
NH17,15.0,26.872771348082612,88.59358939806532
NH17,16.0,26.875709771474863,88.60306726391326
NH17,17.0,26.873855815581354,88.59663345373495
NH17,18.0,26.873408500680462,88.6131143581608
NH17,19.0,26.867699158692332,88.62090218940946
NH17,20.0,26.863919822716085,88.62983673450597
NH17,21.0,26.86187678600394,88.63922647706897
NH17,22.0,26.869316863273934,88.64303057320691
NH17,23.0,26.87395986637755,88.64959506346872
NH17,24.0,26.872064767163188,88.65936806525133
NH17,25.0,26.869784937982974,88.6690869183143
NH17,26.0,26.869494172643932,88.67914240694296
NH17,27.0,26.86910386295302,88.68919009353522
NH17,28.0,26.868881202330815,88.69925088157234
NH17,29.0,26.86886757840783,88.70930740518415
NH17,30.0,26.869057207371092,88.71774609988516
NH17,31.0,26.870693730417845,88.7274893606257
NH17,32.0,26.86999788916689,88.73732580829055
NH17,33.0,26.870217411785564,88.74729668742347
NH17,34.0,26.87711951820358,88.74739890979153
NH17,35.0,26.881824943813424,88.75255538468826
NH17,36.0,26.880878457918307,88.76256457242113
NH17,37.0,26.88011701259076,88.77258817089258
NH17,38.0,26.879978426540383,88.78263018529724
NH17,39.0,26.881036037092482,88.79262521221027
NH17,40.0,26.88138520104579,88.8025686694045
NH17,41.0,26.88140544131645,88.81261466798452
NH17,42.0,26.881249304736166,88.82267432123369
NH17,43.0,26.882721943527784,88.83255339871103
NH17,44.0,26.875683077708064,88.83816486357942
NH17,45.0,26.872538132563044,88.84676620662634
NH17,46.0,26.872137945556954,88.85681839096121
NH17,47.0,26.87185013156651,88.86687635417178
NH17,48.0,26.871532187077275,88.87693296234204
NH17,49.0,26.871933968057924,88.88692998020898
NH17,50.0,26.869617822804212,88.89626969693305
NH17,51.0,26.870676492026867,88.90580978630057
NH17,52.0,26.874005241060086,88.9151604350162
NH17,53.0,26.877985749681702,88.92408789378128
NH17,54.0,26.881370683503686,88.93239207372297
NH17,55.0,26.87873825679261,88.9419280950485
NH17,56.0,26.8756842766269,88.95130684642277
NH17,57.0,26.87522533430248,88.96135704806468
NH17,58.0,26.877181750946296,88.9709766349415
NH17,59.0,26.875095678767067,88.98073406134932
NH17,60.0,26.87081031373061,88.98951623774703
NH17,61.0,26.865341487771452,88.99739619212411
NH17,62.0,26.858622580133083,89.0041128958931
NH17,63.0,26.85123190935452,89.00959485911348
NH17,64.0,26.84235736460618,89.01142003580235
NH17,65.0,26.833542218056472,89.01352360951948
NH17,66.0,26.824923958948997,89.01650596864532
NH17,67.0,26.816305406102867,89.01948780394319
NH17,68.0,26.807685135607255,89.02246351426925
NH17,69.0,26.798873008141026,89.02331402006445
NH17,70.0,26.79014755771923,89.02080756583224
NH17,71.0,26.78357472620211,89.02683347243733
NH17,72.0,26.77689598843115,89.03303383652052
NH17,73.0,26.768262178673854,89.03595581706624
NH17,74.0,26.75963001192658,89.03888402459323
NH17,75.0,26.751605303363252,89.04307995543404
NH17,76.0,26.746787892314725,89.05144111583532
NH17,77.0,26.739542272624472,89.05252422242091
NH17,78.0,26.730606847649675,89.05389323160041
NH17,79.0,26.72177512328769,89.05589611490515
NH17,80.0,26.713299256690842,89.05931256742227
NH17,81.0,26.706085753277712,89.06308217369595
NH17,82.0,26.70533498228261,89.07240550413066
NH17,83.0,26.706450787831137,89.08006212276634
NH17,84.0,26.706329193035604,89.08994285317665
NH17,85.0,26.704351187861256,89.09955358275069
NH17,86.0,26.704780432364124,89.10954399883529
NH17,87.0,26.70436603254497,89.1195803913763
NH17,88.0,26.70410782403509,89.12962322444811
NH17,89.0,26.703912531399265,89.13966787643298
NH17,90.0,26.698673547043366,89.14640551115345
NH17,91.0,26.689848013966508,89.14841633896172
NH17,92.0,26.680902155419627,89.14969923814095
NH17,93.0,26.671938984002875,89.14909696798385
NH17,94.0,26.663055746970173,89.14733029605434
NH17,95.0,26.65410797031161,89.14625978577394
NH17,96.0,26.645086514994762,89.14602425206903
NH17,97.0,26.63615864677376,89.14646818202442
NH17,98.0,26.627624973585174,89.1493558934652
NH17,99.0,26.619250249785516,89.15011635912835
NH17,100.0,26.610896148779553,89.14652449940642
NH17,101.0,26.603252227575844,89.14159278942532
NH17,102.0,26.595023609674932,89.14568664626165
NH17,103.0,26.586597078785076,89.14916984785563
NH17,104.0,26.57883360819279,89.15427795181085
NH17,105.0,26.569829924612122,89.15404044064603
NH17,106.0,26.561010200614845,89.15487108716658
NH17,107.0,26.55661435694983,89.16230979335822
NH17,108.0,26.549771960900607,89.1687961981686
NH17,109.0,26.54239289796374,89.17455968302039
NH17,110.0,26.53754608232483,89.18236534841088
NH17,111.0,26.531259001822285,89.1895312377478
NH17,112.0,26.491941303973793,89.36746722418506
NH17,113.0,26.48744743290829,89.35911697875126
NH17,114.0,26.478811647878256,89.35731851779519
NH17,115.0,26.470296355084166,89.36063451365969
NH17,116.0,26.461757924772208,89.36387549878147
NH17,117.0,26.453203322249454,89.36706361059069
NH17,118.0,26.444645005715103,89.37023872754664
NH17,119.0,26.43606655733231,89.37334617718977
NH17,120.0,26.42747963450312,89.3764228960697
NH17,121.0,26.41889635075047,89.37949530485987
NH17,122.0,26.410252667844823,89.3822491508296
NH17,123.0,26.401310873526036,89.38358684451579
NH17,124.0,26.392653424034265,89.38603276713201
NH17,125.0,26.38450024421318,89.39032245069777
NH17,126.0,26.376328483856057,89.39456982403674
NH17,127.0,26.368168560085934,89.39884472628303
NH17,128.0,26.360007787568854,89.40311610387673
NH17,129.0,26.35180678981825,89.4072921272736
NH17,130.0,26.34993099264003,89.41672631856139
NH17,131.0,26.34865165245511,89.42663710224664
NH17,132.0,26.34712375786308,89.4365062938482
NH17,133.0,26.345542248979555,89.4463649728208
NH17,134.0,26.343953804071397,89.45622077211289
NH17,135.0,26.343750281836595,89.46620040960838
NH17,136.0,26.342399054827027,89.47578710215203
NH17,137.0,26.333870571056195,89.47837651755172
NH17,138.0,26.32513189338727,89.4805765134836
NH17,139.0,26.322443274480328,89.48994858194439
NH17,140.0,26.32066955388756,89.4997649175653
NH17,141.0,26.318930280263874,89.50958892665778
NH17,142.0,26.316466944785954,89.51915884900072
NH17,143.0,26.313841501722873,89.52870677123043
NH17,144.0,26.310764910000195,89.53811686096417
NH17,145.0,26.313136909310824,89.5475227696663
NH17,146.0,26.31250956026804,89.55661567871539
NH17,147.0,26.30762133237735,89.56478191028928
NH17,148.0,26.307235710137785,89.57477917467256
NH17,149.0,26.302895646544272,89.58245419606492
NH17,150.0,26.30667020986955,89.59039941174697
NH17,151.0,26.306426777976483,89.60038425373979
NH17,152.0,26.30571106503557,89.6103391362233
NH17,153.0,26.30498521349538,89.62031574194737
NH17,154.0,26.301985598286628,89.62904920665002
NH17,155.0,26.30285816769111,89.63785057216052
NH17,156.0,26.30210195970113,89.6477514734814
NH17,157.0,26.30718163373824,89.65594872123972
NH17,158.0,26.308758849719467,89.66579913241351
NH17,159.0,26.30869572538618,89.67499460009756
NH17,160.0,26.308569906293407,89.68330295810227
NH17,161.0,26.30780710833031,89.69270429227063
NH17,162.0,26.309772393471036,89.70244224314737
NH17,163.0,26.31023667970063,89.71240202889258
NH17,164.0,26.311759270580964,89.72217433742043
NH17,165.0,26.31411478459108,89.73157812292374
NH17,166.0,26.313792559992102,89.7412251435433
NH17,167.0,26.703577515688146,89.14503692846435
NH17,168.0,26.703843300000003,89.1417383
NH17;NH27,0.0,26.493865599999996,89.3683878
NH17;NH27,1.0,26.498240308508517,89.35971134552378
NH17;NH27,2.0,26.49947384626675,89.34996168438671
NH17;NH27,3.0,26.500396092087986,89.33999910215263
NH17;NH27,4.0,26.501134532603547,89.33003984288096
NH17;NH27,5.0,26.503334889829297,89.32041995522094
NH17;NH27,6.0,26.501461686484554,89.31079244702606
NH17;NH27,7.0,26.500753056983104,89.30083713745083
NH17;NH27,8.0,26.50117470635647,89.29082529750414
NH17;NH27,9.0,26.502326315404236,89.28110573304403
NH17;NH27,10.0,26.507151313513777,89.27336442735171
NH17;NH27,11.0,26.509476741330587,89.26444150080292
NH17;NH27,12.0,26.51012390923869,89.25581517581348
NH17;NH27,13.0,26.507846077544514,89.24652728477616
NH17;NH27,14.0,26.50892019722645,89.2365692207521
NH17;NH27,15.0,26.511248666573604,89.22688294581432
NH17;NH27,16.0,26.51381708481633,89.21728069657361
NH17;NH27,17.0,26.516656250274092,89.20783917150581
NH17;NH27,18.0,26.522041859733317,89.19995727549167
NH17;NH27,19.0,26.526474600000004,89.1949532
NH18,0.0,23.0658055,86.2000971
NH18,1.0,23.06069120433359,86.19211227844306
NH18,2.0,23.056114008354573,86.18386254491647
NH18,3.0,23.04945203312823,86.17766877735475
NH18,4.0,23.04525301434244,86.16920360781306
NH18,5.0,23.038798807120365,86.1624955610982
NH18,6.0,23.03143231422286,86.15696535653107
NH18,7.0,23.070270914570955,86.20657896844108
NH18,8.0,23.075773776851836,86.21431809924178
NH18,9.0,23.08043893902867,86.21910089688343
NH18,10.0,23.086903487707747,86.22590237391452
NH18,11.0,23.09469702597403,86.23078349235406
NH18,12.0,23.103238431651025,86.2337859713341
NH18,13.0,23.111538402883102,86.23693473710202
NH18,14.0,23.11926690051045,86.24173981759013
NH18,15.0,23.12779572517068,86.24449035328755
NH18,16.0,23.13645158876253,86.24728029302486
NH18,17.0,23.145113883450165,86.25004501256453
NH18,18.0,23.153568923367708,86.25344435998156
NH18,19.0,23.160460493475778,86.25953954712355
NH18,20.0,23.16719112981154,86.2659970291093
NH18,21.0,23.173182837505653,86.27315193785736
NH18,22.0,23.17953085254776,86.28006086014327
NH18,23.0,23.18722961292108,86.28502964359126
NH18,24.0,23.19509992872005,86.28975486439671
NH18,25.0,23.203110730001764,86.29425173846168
NH18,26.0,23.21146897242234,86.29716997880594
NH18,27.0,23.219794815065946,86.30016505961291
NH18,28.0,23.226865263451263,86.30513593635185
NH18,29.0,23.232873583057415,86.30654060352558
NH18,30.0,23.238872870706576,86.31341343076471
NH18,31.0,23.243869724662602,86.32150669938815
NH18,32.0,23.24966737231017,86.32900215335475
NH18,33.0,23.2554186207076,86.33653919978973
NH18,34.0,23.262920474660273,86.34197205026635
NH18,35.0,23.27019560858204,86.34774061879516
NH18,36.0,23.2766545691769,86.35456467158645
NH18,37.0,23.28434524313688,86.35952279966709
NH18,38.0,23.292593617749258,86.35872329526642
NH18,39.0,23.307388848603892,86.3572126787659
NH18,40.0,23.31357818999786,86.35012786152382
NH18,41.0,23.32041866937872,86.343773344641
NH18,42.0,23.336530847051204,86.3230798882197
NH18,43.0,23.34438223421238,86.31824384730692
NH18,44.0,23.35268911556756,86.31458384335615
NH18,45.0,23.361536677348756,86.3128841735629
NH18,46.0,23.37056881365345,86.31289280077101
NH18,47.0,23.380015852412498,86.3051616787555
NH18,48.0,23.38455348522769,86.29670512324505
NH18,49.0,23.38859552492452,86.28795449737774
NH18,50.0,23.39219377402915,86.27898744741245
NH18,51.0,23.39642790870023,86.270400385589
NH18,52.0,23.4011143988968,86.26212158992651
NH18,53.0,23.404493082270633,86.25304758786062
NH18,54.0,23.407279385890092,86.2437385915483
NH18,55.0,23.409511005787447,86.23428743403232
NH18,56.0,23.41453055653063,86.22745577812313
NH18,57.0,23.422510735001346,86.22323867122682
NH18,58.0,23.4308563528477,86.2196148355261
NH18,59.0,23.43882363347816,86.21500409238242
NH18,60.0,23.44748691547585,86.21255129576541
NH18,61.0,23.4220440102027,86.22350151142554
NH18,62.0,23.41406491117853,86.22771309786879
NH18,63.0,23.397300818417534,86.26910127215093
NH18,64.0,23.392747109023166,86.2775282744366
NH18,65.0,23.3926087,86.2777871
NH19,0.0,23.76682705944373,86.82772619430457
NH19,1.0,23.768825459829877,86.83729224393191
NH19,2.0,23.771129097116162,86.84677820918452
NH19,3.0,23.769254073551544,86.85626972279141
NH19,4.0,23.76420399748492,86.86438332193977
NH19,5.0,23.75794692791597,86.87129323877186
NH19,6.0,23.750732327310153,86.87719512757246
NH19,7.0,23.745432570555156,86.88506565690582
NH19,8.0,23.74129822909656,86.89372988559221
NH19,9.0,23.740801540362906,86.90351737288832
NH19,10.0,23.736754862908327,86.9121328248501
NH19,11.0,23.731534300477897,86.92013944396533
NH19,12.0,23.726336854560856,86.92816291519027
NH19,13.0,23.721035961127892,86.93610332526833
NH19,14.0,23.718697729410415,86.94554198737185
NH19,15.0,23.716206328645935,86.9549694411356
NH19,16.0,23.713023985942964,86.96414413839358
NH19,17.0,23.709350291576346,86.97310498586407
NH19,18.0,23.705643887657736,86.98201683751999
NH19,19.0,23.69902559257147,86.9886213670382
NH19,20.0,23.69189153074894,86.99430455244338
NH19,21.0,23.685844842785652,87.00133402325943
NH19,22.0,23.67943562129084,87.008226357288
NH19,23.0,23.673333197931747,87.01531757089305
NH19,24.0,23.67129007279097,87.02485638960893
NH19,25.0,23.66938970058646,87.0344434090775
NH19,26.0,23.66760090215846,87.04405420540986
NH19,27.0,23.665460440419853,87.05357782273738
NH19,28.0,23.66302283056983,87.06301783593872
NH19,29.0,23.660297569377384,87.07236090276267
NH19,30.0,23.656825597492357,87.08140495354729
NH19,31.0,23.65256243999374,87.09004648718434
NH19,32.0,23.647805743346346,87.09838013275805
NH19,33.0,23.642991079545624,87.10667541622429
NH19,34.0,23.638202560197122,87.11498853092573
NH19,35.0,23.641960846731056,87.10821860080883
NH19,36.0,23.646786322747634,87.09993028069786
NH19,37.0,23.65157834487086,87.09161921758066
NH19,38.0,23.655942446995954,87.08303634683963
NH19,39.0,23.6596035666035,87.07408012836538
NH19,40.0,23.662508200892088,87.06479829657948
NH19,41.0,23.66488010734368,87.05533892303687
NH19,42.0,23.667093788817287,87.04583592339188
NH19,43.0,23.668898005415254,87.03622967954661
NH19,44.0,23.670771075142746,87.0266361275165
NH19,45.0,23.672632354740127,87.01705996068578
NH19,46.0,23.677984774506154,87.00946150793456
NH19,47.0,23.68453030998538,87.00271488115087
NH19,48.0,23.690219736519126,86.99517694779523
NH19,49.0,23.697903283969552,86.99014513825354
NH19,50.0,23.70421931751511,86.98326455638872
NH19,51.0,23.70853456310943,86.97481846169323
NH19,52.0,23.712214348889727,86.96586054249592
NH19,53.0,23.715525001752066,86.9567378801697
NH19,54.0,23.718093446469968,86.94733705864952
NH19,55.0,23.720184746331547,86.93780123743147
NH19,56.0,23.725135389437966,86.92967014504578
NH19,57.0,23.7303560471595,86.92166676216647
NH19,58.0,23.7355947968584,86.91367471823428
NH19,59.0,23.740304903370067,86.90536852850153
NH19,60.0,23.74105563940345,86.89562136396238
NH19,61.0,23.744227488834465,86.88661773757964
NH19,62.0,23.749233567424675,86.87845813889047
NH19,63.0,23.75632372879417,86.87239909121575
NH19,64.0,23.76309884386578,86.8660180746566
NH19,65.0,23.768238892045122,86.85795367923431
NH19,66.0,23.77107373696567,86.8486935166484
NH19,67.0,23.769162167938582,86.83915943098877
NH19,68.0,23.766793975849883,86.8296920465732
NH19,69.0,23.631989124104372,87.1254366933886
NH19,70.0,23.627085079930065,87.13366859439631
NH19,71.0,23.621684324992025,87.14149074001905
NH19,72.0,23.614388563174103,87.14725480392609
NH19,73.0,23.609225926349534,87.15511057124598
NH19,74.0,23.605746753072168,87.16415615382381
NH19,75.0,23.602053049175375,87.17308463890436
NH19,76.0,23.59881657968813,87.18222542868081
NH19,77.0,23.595416131677748,87.1913043080863
NH19,78.0,23.59187795663306,87.20032112341259
NH19,79.0,23.58846757530123,87.20939612304053
NH19,80.0,23.585279888054448,87.21856609316447
NH19,81.0,23.580749533390332,87.22698598614556
NH19,82.0,23.575095364031753,87.23462853019417
NH19,83.0,23.569438881344507,87.24226872930683
NH19,84.0,23.563781234842978,87.2499075847437
NH19,85.0,23.558140876643996,87.25755955003794
NH19,86.0,23.55262929272997,87.26531949234109
NH19,87.0,23.54763906590739,87.27348093894273
NH19,88.0,23.54301457383047,87.28189704195124
NH19,89.0,23.538407160763555,87.29032387038048
NH19,90.0,23.53378161265724,87.29873862250726
NH19,91.0,23.52915455092061,87.30715218173891
NH19,92.0,23.52454320141118,87.31557481618457
NH19,93.0,23.519874938995194,87.32395748163411
NH19,94.0,23.515257172966958,87.33237613549875
NH19,95.0,23.510686477184898,87.34082437168344
NH19,96.0,23.50602885795646,87.3492155981315
NH19,97.0,23.501423525127866,87.35763856701979
NH19,98.0,23.49684707680308,87.36608228336075
NH19,99.0,23.49222545558409,87.37449683149227
NH19,100.0,23.4876458761572,87.38293815758766
NH19,101.0,23.4830546091312,87.39137160831328
NH19,102.0,23.478462953828952,87.39980439452712
NH19,103.0,23.473803820593854,87.40818766285386
NH19,104.0,23.469190377305182,87.41660612470434
NH19,105.0,23.464577087968287,87.42502438455323
NH19,106.0,23.459099489509537,87.43271435949963
NH19,107.0,23.459886355751298,87.4407511669582
NH19,108.0,23.460657402353014,87.44996245637952
NH19,109.0,23.459838990366904,87.4596973424915
NH19,110.0,23.456228376773154,87.46828994818158
NH19,111.0,23.44915286364377,87.4743753541734
NH19,112.0,23.44077397981059,87.47719576162098
NH19,113.0,23.433629783806683,87.48248248523677
NH19,114.0,23.429082218673408,87.49094022832584
NH19,115.0,23.424552529957214,87.49940902765415
NH19,116.0,23.420016381356263,87.5078734031707
NH19,117.0,23.415483116754082,87.51633931647623
NH19,118.0,23.410967286872683,87.52481590465223
NH19,119.0,23.406979754767576,87.53357664383935
NH19,120.0,23.407668196324707,87.54328126199026
NH19,121.0,23.40722663294149,87.55288087490736
NH19,122.0,23.40206499417975,87.56085337019655
NH19,123.0,23.39468047732034,87.56627745037416
NH19,124.0,23.391118369438114,87.57526731091355
NH19,125.0,23.387669711905797,87.58431163323559
NH19,126.0,23.38422851418295,87.5933591058914
NH19,127.0,23.38078567742479,87.6024056172245
NH19,128.0,23.377293640661204,87.61142923819342
NH19,129.0,23.37364587198966,87.6203797048423
NH19,130.0,23.369638874286657,87.62914664942093
NH19,131.0,23.365391949206412,87.6377806192471
NH19,132.0,23.361206382586136,87.64645034322517
NH19,133.0,23.357057401413833,87.65514042511138
NH19,134.0,23.35294756097841,87.66385174787807
NH19,135.0,23.34878820194567,87.67253543131207
NH19,136.0,23.34463376873797,87.6812214408112
NH19,137.0,23.340575180504537,87.68995971168178
NH19,138.0,23.33613601916676,87.69847348259685
NH19,139.0,23.331224552593323,87.7066816234381
NH19,140.0,23.32619363996508,87.71480465263296
NH19,141.0,23.321173155633776,87.72293431957137
NH19,142.0,23.316216776251736,87.73111042715107
NH19,143.0,23.31124858509714,87.73927795147586
NH19,144.0,23.30618772916163,87.74737623591237
NH19,145.0,23.301248037602967,87.75556222222801
NH19,146.0,23.29698953018097,87.76418450944203
NH19,147.0,23.292710181144958,87.77279551547436
NH19,148.0,23.28844123093974,87.78141256281233
NH19,149.0,23.284177385028727,87.79003211704541
NH19,150.0,23.279901196097594,87.7986442057196
NH19,151.0,23.2757087258703,87.80730301414951
NH19,152.0,23.27134177521882,87.81585893178287
NH19,153.0,23.267660926961383,87.82478395669925
NH19,154.0,23.26266581977899,87.83257843284785
NH19,155.0,23.25375956260224,87.83289145491547
NH19,156.0,23.24490107179365,87.83191905713505
NH19,157.0,23.23675735731096,87.83603206392482
NH19,158.0,23.22948493816108,87.84129244614797
NH19,159.0,23.22362130484668,87.8487232709638
NH19,160.0,23.219258251575383,87.85726046633258
NH19,161.0,23.21521040708078,87.86598443934598
NH19,162.0,23.214413807819994,87.8757054586868
NH19,163.0,23.215289578760338,87.88525572086458
NH19,164.0,23.2186278832744,87.89433590029746
NH19,165.0,23.219606025157464,87.90391858272652
NH19,166.0,23.219508555617935,87.91366566667554
NH19,167.0,23.218094518396185,87.92319139363971
NH19,168.0,23.214803481871055,87.9322718047242
NH19,169.0,23.212455133991618,87.94170679127072
NH19,170.0,23.210116554166586,87.95114407701215
NH19,171.0,23.20537672439196,87.95917446753538
NH19,172.0,23.198516740031067,87.9655266042385
NH19,173.0,23.196142858367075,87.97454757521942
NH19,174.0,23.196675450190714,87.98430140634187
NH19,175.0,23.197257861612623,87.99405098022882
NH19,176.0,23.19583397859455,88.00361518118471
NH19,177.0,23.193341471524956,88.01300479531572
NH19,178.0,23.189890972829815,88.0217950260826
NH19,179.0,23.18145222317411,88.02523286702599
NH19,180.0,23.17289711561998,88.02835981026705
NH19,181.0,23.164336742630475,88.03147495568312
NH19,182.0,23.155779465755515,88.03459998531456
NH19,183.0,23.14800963345173,88.03949514967492
NH19,184.0,23.14047013314178,88.04487290349222
NH19,185.0,23.132918486953134,88.05023046401139
NH19,186.0,23.125379017055415,88.05560761729971
NH19,187.0,23.117806289112423,88.06092939945508
NH19,188.0,23.110170004689593,88.06614195514469
NH19,189.0,23.102527536050772,88.07134550889124
NH19,190.0,23.09487858428669,88.07653749833194
NH19,191.0,23.087233455225302,88.08173552487521
NH19,192.0,23.080749622336384,88.08846310271002
NH19,193.0,23.07473758049761,88.09574447661745
NH19,194.0,23.068441411103194,88.10273891372614
NH19,195.0,23.062236690747387,88.10983203140346
NH19,196.0,23.055692127056588,88.11649310257653
NH19,197.0,23.048036737724335,88.12167204060282
NH19,198.0,23.040377186286428,88.12684315325382
NH19,199.0,23.032765737905244,88.13209630794599
NH19,200.0,23.025176795848846,88.13738714778304
NH19,201.0,23.017485047314796,88.14250102203017
NH19,202.0,23.00888360019099,88.1454004428029
NH19,203.0,23.000178888194508,88.14800223083077
NH19,204.0,22.99146790382404,88.15057932689287
NH19,205.0,22.982835991783453,88.15338347519089
NH19,206.0,22.975368170274177,88.15886907328161
NH19,207.0,22.967878683653808,88.16432076425414
NH19,208.0,22.960399644059606,88.1697888223321
NH19,209.0,22.952956584071746,88.17531303545942
NH19,210.0,22.945439099127835,88.18071668064067
NH19,211.0,22.938003966410747,88.18624873845886
NH19,212.0,22.93066034860798,88.19192532618317
NH19,213.0,22.922348164599253,88.1953221231443
NH19,214.0,22.91348793980104,88.19721351616346
NH19,215.0,22.90466717454198,88.19930689702096
NH19,216.0,22.895851038863206,88.20142477556766
NH19,217.0,22.88703510205366,88.20354356354757
NH19,218.0,22.87875755824725,88.20731856350064
NH19,219.0,22.87069350326394,88.21170827984852
NH19,220.0,22.862605993482656,88.21604629572423
NH19,221.0,22.854537192849666,88.22042498977359
NH19,222.0,22.84646688430424,88.22480046674426
NH19,223.0,22.838402510352246,88.2291883578596
NH19,224.0,22.830156609986737,88.2331337612842
NH19,225.0,22.82171308918183,88.23659184496965
NH19,226.0,22.813317980004836,88.24018354840456
NH19,227.0,22.80490347525388,88.24371938154496
NH19,228.0,22.796349171160816,88.24684405761063
NH19,229.0,22.787840270132612,88.25011025178402
NH19,230.0,22.779356460076173,88.25345153768009
NH19,231.0,22.770980895965906,88.25708644213638
NH19,232.0,22.762821021898603,88.26126119136276
NH19,233.0,22.754675890468107,88.26546922217865
NH19,234.0,22.74617831582436,88.26876423080681
NH19,235.0,22.737648609997365,88.2719647275889
NH19,236.0,22.7291134097804,88.27514898708645
NH19,237.0,22.720647271078317,88.2785277837346
NH19,238.0,22.71237165629687,88.2824233688152
NH19,239.0,22.704097334269953,88.28632586213581
NH19,240.0,22.695828785347466,88.29023879878582
NH19,241.0,22.68751919773176,88.29405056128587
NH19,242.0,22.679169062237367,88.2977554109111
NH19,243.0,22.67083303069508,88.30149985623326
NH19,244.0,22.662512965500976,88.30528391922482
NH19,245.0,22.65883086405231,88.31041012520582
NH19,246.0,22.66511202221266,88.30420020486503
NH19,247.0,22.67345732651231,88.3004787719171
NH19,248.0,22.68180931580746,88.29677690961289
NH19,249.0,22.690142873348865,88.29302633351647
NH19,250.0,22.69843533608518,88.28917275472392
NH19,251.0,22.70670546163989,88.28526027347787
NH19,252.0,22.71498226303712,88.28136373645346
NH19,253.0,22.723276533170004,88.27751161523223
NH19,254.0,22.731804875489082,88.27430739513278
NH19,255.0,22.740340731574683,88.27112511447406
NH19,256.0,22.74886565311458,88.26790946731464
NH19,257.0,22.75724764060505,88.26431499154147
NH19,258.0,22.765391823727906,88.26010469379818
NH19,259.0,22.77359018609893,88.25601982709811
NH19,260.0,22.782030798647266,88.25255761378982
NH19,261.0,22.79052009970016,88.24923274014463
NH19,262.0,22.79904158899998,88.24600487267884
NH19,263.0,22.807574301881072,88.24281730340972
NH19,264.0,22.815964600071233,88.23921106183062
NH19,265.0,22.824383655508413,88.23568619425416
NH19,266.0,22.832821160199423,88.23221013789548
NH19,267.0,22.840948435163554,88.22797517988243
NH19,268.0,22.849012505298138,88.22358650176814
NH19,269.0,22.85708517655717,88.21921599791769
NH19,270.0,22.86515513686295,88.21483949221123
NH19,271.0,22.87323928857859,88.21049341915494
NH19,272.0,22.8813084883537,88.20611463424662
NH19,273.0,22.889814400402486,88.20303247858202
NH19,274.0,22.898629772337564,88.20091093620731
NH19,275.0,22.90744425842453,88.19878564045747
NH19,276.0,22.91628341071925,88.1967853318383
NH19,277.0,22.925139405233587,88.19487059258736
NH19,278.0,22.93298216984534,88.19031289101257
NH19,279.0,22.940337870674295,88.18465437963103
NH19,280.0,22.947843607816328,88.17923559047102
NH19,281.0,22.955299021689374,88.17373218248883
NH19,282.0,22.962772237358255,88.16825510280646
NH19,283.0,22.970252279436814,88.16278852116022
NH19,284.0,22.97772780167582,88.15731465284591
NH19,285.0,22.985499312380096,88.15248988875301
NH19,286.0,22.99420902872276,88.1499078151388
NH19,287.0,23.002924714725,88.14734898450547
NH19,288.0,23.011624939246413,88.14472950355366
NH19,289.0,23.0199221458813,88.1410751033428
NH19,290.0,23.02757299460301,88.13589087309313
NH19,291.0,23.035158012660155,88.13059326134375
NH19,292.0,23.042798914348246,88.12538987050277
NH19,293.0,23.05045741683827,88.12021635886674
NH19,294.0,23.058008229145162,88.11488506692478
NH19,295.0,23.064215249411998,88.10779472888129
NH19,296.0,23.07041422663288,88.10069564360327
NH19,297.0,23.076688559914437,88.09367853622518
NH19,298.0,23.082716815284723,88.08641369830144
NH19,299.0,23.08965227311067,88.08027673702928
NH19,300.0,23.097297351138202,88.07507814587444
NH19,301.0,23.104944563789168,88.06988288479674
NH19,302.0,23.11257630047608,88.0646614117727
NH19,303.0,23.120205304432414,88.059435323553
NH19,304.0,23.12776376387279,88.05408977568999
NH19,305.0,23.135305361846573,88.0487163734056
NH19,306.0,23.14285707341538,88.04335884653038
NH19,307.0,23.150390590489412,88.03797137331735
NH19,308.0,23.158477098068524,88.03377377288578
NH19,309.0,23.167033073143013,88.03064446780101
NH19,310.0,23.17558911135668,88.02751568825947
NH19,311.0,23.18412237748496,88.02432042827928
NH19,312.0,23.191709759435295,88.01963143035066
NH19,313.0,23.194245728678418,88.0102588207547
NH19,314.0,23.19665800197594,88.00084365060502
NH19,315.0,23.197245415759042,87.99118023498518
NH19,316.0,23.196636340754257,87.98143212211927
NH19,317.0,23.19615985668466,87.9716757633007
NH19,318.0,23.200708526225043,87.963640664852
NH19,319.0,23.207581076560288,87.95730757066971
NH19,320.0,23.210963648050534,87.94835501535867
NH19,321.0,23.213244553689353,87.9388996997426
NH19,322.0,23.215770053675406,87.92952214981345
NH19,323.0,23.2191046854469,87.92048138664732
NH19,324.0,23.219420848867887,87.91077075989276
NH19,325.0,23.21972791887297,87.90101294952095
NH19,326.0,23.217760988577556,87.8916272984788
NH19,327.0,23.214449146523055,87.8825372592608
NH19,328.0,23.21469098285722,87.87280408365527
NH19,329.0,23.21642688794924,87.86334332016918
NH19,330.0,23.22056335717423,87.85465636733049
NH19,331.0,23.225518748812977,87.84655664123788
NH19,332.0,23.231276994261155,87.83902927421455
NH19,333.0,23.239456133416123,87.83521212429817
NH19,334.0,23.247674903247148,87.83175246631022
NH19,335.0,23.25657365007398,87.83334586993948
NH19,336.0,23.264949814400218,87.83092107094029
NH19,337.0,23.26882645750664,87.82214019000091
NH19,338.0,23.272804359684955,87.81337655258382
NH19,339.0,23.277088520268965,87.80476999776754
NH19,340.0,23.28127791556963,87.7961090747541
NH19,341.0,23.285547825284734,87.78749353176833
NH19,342.0,23.28983112968773,87.77888515321195
NH19,343.0,23.294098931015082,87.77026761334595
NH19,344.0,23.298338137167903,87.76163311603153
NH19,345.0,23.302814611009694,87.75314856072353
NH19,346.0,23.30780805111879,87.74500098022341
NH19,347.0,23.312840137960706,87.73688064784906
NH19,348.0,23.31780524091903,87.7287112880148
NH19,349.0,23.32275816332499,87.72053255472474
NH19,350.0,23.327808280230983,87.71242434519397
NH19,351.0,23.33282091540387,87.7042880270949
NH19,352.0,23.33759870769262,87.69598910576244
NH19,353.0,23.34184104202386,87.68736050386484
NH19,354.0,23.345953011229188,87.67865091744929
NH19,355.0,23.350142441234716,87.66998506217291
NH19,356.0,23.354252535058095,87.66127428355999
NH19,357.0,23.358414616976695,87.65259169432977
NH19,358.0,23.362554597202724,87.64389685363422
NH19,359.0,23.366772250317737,87.63524581168613
NH19,360.0,23.370977196996424,87.62658790775777
NH19,361.0,23.374829184383195,87.61774093406243
NH19,362.0,23.378477230984775,87.60879015195087
NH19,363.0,23.381914814036943,87.5997415838226
NH19,364.0,23.385351603774374,87.5906922954585
NH19,365.0,23.388804802365552,87.58165010567001
NH19,366.0,23.392240175001124,87.57259971739379
NH19,367.0,23.396689518628786,87.5642837840291
NH19,368.0,23.40397871727878,87.55873359363629
NH19,369.0,23.40812057231306,87.55013387025153
NH19,370.0,23.407440397223848,87.54040982668668
NH19,371.0,23.408095539565576,87.53089619683314
NH19,372.0,23.412406780783108,87.52230133588142
NH19,373.0,23.416934848362196,87.51383233992584
NH19,374.0,23.421479081809668,87.50537320313019
NH19,375.0,23.426014472704043,87.4969082196109
NH19,376.0,23.430549858104094,87.48844291277953
NH19,377.0,23.43534775810986,87.48019689537529
NH19,378.0,23.44365251718301,87.47703134196377
NH19,379.0,23.451426211055523,87.47259742984788
NH19,380.0,23.458221920112305,87.46619807700397
NH19,381.0,23.459997476190576,87.45678708480933
NH19,382.0,23.461136404677102,87.44707585785112
NH19,383.0,23.457999648692727,87.43889430309069
NH19,384.0,23.461186359533198,87.43070952367702
NH19,385.0,23.46609758521065,87.4225296803811
NH19,386.0,23.470694632450172,87.41410088749517
NH19,387.0,23.47528787782151,87.40566936023953
NH19,388.0,23.47997998745977,87.39730605692466
NH19,389.0,23.48450822313698,87.38883476440256
NH19,390.0,23.489131444446347,87.38042165616412
NH19,391.0,23.493747907886053,87.37200395780533
NH19,392.0,23.498341392933252,87.36357108236956
NH19,393.0,23.502946171335235,87.35514521856491
NH19,394.0,23.50757617570147,87.34674000101357
NH19,395.0,23.512177534737532,87.33831126781733
NH19,396.0,23.51676445714996,87.32987363312367
NH19,397.0,23.521436653130483,87.32149057518802
NH19,398.0,23.526044177578893,87.31307292379005
NH19,399.0,23.530674500414232,87.30466177023838
NH19,400.0,23.5352922412017,87.29624211778793
NH19,401.0,23.539904000811816,87.2878183280537
NH19,402.0,23.54452825372481,87.27940224348082
NH19,403.0,23.54916969890092,87.27099705828881
NH19,404.0,23.5543624661203,87.26298463277632
NH19,405.0,23.55997447724152,87.25530681484773
NH19,406.0,23.565632156469622,87.24766827563151
NH19,407.0,23.571276756187874,87.24001802226115
NH19,408.0,23.576951946556292,87.23239413121154
NH19,409.0,23.58250587747367,87.22467024609587
NH19,410.0,23.586350420970582,87.21583944936745
NH19,411.0,23.58963082573972,87.2067090400325
NH19,412.0,23.593026109762395,87.19762733602248
NH19,413.0,23.596510900957732,87.18858754036705
NH19,414.0,23.59994691611221,87.17952347058599
NH19,415.0,23.603244025448685,87.17039955262408
NH19,416.0,23.60691061863199,87.16145267109377
NH19,417.0,23.61042698884257,87.15242659636712
NH19,418.0,23.61678820549216,87.145634118814
NH19,419.0,23.62366207040668,87.13935107304972
NH19,420.0,23.62873423122604,87.13123997060073
NH19,421.0,23.6335748506241,87.12296310378538
NH19,422.0,23.635948900000002,87.1188125
NH218,0.0,23.4350088463925,86.30611542078708
NH218,1.0,23.4277802841023,86.31150969770735
NH218,2.0,23.41062399220545,86.3188145995331
NH218,3.0,23.40242771248999,86.32155395829079
NH218,4.0,23.39423635814654,86.32557236026163
NH218,5.0,23.385342919560124,86.32667943959324
NH218,6.0,23.37716933889625,86.32908980411325
NH218,7.0,23.370134182979434,86.33479070389657
NH218,8.0,23.36236008948717,86.3396467482656
NH218,9.0,23.35458298571922,86.34448248498167
NH218,10.0,23.346386217406376,86.34809856658201
NH218,11.0,23.33899791097273,86.3531267380942
NH218,12.0,23.33173913256709,86.349146169678
NH218,13.0,23.32409939216621,86.34401249321787
NH218,14.0,23.315607323054095,86.3415664321923
NH218,15.0,23.30722063078889,86.3449825978063
NH218,16.0,23.30228225291799,86.35307829544828
NH218,17.0,23.300211199999996,86.35770450000001
NH27,0.0,25.886316204674927,87.82278779473553
NH27,1.0,25.886864321498802,87.82310289241231
NH27,2.0,25.903818909582252,87.82892280859333
NH27,3.0,25.912388559099096,87.83205226670874
NH27,4.0,25.920319429261426,87.83681779854403
NH27,5.0,25.928357922893152,87.84133596369131
NH27,6.0,25.93692903005097,87.84447287695822
NH27,7.0,25.945506147871257,87.84759069016845
NH27,8.0,25.954483231759575,87.84847880603296
NH27,9.0,25.963495306961423,87.84908885998081
NH27,10.0,25.972507801450718,87.84968886275163
NH27,11.0,25.981520952626838,87.85028126880327
NH27,12.0,25.990532668046495,87.85089989236114
NH27,13.0,25.999485090355314,87.85192974687766
NH27,14.0,26.007056053667522,87.85733123945974
NH27,15.0,26.014493956279793,87.86299555276204
NH27,16.0,26.021929982406306,87.86866308790613
NH27,17.0,26.02914319226237,87.87464503563032
NH27,18.0,26.035738931887114,87.88146983908182
NH27,19.0,26.04232501863279,87.88830622731122
NH27,20.0,26.04890939967604,87.89514501783248
NH27,21.0,26.05550890982835,87.90196631872381
NH27,22.0,26.0624174184474,87.90839979656597
NH27,23.0,26.069386193788915,87.91475477897842
NH27,24.0,26.07614084815942,87.92138528819778
NH27,25.0,26.082757200873885,87.92818813144027
NH27,26.0,26.07662488375694,87.92171880566454
NH27,27.0,26.06987568584287,87.91508277525008
NH27,28.0,26.062933048404844,87.90869218248842
NH27,29.0,26.056017192275863,87.90226699503827
NH27,30.0,26.049400696681325,87.89546596667198
NH27,31.0,26.04281617134515,87.88862717637372
NH27,32.0,26.036224708832197,87.88179821415358
NH27,33.0,26.029634590146827,87.87496672089497
NH27,34.0,26.022465744506427,87.8689208449315
NH27,35.0,26.015027607550838,87.86325615597202
NH27,36.0,26.007596018206996,87.85758424873758
NH27,37.0,26.000090752541848,87.85205071266468
NH27,38.0,25.991181065953004,87.85080373901235
NH27,39.0,25.98216865169273,87.85019757278663
NH27,40.0,25.97315518828363,87.84961068269118
NH27,41.0,25.964143219237346,87.84899589011687
NH27,42.0,25.955131045432072,87.84838504232052
NH27,43.0,25.946134230967065,87.84762320660923
NH27,44.0,25.937544187648072,87.8445531638682
NH27,45.0,25.92897125484192,87.84141967291258
NH27,46.0,25.92088975252017,87.83700953491324
NH27,47.0,25.91298134885545,87.83219414547197
NH27,48.0,25.904434115967277,87.8290085213125
NH27,49.0,25.96185274837292,87.8489545458861
NH27,50.0,26.120918142458088,87.98392489507025
NH27,51.0,26.12565216638325,87.99244128447464
NH27,52.0,26.130258056995565,88.00104265006411
NH27,53.0,26.1349620474593,88.00957668183884
NH27,54.0,26.13953547246558,88.01820099912729
NH27,55.0,26.144059091711622,88.02685417375687
NH27,56.0,26.148622770179454,88.03548448719279
NH27,57.0,26.153210797011038,88.04410006564407
NH27,58.0,26.157758891560356,88.05274132248128
NH27,59.0,26.162318070666526,88.06137611181003
NH27,60.0,26.167213838704715,88.06976186593883
NH27,61.0,26.173446664534346,88.0769961267685
NH27,62.0,26.179564831639688,88.08434869974154
NH27,63.0,26.18547484411639,88.09191307113448
NH27,64.0,26.191383646927395,88.09947893253536
NH27,65.0,26.197320664422133,88.10701788835472
NH27,66.0,26.203232047579384,88.11458192340795
NH27,67.0,26.209143532616903,88.12214621802083
NH27,68.0,26.215045178248964,88.12972005577531
NH27,69.0,26.220944400617736,88.13729672503246
NH27,70.0,26.226854080418235,88.14486358275403
NH27,71.0,26.232736706536617,88.1524569760399
NH27,72.0,26.23728142371696,88.16077598574404
NH27,73.0,26.235703004538287,88.17062487291885
NH27,74.0,26.234534208912386,88.18050885255494
NH27,75.0,26.234707705011207,88.19051692967577
NH27,76.0,26.2389376870371,88.19870274434723
NH27,77.0,26.24594774004977,88.20490822085227
NH27,78.0,26.253943144537544,88.20946305653229
NH27,79.0,26.260256097131926,88.21658771626325
NH27,80.0,26.269013070700154,88.21818557179529
NH27,81.0,26.278014262978626,88.21780749744853
NH27,82.0,26.284247853170964,88.22479850514624
NH27,83.0,26.28907093911881,88.2332641273498
NH27,84.0,26.29388969858563,88.24173305174709
NH27,85.0,26.29872517881418,88.25019067071435
NH27,86.0,26.303638605223693,88.2585825052833
NH27,87.0,26.310150181294098,88.26551942213814
NH27,88.0,26.316681416455996,88.27243326633214
NH27,89.0,26.323170611649587,88.27939671664986
NH27,90.0,26.330010970702826,88.28584757474182
NH27,91.0,26.338806000171047,88.28807837617384
NH27,92.0,26.34655045011762,88.29292181047033
NH27,93.0,26.35298805912517,88.29981939565174
NH27,94.0,26.358535150323963,88.30751149352805
NH27,95.0,26.367345379446547,88.30960889018428
NH27,96.0,26.37612343291725,88.3118182583387
NH27,97.0,26.384912026080233,88.31280311932295
NH27,98.0,26.390324487861125,88.30482302451075
NH27,99.0,26.395519485246094,88.29662566573312
NH27,100.0,26.400767121700657,88.2884692772739
NH27,101.0,26.406962152346455,88.28119056301081
NH27,102.0,26.414256966450992,88.27549091401154
NH27,103.0,26.422295008918233,88.27092958618886
NH27,104.0,26.430345554171037,88.26639303324285
NH27,105.0,26.43837543304379,88.26181095379077
NH27,106.0,26.446080450972108,88.25671400204422
NH27,107.0,26.452256430845846,88.24940080239826
NH27,108.0,26.4570677119662,88.24102169319278
NH27,109.0,26.464276319066744,88.23539177749579
NH27,110.0,26.473274247040308,88.23619558613473
NH27,111.0,26.48226316885718,88.2371182290626
NH27,112.0,26.491183919476693,88.23783402741302
NH27,113.0,26.499931578302153,88.24030255749432
NH27,114.0,26.508633814799843,88.24288511246284
NH27,115.0,26.517421713807703,88.24416504933019
NH27,116.0,26.524494750886216,88.24851522461107
NH27,117.0,26.533514973704445,88.24873232108662
NH27,118.0,26.542267012356742,88.25011574258613
NH27,119.0,26.546959822259428,88.25861235093804
NH27,120.0,26.555776386611612,88.2605136616138
NH27,121.0,26.562324920667844,88.26717540764233
NH27,122.0,26.56846686421861,88.2745314833722
NH27,123.0,26.57565368645254,88.28016205198917
NH27,124.0,26.58401463879298,88.28394512520119
NH27,125.0,26.592157271924712,88.28815238417539
NH27,126.0,26.593656879537782,88.29758862929512
NH27,127.0,26.59192241015019,88.30740637701751
NH27,128.0,26.588698322901834,88.3165065703215
NH27,129.0,26.58473490841892,88.32438699085787
NH27,130.0,26.58692076305394,88.33396247013759
NH27,131.0,26.5871582767807,88.34391754885773
NH27,132.0,26.592474656499284,88.35053470015964
NH27,133.0,26.60081082988088,88.35429602015918
NH27,134.0,26.60878874060705,88.35893961233874
NH27,135.0,26.617322980896766,88.36176877094056
NH27,136.0,26.62620168231755,88.36354936065594
NH27,137.0,26.635004134934313,88.36577109771162
NH27,138.0,26.642631407931894,88.3708868470222
NH27,139.0,26.646644504410443,88.37973271860984
NH27,140.0,26.647566356253638,88.3896988265644
NH27,141.0,26.64538751801773,88.39944065956817
NH27,142.0,26.649141624106505,88.40526866383635
NH27,143.0,26.656113836614065,88.41132967079557
NH27,144.0,26.655830871520482,88.41679564628629
NH27,145.0,26.65533023300948,88.41677797521663
NH27,146.0,26.645637383763876,88.42217729332853
NH27,147.0,26.63900276729808,88.42890520204332
NH27,148.0,26.6322371600751,88.43552723515629
NH27,149.0,26.626749222910632,88.44268361088317
NH27,150.0,26.624129834995188,88.4522686184657
NH27,151.0,26.62270807496054,88.46216536517584
NH27,152.0,26.619569849233905,88.47110646238264
NH27,153.0,26.61275380249624,88.47769035660671
NH27,154.0,26.61709366851994,88.47366393084262
NH27,155.0,26.622509406392002,88.46601516414444
NH27,156.0,26.623577293942784,88.45604630824623
NH27,157.0,26.625695992642363,88.4463079322993
NH27,158.0,26.647659902304884,88.40520692031033
NH27,159.0,26.644495302310652,88.3985171562614
NH27,160.0,26.647502761987496,88.38887924948806
NH27,161.0,26.64638471425557,88.37892303535135
NH27,162.0,26.64200275742089,88.37029737464472
NH27,163.0,26.63413106202923,88.36566606111569
NH27,164.0,26.625324105073695,88.36346260741772
NH27,165.0,26.616431076320143,88.36179995539396
NH27,166.0,26.608032231221546,88.35854120888108
NH27,167.0,26.599946260688014,88.35416656800466
NH27,168.0,26.591675015339824,88.35070299812777
NH27,169.0,26.586389945437585,88.34624692688028
NH27,170.0,26.587004583205566,88.3363934520741
NH27,171.0,26.58546532025024,88.32662979424536
NH27,172.0,26.587847147348654,88.31887464844823
NH27,173.0,26.590432088316064,88.30940791929234
NH27,174.0,26.593169957800164,88.30012256249154
NH27,175.0,26.592747299327762,88.29056513111418
NH27,176.0,26.586031144692686,88.28493193722133
NH27,177.0,26.577651868283485,88.28119905934142
NH27,178.0,26.56985436157611,88.27649862875414
NH27,179.0,26.56376101242097,88.26909227907815
NH27,180.0,26.55765106163747,88.26170399567292
NH27,181.0,26.548966237139222,88.25948435892369
NH27,182.0,26.543360600427427,88.2523081441438
NH27,183.0,26.53565252799022,88.24894463889312
NH27,184.0,26.526630558877706,88.24859481048392
NH27,185.0,26.518629543496797,88.24627533539496
NH27,186.0,26.510779759785102,88.24308727069268
NH27,187.0,26.501989972631346,88.24113135496178
NH27,188.0,26.493277138712546,88.23851957388182
NH27,189.0,26.484398990816285,88.23749118316732
NH27,190.0,26.475415626958462,88.23651002716109
NH27,191.0,26.46641890877827,88.2356824198765
NH27,192.0,26.45856645242895,88.2395006725256
NH27,193.0,26.453725562475885,88.2478120392167
NH27,194.0,26.44755788420457,88.25513042885117
NH27,195.0,26.44028637663567,88.26085400035478
NH27,196.0,26.43225878641825,88.26544090711957
NH27,197.0,26.424218915693586,88.27000032175614
NH27,198.0,26.41617997363698,88.27455681485671
NH27,199.0,26.40848370759487,88.27964760234363
NH27,200.0,26.402171545683746,88.28681434476208
NH27,201.0,26.39679721254635,88.2948520344274
NH27,202.0,26.39159394658722,88.30304323964235
NH27,203.0,26.386381101531544,88.31122637215317
NH27,204.0,26.37822304391371,88.31244919936837
NH27,205.0,26.369432604393054,88.3101811508333
NH27,206.0,26.360568043316928,88.30830867540918
NH27,207.0,26.354071936989886,88.30200935537982
NH27,208.0,26.348194757975907,88.294549432881
NH27,209.0,26.340848904295594,88.28883480074403
NH27,210.0,26.332057682936878,88.28657887700103
NH27,211.0,26.324708105683314,88.28118494334265
NH27,212.0,26.318214672163062,88.27422600823543
NH27,213.0,26.31168227239373,88.26731301122835
NH27,214.0,26.305144011363844,88.260406452291
NH27,215.0,26.299840312114707,88.25236837548941
NH27,216.0,26.295003635366324,88.2439114360865
NH27,217.0,26.290183829750017,88.23544305303344
NH27,218.0,26.285360717891077,88.2269796877511
NH27,219.0,26.279683615047265,88.21900985646322
NH27,220.0,26.27096241803952,88.21817626881014
NH27,221.0,26.262047029759934,88.21754723677257
NH27,222.0,26.25526148449635,88.21119642880632
NH27,223.0,26.247717287756693,88.2059512551572
NH27,224.0,26.240359787995196,88.20032239072069
NH27,225.0,26.23464964293214,88.19287467966714
NH27,226.0,26.234462702813207,88.1828669155289
NH27,227.0,26.23517694847745,88.17293874272464
NH27,228.0,26.236888870837504,88.16310996270576
NH27,229.0,26.23398614981764,88.15424185956354
NH27,230.0,26.22807927886668,88.14667356733048
NH27,231.0,26.222174750483052,88.13910225796835
NH27,232.0,26.216279814317808,88.13152129650003
NH27,233.0,26.21039106972186,88.12393491089371
NH27,234.0,26.204470545761342,88.11637910503853
NH27,235.0,26.198563239173765,88.10881129291268
NH27,236.0,26.192661426081642,88.101238467241
NH27,237.0,26.18674151452826,88.09368355623326
NH27,238.0,26.180820433536447,88.08612977720865
NH27,239.0,26.17479537800404,88.07868365290634
NH27,240.0,26.168484953654612,88.0715304601185
NH27,241.0,26.16330344837348,88.06338938413907
NH27,242.0,26.158699201995915,88.05478406848216
NH27,243.0,26.15415960677507,88.0461377986125
NH27,244.0,26.149536098140757,88.03754799070222
NH27,245.0,26.14502686290062,88.02888510159765
NH27,246.0,26.140437760499314,88.02027340103136
NH27,247.0,26.13591505005574,88.011618142266
NH27,248.0,26.131191257497804,88.00309627511943
NH27,249.0,26.126637480752947,87.99446046630031
NH27,250.0,26.121916496681543,87.98593513426873
NH27,251.0,26.11715999891473,87.97743451890449
NH27,252.0,26.242814156601337,88.16537492061235
NH27,253.0,26.248748098168644,88.17291965332588
NH27,254.0,26.25471201277851,88.18043423274857
NH27,255.0,26.260625704740146,88.18799889756775
NH27,256.0,26.266403713903237,88.19568338285038
NH27,257.0,26.271376028482187,88.20404076979682
NH27,258.0,26.276352849527633,88.21239456380992
NH27,259.0,26.5943524622025,88.28831914159161
NH27,260.0,26.602864088350188,88.29157533069203
NH27,261.0,26.610282967788386,88.29697968770674
NH27,262.0,26.617210363678055,88.30318223529216
NH27,263.0,26.625739588555007,88.30646423843851
NH27,264.0,26.63425320503315,88.30980040937314
NH27,265.0,26.643072033759786,88.31149315590523
NH27,266.0,26.651873218508314,88.31099555237047
NH27,267.0,26.660855983100962,88.31177208491921
NH27,268.0,26.669225927067473,88.31544682665042
NH27,269.0,26.67799558218907,88.31644435857699
NH27,270.0,26.68683341305538,88.31493847131685
NH27,271.0,26.695737575779717,88.31649521848263
NH27,272.0,26.696226025087515,88.31676384787897
NH27,273.0,26.687336478640447,88.31508031962608
NH27,274.0,26.678486637822076,88.31645418492651
NH27,275.0,26.66967593855036,88.31578846595787
NH27,276.0,26.661347466061343,88.31194661939135
NH27,277.0,26.65236311314922,88.31117398460154
NH27,278.0,26.643557706056544,88.31149733925645
NH27,279.0,26.634718424795146,88.3100944362921
NH27,280.0,26.626205507086894,88.30675328458841
NH27,281.0,26.61764956532979,88.30355785414469
NH27,282.0,26.610622225339785,88.29752683859829
NH27,283.0,26.60335751889038,88.29181879415145
NH27,284.0,26.59481899783262,88.28865191458252
NH27,285.0,26.70697693596759,88.3706891151362
NH27,286.0,26.71198339064429,88.368086854154
NH27,287.0,26.70761007251782,88.35958473293678
NH27,288.0,26.70480626760661,88.35003988362477
NH27,289.0,26.702532729388956,88.34034300287041
NH27,290.0,26.701156576250487,88.33041593020381
NH27,291.0,26.699691379089973,88.32050001258555
NH27,292.0,26.700538680668593,88.32493308237945
NH27,293.0,26.699166611077953,88.3149997114919
NH27,294.0,26.698137531575576,88.30503431758127
NH27,295.0,26.702431193518745,88.33870287844385
NH27,296.0,26.704336440685346,88.34851050888727
NH27,297.0,26.707225963597242,88.35801862110834
NH27,298.0,26.711127914676393,88.36679708673405
NH27,299.0,26.717811064197917,88.37353744800853
NH27,300.0,26.607053240270993,88.48330366213783
NH27,301.0,26.600221792062893,88.48986687859356
NH27,302.0,26.59420109620434,88.49722999015785
NH27,303.0,26.588750997452433,88.50517917134269
NH27,304.0,26.582599050104957,88.51252537669775
NH27,305.0,26.57639395913543,88.51981395447658
NH27,306.0,26.571108893814202,88.52786984990512
NH27,307.0,26.570965682282953,88.53781796582129
NH27,308.0,26.57053527465798,88.53438380022106
NH27,309.0,26.572557785420784,88.52486537879402
NH27,310.0,26.578433415577916,88.51728910677495
NH27,311.0,26.584614095682337,88.5099724416084
NH27,312.0,26.590736629066523,88.50259581381597
NH27,313.0,26.59569726285515,88.49424239372763
NH27,314.0,26.602431500939222,88.48756767020068
NH27,315.0,26.609265828241064,88.48100856504833
NH27,316.0,26.57071894204691,88.54498498709904
NH27,317.0,26.565753816394842,88.55325894938764
NH27,318.0,26.562472019872438,88.56244242413207
NH27,319.0,26.55999109184508,88.57076646042613
NH27,320.0,26.557183055454956,88.58003766961517
NH27,321.0,26.553459201738345,88.58867006693909
NH27,322.0,26.55018112049491,88.59801610961138
NH27,323.0,26.546714425191293,88.60728179660762
NH27,324.0,26.543385132597045,88.61660910643221
NH27,325.0,26.541394123032212,88.62422464665727
NH27,326.0,26.5440890332317,88.61492200462789
NH27,327.0,26.547475675147535,88.60562079874559
NH27,328.0,26.55086712795674,88.59632143842053
NH27,329.0,26.55373419006207,88.58686982692227
NH27,330.0,26.557519644616317,88.57830751316347
NH27,331.0,26.560659480445246,88.5690723540397
NH27,332.0,26.563357350394618,88.55949576063576
NH27,333.0,26.567840509867807,88.55102917652407
NH27,334.0,26.5714731227358,88.54198945915996
NH27,335.0,26.541313195355134,88.63122025351586
NH27,336.0,26.538842807083228,88.64084516840373
NH27,337.0,26.535632282084496,88.65022027286739
NH27,338.0,26.532489096164223,88.65962357751886
NH27,339.0,26.530813869816548,88.66931836100879
NH27,340.0,26.533043542020405,88.67879543189605
NH27,341.0,26.535272989236464,88.68844357183917
NH27,342.0,26.539981380348472,88.69688423987417
NH27,343.0,26.54517939381109,88.70505648366141
NH27,344.0,26.550124782671762,88.71329897287387
NH27,345.0,26.5561974858335,88.72066731548749
NH27,346.0,26.559527640622385,88.72971297622125
NH27,347.0,26.560646553830654,88.73966987898129
NH27,348.0,26.561807805880704,88.7496222161774
NH27,349.0,26.563097293564383,88.75955596567746
NH27,350.0,26.563402852122625,88.7694816767641
NH27,351.0,26.558830714362664,88.77799333355115
NH27,352.0,26.5517874030566,88.78422760829382
NH27,353.0,26.54449499418184,88.79013718486476
NH27,354.0,26.541977430789178,88.79811524394259
NH27,355.0,26.548271882916037,88.80515246137965
NH27,356.0,26.54637355870666,88.81488895099899
NH27,357.0,26.55107982212609,88.82290200880844
NH27,358.0,26.5572914517028,88.83016821798878
NH27,359.0,26.56378660922925,88.83713165275299
NH27,360.0,26.56434997655301,88.84658926676931
NH27,361.0,26.562072504379397,88.85627182271938
NH27,362.0,26.562374294264618,88.86627159180996
NH27,363.0,26.56214543156402,88.87629102678689
NH27,364.0,26.562038741101162,88.88631442048352
NH27,365.0,26.560051686185076,88.89609757875833
NH27,366.0,26.55820588895647,88.90589430310989
NH27,367.0,26.55823644972786,88.91563348259736
NH27,368.0,26.56284572284111,88.92426048096073
NH27,369.0,26.567568654249158,88.93280918537083
NH27,370.0,26.572145487308273,88.94145822782592
NH27,371.0,26.574899659591672,88.95098859558534
NH27,372.0,26.576388096532856,88.96085783341027
NH27,373.0,26.576727422171,88.97012867194951
NH27,374.0,26.576435806182662,88.96013559797686
NH27,375.0,26.574839362048294,88.9502894449884
NH27,376.0,26.57204172749523,88.94078227416799
NH27,377.0,26.567352249331066,88.9322103637091
NH27,378.0,26.56270001053682,88.92361125437913
NH27,379.0,26.558031039780175,88.91502308888383
NH27,380.0,26.558415898506247,88.9051946928848
NH27,381.0,26.560335297721796,88.89540704548604
NH27,382.0,26.56218677157936,88.8855987398587
NH27,383.0,26.562317652671148,88.87557055251088
NH27,384.0,26.562455606287546,88.86554351443272
NH27,385.0,26.56237891077205,88.8555769178142
NH27,386.0,26.564574017107766,88.84587190988181
NH27,387.0,26.563466517251157,88.83658965601161
NH27,388.0,26.55703278534934,88.8295546100501
NH27,389.0,26.55075136999014,88.82235339200366
NH27,390.0,26.546651393230906,88.81416557636544
NH27,391.0,26.548163131596294,88.80444828079504
NH27,392.0,26.54181223412084,88.79737744798196
NH27,393.0,26.545410474327294,88.7895602498105
NH27,394.0,26.552700071926772,88.78364302633244
NH27,395.0,26.559622108512592,88.77725406400586
NH27,396.0,26.56378691280728,88.76848858075257
NH27,397.0,26.563181924463105,88.7585349005024
NH27,398.0,26.561868413213777,88.7486049986256
NH27,399.0,26.560634441797124,88.73866258728812
NH27,400.0,26.559513668802186,88.72870530183508
NH27,401.0,26.55577055348021,88.71984470524478
NH27,402.0,26.549585943495845,88.71259218163117
NH27,403.0,26.544885803840145,88.70411342706339
NH27,404.0,26.539614249065693,88.69597632227516
NH27,405.0,26.535269797957444,88.68739481906412
NH27,406.0,26.532682396208006,88.67788502052495
NH27,407.0,26.53114748130873,88.6682926948363
NH27,408.0,26.532966680716843,88.65864854517247
NH27,409.0,26.5361055489667,88.64924375784847
NH27,410.0,26.539289538423326,88.63985701873574
NH27,411.0,26.541577050338926,88.6301815043931
NH27,412.0,26.554649918808156,88.78184034657612
NH27,413.0,26.576273635426283,88.97966674888004
NH27,414.0,26.578276823386716,88.9892796552057
NH27,415.0,26.581717253975288,88.99855699933416
NH27,416.0,26.587641596273823,89.00567377470855
NH27,417.0,26.58545211170548,89.01400335443557
NH27,418.0,26.581290282996164,89.02290917053104
NH27,419.0,26.576252279431856,89.0310187750577
NH27,420.0,26.5772174358695,89.03034328977114
NH27,421.0,26.581861286120457,89.02184993079057
NH27,422.0,26.5860026952833,89.01293211424614
NH27,423.0,26.586941849044766,89.00469713832541
NH27,424.0,26.56867555771028,89.04122727717474
NH27,425.0,26.563368442958662,89.04934302908346
NH27,426.0,26.558461774452656,89.05764214810351
NH27,427.0,26.555448070930005,89.06710020612874
NH27,428.0,26.552263304736186,89.07643982425486
NH27,429.0,26.548961115745577,89.08577666090031
NH27,430.0,26.54396494340321,89.09358955531619
NH27,431.0,26.543157506154966,89.1030653320792
NH27,432.0,26.545670191212146,89.11217596444655
NH27,433.0,26.54376208544711,89.12167831407119
NH27,434.0,26.53701709976184,89.12783324903869
NH27,435.0,26.531837440583868,89.13496342104128
NH27,436.0,26.529339549749384,89.14460159469903
NH27,437.0,26.52659582713212,89.15415744080306
NH27,438.0,26.523250896271534,89.16345837539576
NH27,439.0,26.518786611873573,89.17108976114831
NH27,440.0,26.520414177820225,89.18081259905745
NH27,441.0,26.524029884495434,89.18979877763392
NH27,442.0,26.49220721628292,89.37215427559298
NH27,443.0,26.48825891596517,89.38117020304459
NH27,444.0,26.48432274513039,89.39019200357532
NH27,445.0,26.480897451690755,89.39946169134284
NH27,446.0,26.47767310304185,89.40882459505916
NH27,447.0,26.47465463517009,89.41827275379556
NH27,448.0,26.47156997075442,89.42769379027881
NH27,449.0,26.472752711758556,89.43678261418957
NH27,450.0,26.47857205321174,89.4443590700425
NH27,451.0,26.485695800379794,89.45048451933839
NH27,452.0,26.493478179863963,89.45554734860096
NH27,453.0,26.498272897213543,89.46372552109655
NH27,454.0,26.49763960285722,89.47337269401177
NH27,455.0,26.495461599138746,89.48300971964467
NH27,456.0,26.492224700067673,89.49232173684157
NH27,457.0,26.48812912154293,89.50122057587288
NH27,458.0,26.482699521924868,89.50919322718504
NH27,459.0,26.479554254384627,89.51850268244017
NH27,460.0,26.48077472792233,89.5283819007576
NH27,461.0,26.480183894606025,89.53822211194782
NH27,462.0,26.473217408567624,89.54379764171544
NH27,463.0,26.47196655994022,89.55371722834298
NH27,464.0,26.476583927887447,89.56140445754474
NH27,465.0,26.483489936869375,89.56785537603088
NH27,466.0,26.48822111844529,89.575518806028
NH27,467.0,26.486335753361736,89.58460364394375
NH27,468.0,26.490682463154442,89.59199893593647
NH27,469.0,26.490514608517596,89.59790761302192
NH27,470.0,26.486991463461603,89.60675604086786
NH27,471.0,26.486687332966568,89.61674594091699
NH27,472.0,26.48589162789956,89.62670825457788
NH27,473.0,26.486276056977065,89.63672443597412
NH27,474.0,26.486583130209347,89.64673868743951
NH27,475.0,26.4874578883413,89.65665512186153
NH27,476.0,26.488786255025833,89.66657119687403
NH27,477.0,26.48974401928205,89.67653420596505
NH27,478.0,26.492757148707913,89.68594113778883
NH27,479.0,26.49443257621947,89.6954941016505
NH27,480.0,26.489642375134288,89.7039814026615
NH27,481.0,26.48601599473894,89.71308932136371
NH27,482.0,26.483302724476186,89.72264982426277
NH27,483.0,26.480624061715986,89.73222201295619
NH27,484.0,26.477495934523084,89.7416043784327
NH27,485.0,26.476977724500355,89.75143528287944
NH27,486.0,26.47610232988282,89.76140768566114
NH27,487.0,26.47514839077948,89.77137504956809
NH27,488.0,26.4741881202351,89.7813414910972
NH27,489.0,26.47330192648087,89.79131023373583
NH27,490.0,26.472286723087667,89.80126967285506
NH27,491.0,26.47133609889081,89.81123581957779
NH27,492.0,26.470632581457203,89.82122736692727
NH27,493.0,26.46988934145356,89.83120694595159
NH27,494.0,26.466770192642098,89.84035932546946
NH27,495.0,26.461412433859124,89.84842102189417
NH27,496.0,26.458075091899797,89.85767577147853
NH27,497.0,26.455366736723533,89.86723340143638
NH27,498.0,26.4559120408087,89.86573433353966
NH27,499.0,26.458687417358515,89.85619929502326
NH27,500.0,26.462392859984508,89.84716899160975
NH27,501.0,26.467691293821396,89.83906055404923
NH27,502.0,26.47015299452728,89.82964369229829
NH27,503.0,26.47085260242238,89.81965786077753
NH27,504.0,26.471539060015125,89.8096647205919
NH27,505.0,26.47253770222014,89.79970378852701
NH27,506.0,26.473544467176893,89.78974327919181
NH27,507.0,26.474461288347403,89.77977257587241
NH27,508.0,26.475416031780227,89.76980542389535
NH27,509.0,26.47637032036708,89.75983806743491
NH27,510.0,26.476927390928743,89.74986843156735
NH27,511.0,26.478210557542056,89.74014493547169
NH27,512.0,26.481198634984462,89.73070064186957
NH27,513.0,26.48387339722879,89.7211270223493
NH27,514.0,26.486567297585687,89.71155970058174
NH27,515.0,26.4905873248892,89.70266403299335
NH27,516.0,26.494919572233286,89.693968176488
NH27,517.0,26.492361103364214,89.68446340688297
NH27,518.0,26.489770868967845,89.67492880249519
NH27,519.0,26.488690885163447,89.6649792186681
NH27,520.0,26.48752585587409,89.65504933217068
NH27,521.0,26.48668134377728,89.64510798615133
NH27,522.0,26.486330684389138,89.63509880755679
NH27,523.0,26.485979301411,89.62508303593567
NH27,524.0,26.48683444626423,89.61512044238589
NH27,525.0,26.486931799999994,89.6091188
NH31,0.0,25.4264654,87.7748371
NH31,1.0,25.44186868421358,87.89377246844981
NH31,2.0,25.448015094619244,87.90093126422903
NH31,3.0,25.448536126140915,87.91043151027753
NH31,4.0,25.441505989584062,87.9159194831025
NH31,5.0,25.439602158229135,87.92516671844164
NH31,6.0,25.435844604703586,87.93417335103742
NH31,7.0,25.431486452359255,87.94286365393639
NH31,8.0,25.427549218241403,87.95172007391585
NH31,9.0,25.423562679065967,87.95990096452702
NH31,10.0,25.416151008748564,87.96540875940529
NH31,11.0,25.411932687534076,87.97363425055933
NH31,12.0,25.408934169450966,87.98290260148119
NH31,13.0,25.402707859135326,87.98955704031718
NH31,14.0,25.394552220091796,87.99382183231573
NH31,15.0,25.3863627300283,87.99800836867864
NH31,16.0,25.37828104622058,88.002436697278
NH31,17.0,25.370133210660743,88.00650295054392
NH31,18.0,25.365348706435736,88.01600686063881
NH31,19.0,25.357379540667285,88.0204176840235
NH31,20.0,25.348494472370522,88.01873434849983
NH31,21.0,25.339642206025097,88.01677614227162
NH31,22.0,25.33079845830789,88.01477127082542
NH31,23.0,25.321959293092885,88.01274276138167
NH31,24.0,25.31326136287242,88.013681473801
NH31,25.0,25.30472474248347,88.01512542665716
NH31,26.0,25.29628865513926,88.01389527647942
NH31,27.0,25.287544317581922,88.01605160544933
NH31,28.0,25.27861350168579,88.01728645369654
NH31,29.0,25.279281971129944,88.01177884285039
NH31,30.0,25.27582189236446,88.00570588712267
NH31,31.0,25.26834410221429,88.00022207761766
NH31,32.0,25.262588601086325,87.99291518052583
NH31,33.0,25.25676152007024,87.9853900600734
NH31,34.0,25.25246209117284,87.97677912797789
NH31,35.0,25.24730882526602,87.96863555968312
NH31,36.0,25.241599388865062,87.96116268882602
NH31,37.0,25.233669253362493,87.95654716955472
NH31,38.0,25.227071291709727,87.95049876327566
NH31,39.0,25.21986136327695,87.9445223634134
NH31,40.0,25.21265116584984,87.9385466746294
NH31,41.0,25.205411454063174,87.93262013892607
NH31,42.0,25.19793880023144,87.92792815393179
NH31,43.0,25.18921075298272,87.93027584519554
NH31,44.0,25.18084356416931,87.93390632518363
NH31,45.0,25.173074404506593,87.93714332996073
NH31,46.0,25.170609417019175,87.94614536032206
NH31,47.0,25.165346956110184,87.95388715581083
NH31,48.0,25.160025644502387,87.9618180252126
NH31,49.0,25.15567697065538,87.97047053389176
NH31,50.0,25.14941121807754,87.97752801250118
NH31,51.0,25.140924509280648,87.98090857974096
NH31,52.0,25.132257119333968,87.9835155758211
NH31,53.0,25.12755957828304,87.99161018089457
NH31,54.0,25.12068172569273,87.99766294758201
NH31,55.0,25.11473477505847,88.0051179341054
NH31,56.0,25.106333142179814,88.0083102002847
NH31,57.0,25.097595870181543,88.00789126832343
NH31,58.0,25.093942109745957,87.998947382404
NH31,59.0,25.085971214065054,87.99667327097725
NH31,60.0,25.07705793313956,87.9968527244317
NH31,61.0,25.068461936242418,87.99415224770418
NH31,62.0,25.059679673536515,87.9952513646648
NH31,63.0,25.055198651344735,87.9874097387604
NH31,64.0,25.047883339653282,87.98178724451734
NH31,65.0,25.041582363654538,87.97968431772156
NH31,66.0,25.03637270407271,87.98766739561614
NH31,67.0,25.031962318892475,87.99627908575232
NH31,68.0,25.031999222585018,88.00618679439863
NH31,69.0,25.033191921787786,88.01597032528078
NH31,70.0,25.034456213154684,88.02565687131718
NH31,71.0,25.03478293684182,88.03536969013854
NH31,72.0,25.0321439664074,88.04424981921822
NH31,73.0,25.02994166335554,88.05214607048526
NH31,74.0,25.02706842224348,88.0613903769317
NH31,75.0,25.024357171743347,88.07072486786336
NH31,76.0,25.020615612195765,88.07962153340112
NH31,77.0,25.01907164899423,88.08933423909566
NH31,78.0,25.016262405254523,88.09870793212625
NH31,79.0,25.013503247556468,88.10812527506673
NH31,80.0,25.009061721973094,88.11670452470604
NH31,81.0,25.00537884710126,88.12574183264381
NH31,82.0,25.003710162185207,88.13437287975584
NH31,83.0,25.000899661166116,88.1355241670977
NH31,84.0,24.991959875249147,88.13685997458202
NH31,85.0,24.983221707292095,88.13648318400739
NH31,86.0,24.97566110417237,88.13107477968988
NH31,87.0,24.96780377553682,88.12624098353184
NH31,88.0,25.001741500000005,88.13830560000001
NH312,0.0,24.451240599999995,88.0373646
NH312,1.0,24.45671117634631,88.04485749398862
NH312,2.0,24.457269892074127,88.05463633320798
NH312,3.0,24.45866443596418,88.06422734962244
NH312,4.0,24.460962882029676,88.07358776576388
NH312,5.0,24.457827208732045,88.0826814054614
NH312,6.0,24.45695530462515,88.09237437416732
NH312,7.0,24.455486138236363,88.10210060564717
NH312,8.0,24.45415459608217,88.11184139387694
NH312,9.0,24.453560343076408,88.12167757849012
NH312,10.0,24.453500621377337,88.1315417007877
NH312,11.0,24.449996270520906,88.1404321875511
NH312,12.0,24.447765693710576,88.14999070813313
NH312,13.0,24.445604500135904,88.15956834651499
NH312,14.0,24.443353707262062,88.16912118453729
NH312,15.0,24.441071319595714,88.17866495609725
NH312,16.0,24.438728636259416,88.18819014098783
NH312,17.0,24.43620555580633,88.19766032124559
NH312,18.0,24.433836079776903,88.20717811212131
NH312,19.0,24.43147245459826,88.21669743217447
NH312,20.0,24.427707268127364,88.22550810854057
NH312,21.0,24.4246034287142,88.2346879983658
NH312,22.0,24.42430852970904,88.24441587415463
NH312,23.0,24.417360702316927,88.25062754340516
NH312,24.0,24.408589678960013,88.25264386186916
NH312,25.0,24.399890443581363,88.25528457616976
NH312,26.0,24.391203261722364,88.25794488506217
NH312,27.0,24.38352915741479,88.2630050976049
NH312,28.0,24.376180336488552,88.26868787670375
NH312,29.0,24.368635657805388,88.27392325585984
NH312,30.0,24.360543813637364,88.27829843468955
NH312,31.0,24.352454508910828,88.28266724726709
NH312,32.0,24.346439931320507,88.28995967309781
NH312,33.0,24.34071801540393,88.29758430565359
NH312,34.0,24.334331323852364,88.30415602749368
NH312,35.0,24.32633642246865,88.30264353391289
NH312,36.0,24.318146555399277,88.29871961670435
NH312,37.0,24.309454203006492,88.29622306846225
NH312,38.0,24.300509458975633,88.29487311407989
NH312,39.0,24.29247287945786,88.29142939326229
NH312,40.0,24.284469890989623,88.2904541052583
NH312,41.0,24.275640356942656,88.29000090291095
NH312,42.0,24.267501262096783,88.28675933596584
NH312,43.0,24.259367075751065,88.28253043710609
NH312,44.0,24.251358169185508,88.27863657376867
NH312,45.0,24.243197106669044,88.28284320258742
NH312,46.0,24.234752346166474,88.28590280986698
NH312,47.0,24.225781181514755,88.28546040860762
NH312,48.0,24.217045893001934,88.2845269757919
NH312,49.0,24.208582381295475,88.2812475652827
NH312,50.0,24.199833530463355,88.28267455653608
NH312,51.0,24.191191429752617,88.28538691313301
NH312,52.0,24.182414837399676,88.28751683756067
NH312,53.0,24.173609164907063,88.2874268437922
NH312,54.0,24.16489579329015,88.28852236106599
NH312,55.0,24.156675673369335,88.29244052034663
NH312,56.0,24.150117448691724,88.29903612253804
NH312,57.0,24.1416982680889,88.29885336505046
NH312,58.0,24.133559267919896,88.29506066179285
NH312,59.0,24.12476795668531,88.29317385725648
NH312,60.0,24.12460977106413,88.30178259482322
NH312,61.0,24.125753329944185,88.31151198854735
NH312,62.0,24.125528502936316,88.32123580399112
NH312,63.0,24.129183615681967,88.33020658767272
NH312,64.0,24.131980617668187,88.33956125677499
NH312,65.0,24.13348518252713,88.34854604889259
NH312,66.0,24.135831366799582,88.35707827942136
NH312,67.0,24.139176418887384,88.3662094648912
NH312,68.0,24.14256497388657,88.37514432454277
NH312,69.0,24.147164740710416,88.38361204830511
NH312,70.0,24.14871735556241,88.39305095853189
NH312,71.0,24.149494980800746,88.40285164279156
NH312,72.0,24.150109693442786,88.41266112910233
NH312,73.0,24.150404617115097,88.42249509114332
NH312,74.0,24.150499068958485,88.43233369030702
NH312,75.0,24.15108073261683,88.44215258034444
NH312,76.0,24.151893481371886,88.4519519471084
NH312,77.0,24.15140886604711,88.4615496398408
NH312,78.0,24.151240141071042,88.47108221370468
NH312,79.0,24.150512655095383,88.48088879542198
NH312,80.0,24.147733404892474,88.49024643703898
NH312,81.0,24.144080599162056,88.49923623734436
NH312,82.0,24.139394277979715,88.50760105754433
NH312,83.0,24.137467959740817,88.51720126424469
NH312,84.0,24.132930656983795,88.52551674076258
NH312,85.0,24.12743993696557,88.53332610223562
NH312,86.0,24.122704616486228,88.54164182977973
NH312,87.0,24.122784717864928,88.55094482126124
NH312,88.0,24.119179006181508,88.55937992811053
NH312,89.0,24.121844295958336,88.56825054622173
NH312,90.0,24.12662098797619,88.57659638051982
NH312,91.0,24.12836300664553,88.58616568078295
NH312,92.0,24.12654827539289,88.59507974705926
NH312,93.0,24.122037823042422,88.60358954674632
NH312,94.0,24.119631261338842,88.61307035854082
NH312,95.0,24.11657059603077,88.6222974712379
NH312,96.0,24.112600498282536,88.63113240160534
NH312,97.0,24.113766583067168,88.64044311569097
NH312,98.0,24.116535058798725,88.64980085129214
NH312,99.0,24.117575168142906,88.65912413003893
NH312,100.0,24.12135750302042,88.6666676217362
NH312,101.0,24.126712061007552,88.67453221545554
NH312,102.0,24.12770559956907,88.68407057930621
NH312,103.0,24.12549563583822,88.69329673929714
NH312,104.0,24.119838943431375,88.68990214793992
NH312,105.0,24.112252641028697,88.68612498094512
NH312,106.0,24.103346117059633,88.6872246838031
NH312,107.0,24.094344716320215,88.68658906632626
NH312,108.0,24.085528158700555,88.68862731655716
NH312,109.0,24.076620835366203,88.68942124872656
NH312,110.0,24.067593889683142,88.68946545785839
NH312,111.0,24.05858761410173,88.68927420155543
NH312,112.0,24.049727224295182,88.68738706672288
NH312,113.0,24.04238252127209,88.68179865402443
NH312,114.0,24.03534024693554,88.67564644421184
NH312,115.0,24.02787496831708,88.67017691242715
NH312,116.0,24.019712196368555,88.66597784829031
NH312,117.0,24.01136639063307,88.66223112036145
NH312,118.0,24.003078825986726,88.65836829005974
NH312,119.0,23.99511842956473,88.65374271674425
NH312,120.0,23.987212495008333,88.64899652396012
NH312,121.0,23.98347865639446,88.64112190473466
NH312,122.0,23.98226346711062,88.63168625428163
NH312,123.0,23.978985879738463,88.62320870539496
NH312,124.0,23.970128423025848,88.62206799175617
NH312,125.0,23.961383615030915,88.62087149573118
NH312,126.0,23.95271839915896,88.61818798937544
NH312,127.0,23.94415144578273,88.61521464911799
NH312,128.0,23.935593200983774,88.61356317544984
NH312,129.0,23.927848563886847,88.60853959655702
NH312,130.0,23.919013368605697,88.60651439973269
NH312,131.0,23.910235657181303,88.60421224907599
NH312,132.0,23.901250944554018,88.60326755297429
NH312,133.0,23.892259256024523,88.60237826346543
NH312,134.0,23.883499793597966,88.60047859427264
NH312,135.0,23.88016982148487,88.59161789964524
NH312,136.0,23.879381525650462,88.58183640535408
NH312,137.0,23.878368639942046,88.57209318300752
NH312,138.0,23.877325685760937,88.56233954260098
NH312,139.0,23.876301864084187,88.55258350861685
NH312,140.0,23.875325818532538,88.54282197985049
NH312,141.0,23.870348481159855,88.53642023941205
NH312,142.0,23.861527933982,88.5385056643715
NH312,143.0,23.854542152809124,88.54454199855392
NH312,144.0,23.846198513643934,88.5482948073311
NH312,145.0,23.83788528921317,88.55212704427774
NH312,146.0,23.831328706774276,88.5588130392802
NH312,147.0,23.822868915530115,88.56144447475828
NH312,148.0,23.81403816930053,88.5634247091072
NH312,149.0,23.805618218714095,88.56414077340435
NH312,150.0,23.799090875746025,88.55737853185529
NH312,151.0,23.79100908789535,88.55314795910392
NH312,152.0,23.782442075230698,88.55039353750078
NH312,153.0,23.774213182715773,88.54733797832638
NH312,154.0,23.76750498363133,88.54079088434794
NH312,155.0,23.759516388086265,88.53672108834576
NH312,156.0,23.751883489339438,88.54104390863873
NH312,157.0,23.743500648441085,88.5434460770191
NH312,158.0,23.735382036519127,88.54141107247304
NH312,159.0,23.728793955392746,88.53478379857991
NH312,160.0,23.720590410401424,88.53147384096366
NH312,161.0,23.711737738984176,88.52954471159178
NH312,162.0,23.70316906318589,88.5323764491786
NH312,163.0,23.69503648956473,88.5316332752495
NH312,164.0,23.687259975995367,88.52775835642423
NH312,165.0,23.678232032048317,88.52771379508461
NH312,166.0,23.66921686270011,88.52744343783529
NH312,167.0,23.660228386476252,88.52837846078603
NH312,168.0,23.651230230808302,88.5291991288629
NH312,169.0,23.642234056421472,88.53004659438346
NH312,170.0,23.633237147409275,88.53088470986376
NH312,171.0,23.624234720934496,88.53164774743802
NH312,172.0,23.615308298658096,88.53173037775407
NH312,173.0,23.607215627575222,88.52741473368131
NH312,174.0,23.59929200827598,88.52271869679258
NH312,175.0,23.590633439138074,88.52081530797247
NH312,176.0,23.581950230834803,88.52350390961843
NH312,177.0,23.573278340569487,88.52623530553878
NH312,178.0,23.56531427251165,88.5303319141112
NH312,179.0,23.557185082127663,88.53459441436506
NH312,180.0,23.549114983135947,88.53897589719855
NH312,181.0,23.54127447976312,88.54383118696984
NH312,182.0,23.53312059712973,88.54745050200567
NH312,183.0,23.524156599638676,88.54807112039832
NH312,184.0,23.517181064253116,88.55348330961701
NH312,185.0,23.508449797163703,88.55440027574888
NH312,186.0,23.499451795397437,88.55362661347232
NH312,187.0,23.493982609053646,88.54634865178444
NH312,188.0,23.48667749383082,88.54149280967754
NH312,189.0,23.477658709610214,88.54100497579215
NH312,190.0,23.468903730740827,88.54188195510255
NH312,191.0,23.460400301717304,88.54425229700014
NH312,192.0,23.452516882450706,88.5397252033916
NH312,193.0,23.447518373489952,88.53176152447263
NH312,194.0,23.443238018923264,88.52314939178846
NH312,195.0,23.436601474745668,88.51651413256823
NH312,196.0,23.428937487900534,88.51173832649438
NH312,197.0,23.42045417435871,88.50885452541777
NH312,198.0,23.415033683200317,88.50152297030631
NH312,199.0,23.408642830760627,88.49738295331265
NH312,200.0,23.40084168850309,88.49968808684457
NH312,201.0,23.394417928283683,88.50289428788741
NH312,202.0,23.39055926024304,88.5111244256443
NH312,203.0,23.38897952104669,88.52054239296106
NH312,204.0,23.385742400784856,88.52966987940954
NH312,205.0,23.382271825565216,88.53870131489728
NH312,206.0,23.377924993585037,88.54675085524725
NH312,207.0,23.376156745742612,88.55634362538181
NH312,208.0,23.37451673677342,88.56595505888805
NH312,209.0,23.373569285955494,88.57560149910974
NH312,210.0,23.371262506158924,88.58487567195176
NH312,211.0,23.368270372402666,88.59408203799715
NH312,212.0,23.363441959216576,88.60193782285265
NH312,213.0,23.35593893570563,88.606903977117
NH312,214.0,23.352506389996588,88.61485632148235
NH312,215.0,23.35142597544436,88.62450661457171
NH312,216.0,23.347796692436674,88.6334395159763
NH312,217.0,23.341359056385127,88.64029553296552
NH312,218.0,23.33364001687952,88.6440552143586
NH312,219.0,23.325661025439636,88.64506628809569
NH312,220.0,23.323616845261366,88.65458016653848
NH312,221.0,23.3196595936633,88.66254596902512
NH312,222.0,23.31415392376265,88.67002593606546
NH312,223.0,23.307052435508076,88.67606292467946
NH312,224.0,23.302178249069556,88.68406253677398
NH312,225.0,23.296099436316933,88.69123942366929
NH312,226.0,23.289079597300695,88.69727160233676
NH312,227.0,23.282559883155923,88.70402013968929
NH312,228.0,23.275937922301573,88.71064759306833
NH312,229.0,23.26723824863969,88.71288055613536
NH312,230.0,23.258308405208243,88.7131805472262
NH312,231.0,23.249444888565808,88.71132714450938
NH312,232.0,23.241507180368863,88.70679663725379
NH312,233.0,23.2339677527208,88.7087432486948
NH312,234.0,23.227548743751164,88.71554964639506
NH312,235.0,23.220787417647596,88.72187894052365
NH312,236.0,23.220048687943866,88.73144275340631
NH312,237.0,23.216932287242564,88.74042197939846
NH312,238.0,23.21492495188425,88.74954991176564
NH312,239.0,23.213627335058966,88.75890672725967
NH312,240.0,23.211379045716072,88.76812750355901
NH312,241.0,23.212068189737884,88.7778656610715
NH312,242.0,23.21339514652887,88.7875275622013
NH312,243.0,23.21284807689242,88.79704966553105
NH312,244.0,23.208613121731215,88.8053675205061
NH312,245.0,23.203025095990053,88.81227929399604
NH312,246.0,23.2051978294031,88.82176029726445
NH312,247.0,23.20512996338644,88.83123022959354
NH312,248.0,23.201388214025314,88.83998127481662
NH312,249.0,23.196821542268324,88.84838667016356
NH312,250.0,23.189984673015857,88.85427598220008
NH312,251.0,23.182563277285862,88.85302568448664
NH312,252.0,23.174521000643534,88.84955122794382
NH312,253.0,23.16587754737845,88.84797099424846
NH312,254.0,23.16044831773481,88.8404646756296
NH312,255.0,23.154605246959733,88.83304687788151
NH312,256.0,23.14926846786204,88.82518477514408
NH312,257.0,23.142366569146656,88.81899427748937
NH312,258.0,23.13360738984589,88.81706887867497
NH312,259.0,23.126533299380007,88.81372359903922
NH312,260.0,23.117959630886965,88.8165690210595
NH312,261.0,23.108990881136684,88.81616660856939
NH312,262.0,23.100516452872814,88.81908382725105
NH312,263.0,23.091517589977677,88.81983232874057
NH312,264.0,23.082551114527167,88.82061808604435
NH312,265.0,23.07404736065735,88.82380680720134
NH312,266.0,23.06561277607075,88.8249560752282
NH312,267.0,23.060170218362472,88.83120974860074
NH312,268.0,23.051162015553295,88.83164543429747
NH312,269.0,23.037306510731508,88.8311880872726
NH312,270.0,23.032987068458006,88.83944202073772
NH312,271.0,23.02747951536242,88.84708205800449
NH312,272.0,23.020303680123973,88.85065311519494
NH312,273.0,23.012822476687955,88.84877467139748
NH312,274.0,23.007601891155286,88.8434290955949
NH312,275.0,23.00085497193621,88.84945571143665
NH312,276.0,22.996646075816567,88.8578221922509
NH312,277.0,22.988583242527003,88.86023496031746
NH312,278.0,22.980068613550888,88.85954728348113
NH312,279.0,22.97253762730913,88.8541681831038
NH312,280.0,22.963804252905152,88.85349463873227
NH312,281.0,22.954803781947163,88.85309141072385
NH312,282.0,22.94684866707682,88.85478308925683
NH312,283.0,22.93790334203951,88.85554276596314
NH312,284.0,22.93030523137693,88.8504271220124
NH312,285.0,22.92160318854405,88.85189758738514
NH312,286.0,22.91658442985751,88.85761456009142
NH312,287.0,22.915343594831736,88.86709744675659
NH312,288.0,22.910450379853458,88.87524715671138
NH312,289.0,22.906882942416132,88.88204984016514
NH312,290.0,22.89895875559105,88.88182950331621
NH312,291.0,22.890592655672826,88.88075423924161
NH312,292.0,22.882900575953705,88.88481607321583
NH312,293.0,22.877815139836553,88.89242641263604
NH312,294.0,22.87057197094428,88.89492328646732
NH312,295.0,22.862876520157638,88.89030788562613
NH312,296.0,22.856325870510414,88.88360616722908
NH312,297.0,22.852300186651398,88.87544526301026
NH312,298.0,22.85028090100452,88.86648406757848
NH312,299.0,22.84219203655179,88.86572372829268
NH312,300.0,22.834390317739675,88.86653053104978
NH312,301.0,22.827118476107383,88.86096723969493
NH312,302.0,22.818568606903778,88.85832750321639
NH312,303.0,22.809752617692272,88.85629579987494
NH312,304.0,22.800850240440127,88.85621970035656
NH312,305.0,22.791988814585974,88.8568671324384
NH312,306.0,22.78371470945789,88.85366339366917
NH312,307.0,22.775012891560642,88.85133708841295
NH312,308.0,22.7669739993701,88.85367710778394
NH312,309.0,22.759023820368416,88.85791298751737
NH312,310.0,22.752608428689005,88.86461078512797
NH312,311.0,22.744502826815168,88.86550023767664
NH312,312.0,22.73574737051428,88.86365422089213
NH312,313.0,22.72690756437975,88.86247971580728
NH312,314.0,22.719530945092707,88.86540179384482
NH312,315.0,22.710520034641526,88.86477792569329
NH312,316.0,22.70186786596832,88.86551375603338
NH312,317.0,22.693354538276868,88.86796665374258
NH312,318.0,22.684830814785908,88.86961178379613
NH312,319.0,22.676332448186145,88.87014776379681
NH312,320.0,22.66759702219569,88.87133806374666
NH312,321.0,22.670543435679686,88.87727536439706
NH312,322.0,22.674323904170695,88.88610692977514
NH312,323.0,22.67962260000383,88.89356838143925
NH312,324.0,22.680873305954087,88.90296213493592
NH312,325.0,22.679369210213665,88.91253131406674
NH312,326.0,22.6767364853577,88.9218383509995
NH312,327.0,22.674102626933433,88.93113573012019
NH312,328.0,22.67481715380901,88.92848416046424
NH312,329.0,22.67203604437205,88.93796384561655
NH312,330.0,22.670254391738933,88.94370477804532
NH312,331.0,22.6705669,88.9429079
NH314,0.0,23.283299499999995,86.7390485
NH314,1.0,23.285088967767336,86.72949200107274
NH314,2.0,23.286991172489856,86.71994406178254
NH314,3.0,23.28904141194269,86.71042486369755
NH314,4.0,23.292331258889575,86.70133447225224
NH314,5.0,23.295484222431778,86.69221370651795
NH314,6.0,23.298209444713706,86.68310971841724
NH314,7.0,23.300044213210924,86.67359213959055
NH314,8.0,23.30044850575379,86.66392781996682
NH314,9.0,23.30437808852157,86.65519113691876
NH314,10.0,23.30677778480479,86.64576442070134
NH314,11.0,23.30761904033964,86.63626769951159
NH314,12.0,23.306964131341285,86.62693657137446
NH314,13.0,23.312290861330865,86.61911384888299
NH314,14.0,23.315486767415702,86.60997550582691
NH314,15.0,23.32144714782512,86.60277416738687
NH314,16.0,23.32614297500755,86.59465068897063
NH314,17.0,23.332458070221044,86.58767516267879
NH314,18.0,23.33677683902508,86.57914536860788
NH314,19.0,23.340136233616974,86.57021318364941
NH314,20.0,23.342035637796187,86.56066188113057
NH314,21.0,23.345221330754836,86.55154273125628
NH314,22.0,23.34785016326488,86.54218389427983
NH314,23.0,23.349902560433318,86.53265744084636
NH314,24.0,23.35104521166306,86.52304505083876
NH314,25.0,23.353036182203493,86.51350520561763
NH314,26.0,23.35133851876239,86.5040632088601
NH314,27.0,23.351023167375192,86.49472551742602
NH314,28.0,23.35099345264623,86.48495115108868
NH314,29.0,23.35166783350075,86.47519595294659
NH314,30.0,23.35165157949452,86.46541987112164
NH314,31.0,23.352634101801314,86.45574211987844
NH314,32.0,23.350003314124216,86.44639350752598
NH314,33.0,23.347374523760507,86.4370343118332
NH314,34.0,23.344655262988038,86.42770563541727
NH314,35.0,23.34142964274021,86.41857538033095
NH314,36.0,23.337188560052905,86.40997956790633
NH314,37.0,23.332630235917026,86.40153829244537
NH314,38.0,23.32731916224761,86.39367890088899
NH314,39.0,23.327107278504517,86.38470448964847
NH314,40.0,23.332681776515663,86.37782556534398
NH314,41.0,23.34011901723481,86.37255366614733
NH314,42.0,23.343221312070835,86.3638496834625
NH314,43.0,23.345471820151133,86.35526148838863
NH314,44.0,23.282494140579253,86.74225283402932
NH314,45.0,23.280837334801813,86.75185140100967
NH314,46.0,23.28073548004159,86.76161231493461
NH314,47.0,23.282410421831035,86.77116110735551
NH314,48.0,23.287042838442723,86.7794530840688
NH314,49.0,23.28849781739424,86.78907215989686
NH314,50.0,23.290777613199143,86.7984859823282
NH314,51.0,23.294552533408197,86.80723771834273
NH314,52.0,23.300299423183954,86.81434551569606
NH314,53.0,23.302270554236443,86.82388557266898
NH314,54.0,23.305180196009587,86.83287587798557
NH314,55.0,23.302797545791922,86.84204470950777
NH314,56.0,23.300745609203364,86.85090961852742
NH314,57.0,23.30421742684941,86.85990646758246
NH314,58.0,23.308243438335218,86.868359231507
NH314,59.0,23.315540327302017,86.87402969428531
NH314,60.0,23.321478512630755,86.88093073621495
NH314,61.0,23.323373711115053,86.8893589476811
NH314,62.0,23.33062929520046,86.89344813124438
NH314,63.0,23.334658848710003,86.90195214929487
NH314,64.0,23.337706614462583,86.91061714048831
NH314,65.0,23.337726254913356,86.9202560628585
NH314,66.0,23.33163824717022,86.92714399539004
NH314,67.0,23.325241578678845,86.9339878644485
NH314,68.0,23.32192192182532,86.94303803837926
NH314,69.0,23.31756743442928,86.95151385106321
NH314,70.0,23.31149979111945,86.95867639242428
NH314,71.0,23.30487213159174,86.95842742687672
NH314,72.0,23.30189733404095,86.96663000173989
NH314,73.0,23.29979730602061,86.9761067381115
NH314,74.0,23.29220435832715,86.98105813321268
NH314,75.0,23.285781357636957,86.98762584037291
NH314,76.0,23.280323067731214,86.99535725906027
NH314,77.0,23.273280384346023,87.00145801628273
NH314,78.0,23.265299758344,87.00567940923877
NH314,79.0,23.259022965909946,87.01256237068553
NH314,80.0,23.25517181036274,87.02133570145439
NH314,81.0,23.250818451061917,87.02988847002801
NH314,82.0,23.24695700479509,87.03870014335565
NH314,83.0,23.24578674998675,87.04775194312569
NH314,84.0,23.248487993907354,87.05635326014412
NH314,85.0,23.246994304266984,87.06518866305063
NH314,86.0,23.241564434368858,87.07248964131958
NH314,87.0,23.237933668487987,87.07896464538578
NH314,88.0,23.2356923,87.0839667
NH317,0.0,26.703749199999997,89.1430524
NH317,1.0,26.702903660325727,89.15304931259841
NH317,2.0,26.700797833091954,89.16267875424631
NH317,3.0,26.696769493911166,89.1711056482945
NH317,4.0,26.69086590006291,89.17870173439479
NH317,5.0,26.68709003713555,89.18764006546031
NH317,6.0,26.685039232459957,89.19742263225014
NH317,7.0,26.6836793195312,89.20733682200583
NH317,8.0,26.682728750062335,89.21732600830096
NH317,9.0,26.68377285448794,89.2271129577685
NH317,10.0,26.68645133072481,89.23670370007255
NH317,11.0,26.689760412392907,89.24602442563902
NH317,12.0,26.691757640945553,89.25577638289796
NH317,13.0,26.69272405903507,89.26575853282455
NH317,14.0,26.69102360046782,89.275442291953
NH317,15.0,26.69449246322656,89.28216830493808
NH317,16.0,26.703362856444816,89.28399235497
NH317,17.0,26.712256038075747,89.28569181848013
NH317,18.0,26.721147257114865,89.28740397876346
NH317,19.0,26.728532058935464,89.29221784148758
NH317,20.0,26.729952708303582,89.30211843298675
NH317,21.0,26.729618511473888,89.31214133067651
NH317,22.0,26.729104681583877,89.3221731978494
NH317,23.0,26.72860970785726,89.33220647897062
NH317,24.0,26.72805322993551,89.34223314869018
NH317,25.0,26.721136706895646,89.34679889899374
NH317,26.0,26.712726607995034,89.34316853471458
NH317,27.0,26.703830517315662,89.34178833632534
NH317,28.0,26.694841048535654,89.34093169532224
NH317,29.0,26.685847230662304,89.34047693942793
NH317,30.0,26.678343077955866,89.34569530089544
NH317,31.0,26.671895935154595,89.35264575089795
NH317,32.0,26.667942615163977,89.3616726386046
NH317,33.0,26.663973777507177,89.37069062817665
NH317,34.0,26.659277468121367,89.37915942692025
NH317,35.0,26.65319858605965,89.38658003410796
NH317,36.0,26.647143452529857,89.39402424031461
NH317,37.0,26.641012860653333,89.40137556561169
NH317,38.0,26.63227782460672,89.40165736747973
NH317,39.0,26.62338197304605,89.4005588786139
NH317,40.0,26.61750269934969,89.40760522071191
NH317,41.0,26.613535714883508,89.41662096056784
NH317,42.0,26.609568198699694,89.42563604074608
NH317,43.0,26.605527116259328,89.43460970777974
NH317,44.0,26.60004860917554,89.44248470379112
NH317,45.0,26.59213683070348,89.44678507636014
NH317,46.0,26.583246024313027,89.44726661758527
NH317,47.0,26.574279054431077,89.44615488219564
NH317,48.0,26.566863710937596,89.44984080135657
NH317,49.0,26.564719787867734,89.45958411425654
NH317,50.0,26.56363204569056,89.46945565110262
NH317,51.0,26.564198044560595,89.47946712308756
NH317,52.0,26.5647905394066,89.48947844669209
NH317,53.0,26.564780314631186,89.49950171671871
NH317,54.0,26.56171623758611,89.5087580421317
NH317,55.0,26.560219785410496,89.51842370056063
NH317,56.0,26.56108052815288,89.52839000818425
NH317,57.0,26.559646685626245,89.53786857032688
NH317,58.0,26.553182822229992,89.54486696016703
NH317,59.0,26.54674335014387,89.55189265733823
NH317,60.0,26.54238843382805,89.56062612311958
NH317,61.0,26.538436048161213,89.56964288166354
NH317,62.0,26.533084341119036,89.57761596905091
NH317,63.0,26.526957998789417,89.5849784391896
NH317,64.0,26.519038795669196,89.58842540566448
NH317,65.0,26.510088068765935,89.58757525044648
NH317,66.0,26.501296186572084,89.58849361832789
NH317,67.0,26.493978099999996,89.5936461
NH317A,0.0,26.729934099999998,89.3403479
NH317A,1.0,26.728653617926422,89.33560594335718
NH317A,2.0,26.733563145823336,89.34298960036836
NH317A,3.0,26.740614083827882,89.34916893442006
NH317A,4.0,26.746267827919755,89.35699823113453
NH317A,5.0,26.74717955614699,89.35817049613651
NH317A,6.0,26.758952105511316,89.36147998512251
NH317A,7.0,26.7679577279442,89.36208810120974
NH317A,8.0,26.776955250692282,89.36283791562225
NH317A,9.0,26.785956166504178,89.36348580159061
NH317A,10.0,26.794963042344758,89.36405615549798
NH317A,11.0,26.803420452295125,89.36673397521932
NH317A,12.0,26.811300783535156,89.3716285618377
NH317A,13.0,26.819088443168894,89.37669381712863
NH317A,14.0,26.825782444653584,89.38047258799283
NH317A,15.0,26.82696193707153,89.38879304112467
NH317A,16.0,26.83596986478964,89.38928735678638
NH317A,17.0,26.843572472054053,89.38557614421154
NH317A,18.0,26.851554047394433,89.38283445673906
NH317A,19.0,26.860339291765182,89.38058002610002
NH317A,20.0,26.8611813,89.3804813
NH327,0.0,26.5408689,88.1044145
NH327,1.0,26.525324017151664,88.12289896293031
NH327,2.0,26.522250950195847,88.13194625864287
NH327,3.0,26.525438362024406,88.1442024688414
NH327,4.0,26.532826262678977,88.14962895059554
NH327,5.0,26.539216490152235,88.15671835544352
NH327,6.0,26.545591317883318,88.1638232751721
NH327,7.0,26.552014219116643,88.17087216348008
NH327,8.0,26.56060658543347,88.17244071552977
NH327,9.0,26.56954106620384,88.17219992720655
NH327,10.0,26.577949917996424,88.17579272353399
NH327,11.0,26.586659513140546,88.17826154983187
NH327,12.0,26.59543875994784,88.17989416050423
NH327,13.0,26.604086927946426,88.17738373053425
NH327,14.0,26.612249218523782,88.17309391577675
NH327,15.0,26.62084798214566,88.17096834230169
NH327,16.0,26.629794207617323,88.17231215723116
NH327,17.0,26.638682649339735,88.17164471992342
NH327,18.0,26.6465679249814,88.17515706569421
NH327,19.0,26.649091584162782,88.17729739577454
NH327,20.0,26.652179687544802,88.18020806346401
NH327,21.0,26.65706727091437,88.18342691745003
NH327,22.0,26.664919990695665,88.18838226769098
NH327,23.0,26.672197047031588,88.19420967418219
NH327,24.0,26.67882833193832,88.20100331979415
NH327,25.0,26.683174273571606,88.20976154572236
NH327,26.0,26.686282111176556,88.2188527664292
NH327,27.0,26.68716400012757,88.22884805579235
NH327,28.0,26.688525346872876,88.23878256936057
NH327,29.0,26.689894811353813,88.2487156321821
NH327,30.0,26.69150940603754,88.25852988634473
NH327,31.0,26.69263929907853,88.26848146264284
NH327,32.0,26.69402348032318,88.27841244273158
NH327,33.0,26.694728494944698,88.2883984701771
NH327,34.0,26.69652156530039,88.29818159263525
NH327,35.0,26.698067383517454,88.3079730502811
NH327,36.0,26.699395958655476,88.31791362935978
NH327,37.0,26.700808020436845,88.32784002236467
NH327,38.0,26.6998202906746,88.3204053474367
NH327,39.0,26.69849835147063,88.3104640110771
NH327,40.0,26.697567100000004,88.3013665
NH327B,0.0,26.6404608,88.1713303
NH327B,1.0,26.644636217257144,88.16257687272355
NH327B,2.0,26.644650857557856,88.16254445893223
NH327C,0.0,26.549769599999998,88.1684212
NH327C,1.0,26.550493938366564,88.17757850091363
NH327C,2.0,26.553590559601272,88.18674726864363
NH327C,3.0,26.55683287675336,88.1953316525928
NH327C,4.0,26.56081195150888,88.2039550520144
NH327C,5.0,26.56392528467488,88.21301291111492
NH327C,6.0,26.56584981532936,88.22203203509297
NH327C,7.0,26.56861471143137,88.23130984911268
NH327C,8.0,26.572404890973345,88.24032542747462
NH327C,9.0,26.57543810697623,88.2493284883281
NH327C,10.0,26.580236369976646,88.25778007725653
NH327C,11.0,26.582668211061804,88.26702935336381
NH327C,12.0,26.587310798502145,88.27470205132309
NH327C,13.0,26.591241820167216,88.28353408510272
NH327C,14.0,26.592701800000004,88.2876263
NH33,0.0,24.780135599999998,87.9166888
NH33,1.0,24.784677979206986,87.90973420599819
NH33,2.0,24.784784770873344,87.9055050437852
NH33,3.0,24.79371029913165,87.90439436690981
NH33,4.0,24.802692705844077,87.90373798277108
NH33,5.0,24.806124744815733,87.8993417594091
NH33,6.0,24.81199422933508,87.8929670020296
NH33,7.0,24.816387482170065,87.88572068810893
NH33,8.0,24.783530199999998,87.9055485
NH34,0.0,23.233709500000003,88.4667913
NH34,1.0,23.235420644701815,88.45727166197997
NH34,2.0,23.2385489621986,88.44813889510274
NH34,3.0,23.236473874989983,88.44156150553835
NH34,4.0,23.23930646759219,88.43420615518518
NH34,5.0,23.248290040471247,88.43517736748407
NH34,6.0,23.257249227550886,88.43639998556303
NH34,7.0,23.266258652265172,88.43702079798285
NH34,8.0,22.651154189001048,88.43720311436729
NH34,9.0,22.646542100000005,88.43404000000001
NH419,0.0,23.749396499999996,86.8786389
NH419,1.0,23.748165012287465,86.87986392638454
NH419,2.0,23.748884600000004,86.878649
NH419;SH15,0.0,23.748884600000004,86.878649
NH419;SH15,1.0,23.757158102681373,86.87482917355044
NH419;SH15,2.0,23.765652747048023,86.87165477771903
NH419;SH15,3.0,23.774558774128373,86.87003402738085
NH419;SH15,4.0,23.783460634187346,86.86838763612705
NH419;SH15,5.0,23.792131661407563,86.87097807453196
NH419;SH15,6.0,23.80084852993924,86.87344677069805
NH419;SH15,7.0,23.80881978820075,86.87765006850235
NH419;SH15,8.0,23.814982042368154,86.88442412794232
NH419;SH15,9.0,23.823985637687798,86.88635334308046
NH41;NH116,0.0,22.188866299999997,87.9187085
NH41;NH116,1.0,22.188866299999997,87.9187085
NH49,0.0,22.304107313340523,86.87369946052986
NH49,1.0,22.305540103470186,86.88328497008189
NH49,2.0,22.306941862881196,86.89287582452353
NH49,3.0,22.307926867758805,86.90252398944224
NH49,4.0,22.306900098537774,86.9119352947938
NH49,5.0,22.31046959653454,86.92055961047404
NH49,6.0,22.30984579812775,86.93024534919448
NH49,7.0,22.307437547605442,86.93948907910762
NH49,8.0,22.30935704782986,86.94888763207813
NH49,9.0,22.311901743608892,86.95820338047253
NH49,10.0,22.31430638363446,86.96756247922194
NH49,11.0,22.316713320733395,86.97692051707998
NH49,12.0,22.319126739082616,86.98627738047996
NH49,13.0,22.321542439114214,86.99563363006953
NH49,14.0,22.32394659549862,87.00499115920536
NH49,15.0,22.3268032137847,87.01420222978525
NH49,16.0,22.32969204544679,87.02340284981315
NH49,17.0,22.332859121667376,87.03249146013329
NH49,18.0,22.3363504688351,87.0414477491005
NH49,19.0,22.339822853840527,87.05041213797871
NH49,20.0,22.342882762245857,87.05953731384412
NH49,21.0,22.346147739174114,87.06859195877034
NH49,22.0,22.349424916251852,87.07764221929799
NH49,23.0,22.352105533632308,87.08684955773958
NH49,24.0,22.348848083631996,87.09567402846915
NH49,25.0,22.34744046401134,87.10484573700948
NH49,26.0,22.346584722958383,87.11450347555389
NH49,27.0,22.345158301308064,87.1240898027457
NH49,28.0,22.343580080074275,87.1336406436981
NH49,29.0,22.342795505922663,87.14330236508562
NH49,30.0,22.343389388511586,87.1529504859873
NH49,31.0,22.341692793994817,87.16246962757745
NH49,32.0,22.34073679127223,87.17195572716943
NH49,33.0,22.339953759483777,87.18151206842961
NH49,34.0,22.334961742761408,87.18957507865211
NH49,35.0,22.330073502791365,87.19773426763713
NH49,36.0,22.323404806799296,87.20408434608385
NH49,37.0,22.31695865112843,87.21074789460626
NH49,38.0,22.316278935958486,87.22016271951107
NH49,39.0,22.319786095713464,87.22907071013358
NH49,40.0,22.32452372353379,87.23733741967774
NH49,41.0,22.327062906621677,87.2466144477604
NH49,42.0,22.330118349110233,87.25564389709315
NH49,43.0,22.337960839729167,87.2604506267153
NH49,44.0,22.34592170477735,87.26504074154883
NH49,45.0,22.350820553627646,87.27297118977688
NH49,46.0,22.354380455100326,87.28187258956268
NH49,47.0,22.356658270167266,87.29127105499033
NH49,48.0,22.35928029572415,87.30055756457729
NH49,49.0,22.36139948619514,87.30999792992198
NH49,50.0,22.3639281827851,87.31932230189153
NH49,51.0,22.36641180450728,87.32866076014369
NH49,52.0,22.368896947717776,87.33799890252267
NH49,53.0,22.368009190623436,87.33511817594758
NH49,54.0,22.365532487156166,87.32577750340522
NH49,55.0,22.363024242628008,87.316446716297
NH49,56.0,22.360582144164766,87.30709731115624
NH49,57.0,22.358215213867737,87.2977276543928
NH49,58.0,22.355836098073368,87.28835927072788
NH49,59.0,22.353358336382207,87.27903252526563
NH49,60.0,22.349426748013602,87.27028900906745
NH49,61.0,22.34331398881279,87.26364005467653
NH49,62.0,22.33534737421032,87.2590623139169
NH49,63.0,22.328511828933078,87.25346814397226
NH49,64.0,22.32634246431375,87.24404451355888
NH49,65.0,22.32312966013149,87.23507352401381
NH49,66.0,22.31840528370835,87.22680018443121
NH49,67.0,22.315632761939334,87.21758460822089
NH49,68.0,22.3182060204499,87.20855084473462
NH49,69.0,22.32521967240619,87.20245813839404
NH49,70.0,22.3313076326257,87.19552050547951
NH49,71.0,22.33635054454341,87.18748302247246
NH49,72.0,22.34058475664456,87.17899844962854
NH49,73.0,22.340477830167774,87.16931720459004
NH49,74.0,22.34223704987751,87.15992604390804
NH49,75.0,22.34344057084593,87.15031706551379
NH49,76.0,22.34275733360262,87.1406597087126
NH49,77.0,22.343744470151904,87.13100683978985
NH49,78.0,22.34550582100835,87.12148327335791
NH49,79.0,22.346837983702763,87.11187914215509
NH49,80.0,22.347244977265547,87.1021973677216
NH49,81.0,22.3501559199494,87.0935136623099
NH49,82.0,22.35164496955991,87.08424343695128
NH49,83.0,22.34842144743542,87.07517143925668
NH49,84.0,22.345143663748107,87.0661217794238
NH49,85.0,22.34205436447756,87.05700441772781
NH49,86.0,22.338785621447453,87.0479620483203
NH49,87.0,22.33527856541715,87.03901445837114
NH49,88.0,22.33179459468417,87.03005501084795
NH49,89.0,22.328786142781155,87.02090382969759
NH49,90.0,22.325892690675957,87.0117056276378
NH49,91.0,22.32315796917625,87.00245429279205
NH49,92.0,22.320782938269925,86.99308620721139
NH49,93.0,22.31835928658296,86.9837327358682
NH49,94.0,22.31594675898137,86.97437571266967
NH49,95.0,22.313549391130625,86.96501444764414
NH49,96.0,22.31111269747024,86.95566493824225
NH49,97.0,22.308611346596145,86.94633589063699
NH49,98.0,22.30822080679155,86.93702367605954
NH49,99.0,22.309924953042046,86.92760001600847
NH49,100.0,22.30975529850697,86.91803221267988
NH49,101.0,22.307626067793688,86.90941888433856
NH49,102.0,22.307593567266416,86.89984616550929
NH49,103.0,22.30645231344335,86.89021875749633
NH49,104.0,22.30503494232635,86.88063017104085
NH49,105.0,22.37011211316069,87.34288115620737
NH49,106.0,22.37384033585395,87.35167722272784
NH49,107.0,22.378418922183076,87.36005087557622
NH49,108.0,22.381333241428965,87.36892698189155
NH49,109.0,22.381980390664623,87.36654715745149
NH49,110.0,22.377494435305913,87.35811712651426
NH49,111.0,22.37292565943946,87.34973733965424
NH49,112.0,22.369657449833504,87.34073132666057
NH49,113.0,22.3696287,87.3404838
NH512,0.0,25.204258,88.1878446
NH512,1.0,25.21195447431789,88.19302863573152
NH512,2.0,25.21966282832685,88.19800696727982
NH512,3.0,25.225287033259374,88.2057665978441
NH512,4.0,25.230555626073688,88.21382771178565
NH512,5.0,25.235929975899484,88.22180220813071
NH512,6.0,25.238270037101845,88.23131693477139
NH512,7.0,25.243750127877377,88.23909890938309
NH512,8.0,25.248497305381854,88.24742433815952
NH512,9.0,25.25419505947575,88.2548762655201
NH512,10.0,25.25917711648236,88.26312212633594
NH512,11.0,25.263944842398548,88.27154750346529
NH512,12.0,25.26992841034167,88.27894598435914
NH512,13.0,25.27611107230099,88.28607400332503
NH512,14.0,25.283302167842923,88.29098823341744
NH512,15.0,25.290133167414492,88.29743951235713
NH512,16.0,25.296970328937274,88.30391358397257
NH512,17.0,25.304416138782507,88.30945297713411
NH512,18.0,25.31198153116033,88.31466716917902
NH512,19.0,25.31936450093346,88.32037733569547
NH512,20.0,25.326894414295015,88.32584019682645
NH512,21.0,25.334531206447124,88.33103190809223
NH512,22.0,25.341362861425615,88.33752176294936
NH512,23.0,25.34854929625697,88.34348877705834
NH512,24.0,25.35528731279234,88.35009422007896
NH512,25.0,25.3601128243996,88.35847411927072
NH512,26.0,25.366588502792847,88.36478514785254
NH512,27.0,25.37507987204351,88.36784058845743
NH512,28.0,25.380358414382705,88.37570347262228
NH512,29.0,25.383964219027405,88.3848079754621
NH512,30.0,25.388705887271566,88.39324838103965
NH512,31.0,25.39158431637162,88.40257332218177
NH512,32.0,25.388992756108344,88.39364791430374
NH512,33.0,25.39395474327455,88.41105545008963
NH512,34.0,25.396096075474674,88.42044631475794
NH512,35.0,25.397091090001073,88.43028713909806
NH512,36.0,25.39996790696123,88.43970765558466
NH512,37.0,25.40280209722579,88.44914353687632
NH512,38.0,25.405505806980877,88.4586262952496
NH512,39.0,25.406576917895315,88.46845687511981
NH512,40.0,25.40726829544683,88.47836017039317
NH512,41.0,25.408443259521007,88.4881265698996
NH512,42.0,25.40919385363519,88.49789000471517
NH512,43.0,25.407036318083517,88.50753374581001
NH512,44.0,25.405962684350815,88.51720665036447
NH512,45.0,25.405067451305023,88.52565971748965
NH512,46.0,25.403877915089126,88.5355123962554
NH512,47.0,25.404103606712535,88.54537877756981
NH512,48.0,25.403736970255476,88.54038149417403
NH512,49.0,25.40453066610236,88.53052787512736
NH512,50.0,25.405733854655814,88.52067694976175
NH512,51.0,25.400645317885672,88.55436646362098
NH512,52.0,25.39588327692266,88.56279963042809
NH512,53.0,25.39118288483439,88.57128326051175
NH512,54.0,25.386504242097395,88.57977579349551
NH512,55.0,25.381574980084242,88.58810127621261
NH512,56.0,25.37619183845836,88.59601260479837
NH512,57.0,25.37046051860096,88.60368227664625
NH512,58.0,25.364770024913724,88.61139251897251
NH512,59.0,25.358947598571422,88.61890011079745
NH512,60.0,25.35129255591692,88.62411743137761
NH512,61.0,25.34682882019546,88.63259580932447
NH512,62.0,25.342823076796115,88.64149744134912
NH512,63.0,25.33879768555744,88.65038895272744
NH512,64.0,25.334565622367805,88.65916101545736
NH512,65.0,25.330760209053388,88.6680997102542
NH512,66.0,25.32934687214292,88.67789951215426
NH512,67.0,25.32907739298445,88.68765296911768
NH512,68.0,25.33343711942005,88.69634892177888
NH512,69.0,25.337701874443734,88.70509826488379
NH512,70.0,25.340508352766108,88.7141218929499
NH512,71.0,25.340611622655604,88.72405462541886
NH512,72.0,25.340166133984916,88.73396792904586
NH512,73.0,25.338001857532998,88.74283458691924
NH512,74.0,25.334646496003288,88.75151697959049
NH512,75.0,25.329583274459964,88.75950835808969
NH512,76.0,25.323435265279674,88.76272732897824
NH512,77.0,25.314167470683664,88.76287520668079
NH512,78.0,25.305263589197384,88.76209921966789
NH512,79.0,25.296445794550735,88.7604040884944
NH512,80.0,25.28826882373281,88.76376626274734
NH512,81.0,25.28012660556907,88.76761832183732
NH512,82.0,25.271994806454483,88.77192337207991
NH512,83.0,25.265095574149214,88.77800039349133
NH512,84.0,25.25617915880887,88.77875744869719
NH512,85.0,25.247324258781937,88.78019430522197
NH512,86.0,25.239081560023152,88.78423129888945
NH512,87.0,25.237211384041963,88.7852988045253
NH512,88.0,25.245419767842627,88.78117441356399
NH512,89.0,25.229825521530973,88.78577562216407
NH512,90.0,25.222801197694114,88.78107185268048
NH512,91.0,25.23220964306622,88.79200466259647
NH512,92.0,25.23610562679086,88.80095364974672
NH512,93.0,25.240545772827648,88.809593861307
NH512,94.0,25.244824543121126,88.81833202051676
NH512,95.0,25.246433330001977,88.82795901081357
NH512,96.0,25.247804848106178,88.8377679225337
NH512,97.0,25.248883203112033,88.84761797184439
NH512,98.0,25.24948882355801,88.85752013222273
NH512,99.0,25.250678955861126,88.86733396690693
NH512,100.0,25.25360388652311,88.87662607659206
NH512,101.0,25.25846929937742,88.88498349158463
NH512,102.0,25.262629938440192,88.89374957753621
NH512,103.0,25.26275904813826,88.90351516320835
NH512,104.0,25.264602373687648,88.91310000189823
NH512,105.0,25.269752421017433,88.9211519525909
NH512,106.0,25.27550179866442,88.92880415457118
NH512,107.0,25.281248991424416,88.936458662796
NH512,108.0,25.279831577508983,88.94514506475656
NH512,109.0,25.2746542377138,88.95326541540928
NH512,110.0,25.271513973768524,88.96241405689105
NH512,111.0,25.273265623372367,88.97209455868747
NH512,112.0,25.273651097246535,88.9819960717499
NH512,113.0,25.277195665313716,88.99078089088847
NH512,114.0,25.278644957009007,89.0004857475498
NH512,115.0,25.281184600000003,89.0067033
NH517,0.0,26.5889651,89.0069541
NH517,1.0,26.597211236594518,89.00819113061902
NH517,2.0,26.606005492537655,89.00750226138842
NH517,3.0,26.6149445725511,89.00869513478126
NH517,4.0,26.621482177155716,89.0153115361795
NH517,5.0,26.628095866776118,89.02209796589908
NH517,6.0,26.63464570300294,89.02893894718109
NH517,7.0,26.64355286190352,89.02757223303738
NH517,8.0,26.65244048333942,89.0263611404609
NH517,9.0,26.66101915818558,89.02790987848162
NH517,10.0,26.66979884088352,89.02817081690618
NH517,11.0,26.678506915188716,89.02554315079396
NH517,12.0,26.68746457211868,89.02548976736124
NH517,13.0,26.69646374386066,89.02566926258024
NH517,14.0,26.69990845518732,89.02886581900393
NH517,15.0,26.701784291725527,89.03869179740539
NH517,16.0,26.70367159516532,89.04851715832838
NH517,17.0,26.705407008634996,89.05837473087927
NH517,18.0,26.705887100000005,89.0616152
NH710,0.0,27.097260552876616,88.37637346995021
NH710,1.0,27.086372999999988,88.4541529
NH717,0.0,26.880852899999994,88.8029502
NH717,1.0,26.871829071056634,88.80300552475957
NH717,2.0,26.862805837611255,88.80298996123067
NH717,3.0,26.853782552773172,88.80316321668985
NH717,4.0,26.844828704233603,88.80244152741037
NH717,5.0,26.835969073437266,88.80052379922346
NH717,6.0,26.827115259783216,88.7985760791984
NH717,7.0,26.81825245747749,88.79667818588226
NH717,8.0,26.809388634451228,88.79478461864399
NH717,9.0,26.80104373701452,88.796864514686
NH717,10.0,26.792137992402324,88.79787557599523
NH717,11.0,26.783294006881906,88.79868005786963
NH717,12.0,26.774866763423525,88.79543565456201
NH717,13.0,26.766786049960416,88.79454310287615
NH717,14.0,26.759978736780504,88.78828832119486
NH717,15.0,26.753678874608816,88.78113265696238
NH717,16.0,26.745080446494878,88.77848083023312
NH717,17.0,26.736615464678746,88.77664119860228
NH717,18.0,26.7276437280454,88.77594951654771
NH717,19.0,26.720774587592622,88.76975359374826
NH717,20.0,26.712573190358327,88.76791742274607
NH717,21.0,26.7035986859437,88.76833067068463
NH717,22.0,26.69688127728576,88.76245007082652
NH717,23.0,26.68806837615132,88.76061181125958
NH717,24.0,26.679058332045656,88.76003190327543
NH717,25.0,26.670446044087573,88.76258445681188
NH717,26.0,26.66168864406979,88.76276237772583
NH717,27.0,26.652724578282513,88.76187321993879
NH717,28.0,26.645677324064675,88.7644681281605
NH717,29.0,26.64501535108519,88.76614143325753
NH717,30.0,26.651341554873824,88.76130114712079
NH717,31.0,26.63478719168485,88.77211803082916
NH717,32.0,26.626624732589228,88.77640000433694
NH717,33.0,26.618453751365426,88.78065606747629
NH717,34.0,26.610425925353358,88.7852146242912
NH717,35.0,26.602660173730214,88.79032645384866
NH717,36.0,26.594802763089987,88.79525814617894
NH717,37.0,26.586784031486996,88.79986355208781
NH717,38.0,26.578768366522883,88.80447586267755
NH717,39.0,26.57133129809141,88.80897988215834
NH717,40.0,26.56282506756047,88.80787532739093
NH717,41.0,26.554244051463556,88.80481775134412
NH717,42.0,26.549401470806416,88.825427511105
NH717,43.0,26.542323380750673,88.83144938463249
NH717,44.0,26.535420237494257,88.83780477980176
NH717,45.0,26.526580747397,88.83951708093123
NH717,46.0,26.51790577671925,88.84212368803175
NH717,47.0,26.509030044445257,88.8431134983596
NH717,48.0,26.50036118520877,88.84183889642156
NH717,49.0,26.491928641860717,88.84438628878381
NH717,50.0,26.48631294457215,88.85196061847478
NH717,51.0,26.477555627154807,88.85330817719904
NH717,52.0,26.470591144985725,88.8593040065661
NH717,53.0,26.465567226498223,88.8676184740467
NH717,54.0,26.463080359568345,88.87702249997223
NH717,55.0,26.45836960230597,88.88552255776266
NH717,56.0,26.451484598254666,88.89200470030161
NH717,57.0,26.444578226155635,88.89845830267394
NH717,58.0,26.437592757080417,88.9048017540697
NH717,59.0,26.43137576831104,88.91206136132169
NH717,60.0,26.424261908517163,88.91765663211251
NH717,61.0,26.415285521846624,88.91867121992235
NH717,62.0,26.407500860634208,88.92343266459545
NH717,63.0,26.41497393654835,88.91885127067236
NH717,64.0,26.42393794461559,88.91778202819954
NH717,65.0,26.88126908468572,88.8022643568141
NH717,66.0,26.8813281,88.8020407
NH717A,0.0,26.869688300000004,88.6705551
NH717A,1.0,26.877844698729792,88.67422342136263
NH717A,2.0,26.8855261618123,88.67531369145755
NH717A,3.0,26.894137756784573,88.67329568439823
NH717A,4.0,26.903045299274112,88.6749183938928
NH717A,5.0,26.907488987938333,88.68265322855584
NH717A,6.0,26.907618855204298,88.69130316872415
NH717A,7.0,26.913666510828605,88.69780299334866
NH717A,8.0,26.918958181586,88.7021482010592
NH717A,9.0,26.926478531906593,88.70057992594673
NH717A,10.0,26.933961076682248,88.69904379233124
NH717A,11.0,26.942925073912562,88.69910359390886
NH717A,12.0,26.951800231762636,88.7006575896703
NH717A,13.0,26.959770074633433,88.69816357526906
NH717A,14.0,26.96812447278008,88.70077593421733
NH717A,15.0,26.976688202033486,88.70222904696031
NH717A,16.0,26.983839096041972,88.69849161656467
NH717A,17.0,26.99144088504987,88.69667808263537
NH717A,18.0,26.99677282825621,88.6976035965333
NH717A,19.0,27.001516165757263,88.69790339999953
NH717A,20.0,27.00593753379091,88.69926427564542
NH717A,21.0,27.0125383205172,88.70032810847206
NH717A,22.0,27.018005590554303,88.69999234593513
NH717A,23.0,27.021576353054726,88.70264593478336
NH717A,24.0,27.026208249255728,88.70146687245148
NH717A,25.0,27.027629621926703,88.6982508521186
NH717A,26.0,27.022856381688698,88.69521770880732
NH717A,27.0,27.03008118644956,88.6950506753189
NH717A,28.0,27.028724835093282,88.69514023581057
NH717A,29.0,27.035326939666046,88.6919390429994
NH717A,30.0,27.03620696496697,88.6980740114703
NH717A,31.0,27.043023419753464,88.69557653354148
NH717A,32.0,27.037955311614812,88.69644178316317
NH717A,33.0,27.043225090754714,88.6936778343312
NH717A,34.0,27.04195137840086,88.69119248068355
NH717A,35.0,27.044000980575365,88.69040101753592
NH717A,36.0,27.045001945389927,88.68961210287281
NH717A,37.0,27.048062001946153,88.68836721589427
NH717A,38.0,27.04414304695364,88.68598537327298
NH717A,39.0,27.048500843148528,88.686672642609
NH717A,40.0,27.049663996142893,88.68464101770236
NH717A,41.0,27.044103328761306,88.68105052510907
NH717A,42.0,27.047231831719802,88.6800428619892
NH717A,43.0,27.05194089487358,88.67934434610314
NH717A,44.0,27.05662019876996,88.67340927900922
NH717A,45.0,27.06262497399588,88.67031456411611
NH717A,46.0,27.06638007470882,88.66540153023556
NH717A,47.0,27.067464537094768,88.6612325808683
NH717A,48.0,27.06583851519924,88.65903806398676
NH717A,49.0,27.07120070105508,88.66457934758822
NH717A,50.0,27.076071517754468,88.66810324347203
NH717A,51.0,27.080400870763043,88.66851323630881
NH717A,52.0,27.085439261057427,88.66460383304981
NH717A,53.0,27.08447822559147,88.65711907967302
NH717A,54.0,27.08647575435884,88.65689785579225
NH717A,55.0,27.085622706295926,88.6554729068231
NH717A,56.0,27.08984459871976,88.65165448969435
NH717A,57.0,27.094830266099976,88.64630120066896
NH717A,58.0,27.096852032255907,88.63992838054297
NH717A,59.0,27.099524885742927,88.6399199681199
NH717A,60.0,27.10472697576861,88.63851646996173
NH717A,61.0,27.10350313258344,88.63709965894517
NH717A,62.0,27.099551071776588,88.62970361235537
NH717A,63.0,27.098503621050256,88.62298364817592
NH717A,64.0,27.09689344423368,88.61885555162935
NH717A,65.0,27.096891825554167,88.61089167673212
NH717A,66.0,27.096753323093754,88.60271962256189
NH717A,67.0,27.099460665003452,88.59772765460752
NH717A,68.0,27.106361004055227,88.59508721975956
NH717A,69.0,27.111553883208423,88.59110128387114
NH717A,70.0,27.116534000611797,88.58451519486069
NH717A,71.0,27.120000036772254,88.58628585776312
NH717A,72.0,27.128252300007073,88.5889296578065
NH717A,73.0,27.134811219430766,88.59485100376243
NH717A,74.0,27.137971274676882,88.6006152080543
NH717A,75.0,27.14523979532526,88.6055249703757
NH717A,76.0,27.152454975481618,88.6100254366978
NH717A,77.0,27.159273301398034,88.6153005602245
NH717A,78.0,27.16050723844928,88.61790840306301
NH717A,79.0,27.16020324501509,88.61914667123297
NH717A,80.0,27.162804711468684,88.62210078187964
NH717A,81.0,27.16120499269558,88.62392805061145
NH717A,82.0,27.16068304875356,88.62554434622496
NH717A,83.0,27.160636128127923,88.62728745374508
NH717A,84.0,27.163136599897467,88.62619138934892
NH717A,85.0,27.169693433618203,88.62424079457712
NH717A,86.0,27.166101327042043,88.625705937488
NH717A,87.0,27.16559318609846,88.6298806383817
NH717A,88.0,27.159188564085166,88.63448685173512
NH717A,89.0,27.151543704953944,88.63299554874092
NH717A,90.0,27.156307940818127,88.63495281555217
NH717A,91.0,27.16021761038966,88.63697166804558
NH717A,92.0,27.16659690999596,88.6359666946592
Nh27,0.0,26.586389199999996,88.3472768
Nh27,1.0,26.586825700000002,88.3501432
