highway_name,km,latitude,longitude
SH1,0.0,23.3649703,85.9670577
SH1,1.0,23.365638663437913,85.95744843991827
SH1,2.0,23.367351065222437,85.94784693944801
SH1,3.0,23.369459944450945,85.93834201843184
SH1,4.0,23.371628632366242,85.92885147522568
SH1,5.0,23.372848301543264,85.91920652467557
SH1,6.0,23.37473733063283,85.90964187205287
SH1,7.0,23.37731573555878,85.9002824170767
SH1,8.0,23.37988013304523,85.89091679994803
SH1,9.0,23.376423713724563,85.88237585071288
SH1,10.0,23.368928286136825,85.87723315925257
SH1,11.0,22.755181880636382,88.36889820179789
SH1,12.0,22.7471106167424,88.37230628738206
SH1,13.0,22.73809226583105,88.37280415024962
SH1,14.0,22.729071669447453,88.37327109496262
SH1,15.0,22.72005141232941,88.37374966691617
SH1,16.0,22.71103098620034,88.37421809518928
SH1,17.0,22.702010502162246,88.37467814528054
SH1,18.0,22.69298918232764,88.37513074382126
SH1,19.0,22.68396826985844,88.37559520519086
SH1,20.0,22.674947656643166,88.3760668252208
SH1,21.0,22.665927060589066,88.37653206670595
SH1,22.0,22.65690764002475,88.37702474183659
SH1,23.0,22.64788579640466,88.37746707577533
SH1,24.0,22.63886693002931,88.3779778719201
SH1,25.0,22.629848425487893,88.37848663986419
SH1,26.0,22.620830441101294,88.37901819420901
SH1,27.0,22.612184946299045,88.37720654173711
SH1,28.0,22.605381235742982,88.37398926232864
SH1,29.0,22.613613711144225,88.37798279209832
SH1,30.0,22.622392337221207,88.3790607980524
SH1,31.0,22.63140985490882,88.37852622935908
SH1,32.0,22.64042835131754,88.37801273073391
SH1,33.0,22.649442953883838,88.37746180276154
SH1,34.0,22.658464966890882,88.37702994813853
SH1,35.0,22.667485060462774,88.37654815528923
SH1,36.0,22.676504818617804,88.37606947234336
SH1,37.0,22.685526126469792,88.37561020129554
SH1,38.0,22.69454710183609,88.37515096243499
SH1,39.0,22.70356781706964,88.37468230041638
SH1,40.0,22.712589527881615,88.37424829041083
SH1,41.0,22.72160898018894,88.37374805405032
SH1,42.0,22.730628761320013,88.37326028485627
SH1,43.0,22.739648599107344,88.37277090123678
SH1,44.0,22.748669159388946,88.37229638598282
SH1,45.0,22.756625454777566,88.36836619206103
SH1,46.0,22.760511273621788,88.37000263097447
SH1,47.0,22.76844856047199,88.36845033595957
SH1,48.0,22.777410822189477,88.36816515018313
SH1,49.0,22.78642322032234,88.3682863955347
SH1,50.0,22.79530804631358,88.36839056702708
SH1,51.0,22.804058605047906,88.37047760740806
SH1,52.0,22.812538469811734,88.37345167979015
SH1,53.0,22.82097209680296,88.3769335075755
SH1,54.0,22.829345089405816,88.38027641307605
SH1,55.0,22.837930696225843,88.38230322175501
SH1,56.0,22.846599468141815,88.38048416810447
SH1,57.0,22.855117834572784,88.38013215489201
SH1,58.0,22.863021599360028,88.38462614372222
SH1,59.0,22.864894842862956,88.39376764910338
SH1,60.0,22.867998696927486,88.40262467582487
SH1,61.0,22.87554292331138,88.40744365223648
SH1,62.0,22.881800467972344,88.4141074995854
SH1,63.0,22.88969611330251,88.41872294467055
SH1,64.0,22.898491323766233,88.41894818800837
SH1,65.0,22.907395619935244,88.41754380947111
SH1,66.0,22.913225608969267,88.41015008963191
SH1,67.0,22.9218302896713,88.40819316047057
SH1,68.0,22.929909277447333,88.41192647312337
SH1,69.0,22.938642459992217,88.4142008929455
SH1,70.0,22.94505111010269,88.41890540258706
SH1,71.0,22.952863372845258,88.42303489613069
SH1,72.0,22.961327100836453,88.42614368555377
SH1,73.0,22.967581167752645,88.43027857725048
SH1,74.0,22.97319191070573,88.43336627966747
SH1,75.0,22.974150940049366,88.43438274619378
SH1,76.0,22.978944187753832,88.43723892214545
SH1,77.0,22.979312429448164,88.44029017270478
SH1,78.0,22.97943309612853,88.44021676325042
SH1,79.0,22.981839472391318,88.44917794263489
SH1,80.0,22.987855150994978,88.45253979366646
SH1,81.0,22.995154940220246,88.45646991762074
SH1,82.0,23.00378640091208,88.45877762899073
SH1,83.0,23.012672899436403,88.45724500555117
SH1,84.0,23.014232711897154,88.4620235245441
SH1,85.0,23.01308218193004,88.47073632995263
SH1,86.0,23.0098875441525,88.4798003524014
SH1,87.0,23.008450283687793,88.48933723433814
SH1,88.0,23.00336333646397,88.49505006520604
SH1,89.0,22.997044186293433,88.5015635545084
SH1,90.0,22.993674120495903,88.51018018132996
SH1,91.0,22.993382792340803,88.51981154522329
SH1,92.0,22.994703578029085,88.52935202510136
SH1,93.0,22.99534701728364,88.53875057344284
SH1,94.0,23.08211691117632,88.54666167585208
SH1,95.0,23.084125868520715,88.55617750497
SH1,96.0,23.086130038755655,88.5656947312976
SH1,97.0,23.08651366349025,88.57536450715386
SH1,98.0,23.087491277211402,88.5850348847127
SH1,99.0,23.08896362534759,88.59463492814514
SH1,100.0,23.090934839628492,88.60411222689348
SH1,101.0,23.092428655587057,88.61373272379407
SH1,102.0,23.092199533634624,88.62331423012306
SH1,103.0,23.089152182207744,88.63245969584817
SH1,104.0,23.08564578596337,88.64142596123123
SH1,105.0,23.08088249218258,88.6496026927457
SH1,106.0,23.07972282157963,88.6590036791825
SH1,107.0,23.08051259875188,88.66866011218573
SH1,108.0,23.08020188657799,88.67841363002724
SH1,109.0,23.0796473276593,88.68815424725385
SH1,110.0,23.07748360064859,88.69761884785684
SH1,111.0,23.07580462991421,88.7071739875393
SH1,112.0,23.071936183796314,88.71596595647718
SH1,113.0,23.067673179313005,88.7245248701206
SH1,114.0,23.066202480741076,88.73394719251928
SH1,115.0,23.065926466181075,88.73543077633057
SH1,116.0,23.06707537254114,88.72587317696342
SH1,117.0,23.07137865635433,88.71733581374447
SH1,118.0,23.075193091663653,88.70851462833284
SH1,119.0,23.077330707634253,88.69912409966048
SH1,120.0,23.079494442053512,88.68966635999854
SH1,121.0,23.08020785280795,88.67994497062571
SH1,122.0,23.08053938016839,88.67019232032041
SH1,123.0,23.080100475224942,88.66050241756136
SH1,124.0,23.080472175104706,88.65104280476079
SH1,125.0,23.08495060580177,88.64271321790847
SH1,126.0,23.088798749953217,88.63392028377876
SH1,127.0,23.09194715820998,88.6248050298975
SH1,128.0,23.092823786906493,88.61522652112524
SH1,129.0,23.09125162778308,88.60562200085454
SH1,130.0,23.089335585695594,88.59612740224378
SH1,131.0,23.087817865255843,88.58654109146808
SH1,132.0,23.08688476604166,88.57686363853111
SH1,133.0,23.086540269110294,88.56718540340816
SH1,134.0,23.08452706585339,88.55767047965162
SH1,135.0,23.082520563498136,88.54815390581474
SH1,136.0,22.5998354224697,88.37424598957166
SH1,137.0,22.59093341949639,88.3751965211512
SH1,138.0,22.581943952021874,88.37432733758214
SH1,139.0,22.573156419769898,88.37236009329442
SH1,140.0,22.56486933735102,88.36850657801708
SH1,141.0,22.556379247103237,88.36519292683573
SH1,142.0,22.54787221705263,88.36192953941362
SH1,143.0,22.535296629815722,88.36483905688694
SH1,144.0,22.526465947365597,88.36603265444542
SH1,145.0,22.517649386117075,88.36592417635757
SH1,146.0,22.52410787057552,88.36568416490496
SH1,147.0,22.532880783032105,88.36469476896703
SH1,148.0,22.541788573166606,88.36584209666334
SH1,149.0,22.510139464248763,88.36753534329084
SH1,150.0,22.501411247631932,88.36857947364292
SH1,151.0,22.492970912850097,88.37191646211528
SH1,152.0,22.494558171706114,88.37126421212936
SH1,153.0,22.502932822594484,88.36774464285651
SH1,154.0,22.511794207202023,88.36732996649827
SH1,155.0,22.485583471587056,88.37496554936402
SH1,156.0,22.476712516633846,88.3762696941199
SH1,157.0,22.47520665413799,88.37646200558648
SH1,158.0,22.471531485525823,88.37724789853371
SH1,159.0,22.46326143559383,88.37965591087556
SH1,160.0,22.45619731037138,88.3856049979113
SH1,161.0,22.448893285564253,88.39116559246276
SH1,162.0,22.44123064804081,88.39619373845564
SH1,163.0,22.43372680760165,88.40154270554949
SH1,164.0,22.42654765330061,88.40736278443866
SH1,165.0,22.419508381241386,88.41333794685661
SH1,166.0,22.412076186272156,88.41866211657349
SH1,167.0,22.40380199564481,88.42159550457652
SH1,168.0,22.395265409554785,88.41920024010378
SH1,169.0,22.386319379659916,88.4201746767959
SH1,170.0,22.377915081377203,88.42311934052545
SH1,171.0,22.369534187878436,88.42669531069964
SH1,172.0,22.361728897535986,88.43153044846056
SH1,173.0,22.353905582504783,88.43591855523835
SH1,174.0,22.34665030438303,88.44032320890543
SH1,175.0,22.34042715268793,88.44697009684194
SH1,176.0,22.331768001349605,88.44929991730618
SH1,177.0,22.323044080137525,88.45144158797106
SH1,178.0,22.3153952367149,88.45635675304194
SH1,179.0,22.308588455266296,88.46248411613682
SH1,180.0,22.299976550871143,88.46501731726384
SH1,181.0,22.293121850809516,88.46096249687679
SH1,182.0,22.28649805392247,88.45628693248926
SH1,183.0,22.278221746668446,88.4525834456205
SH1,184.0,22.272737559470738,88.44604441582527
SH1,185.0,22.264549339468772,88.444809973222
SH1,186.0,22.25651132241283,88.44599078502505
SH1,187.0,22.24818534138275,88.44757867017881
SH1,188.0,22.239457781380175,88.44730730465605
SH1,189.0,22.230966472975894,88.44779681742455
SH1,190.0,22.222585594712573,88.44630074479352
SH1,191.0,22.215102936094645,88.44159993158422
SH1,192.0,22.206883437808997,88.43912074561464
SH1,193.0,22.198580843816288,88.43900100797634
SH1,194.0,22.190620038286607,88.43448104420324
SH1,195.0,22.183497878434284,88.42865429278007
SH1,196.0,22.177441553490592,88.42195316916929
SH1,197.0,22.170461710831745,88.41608858868133
SH1,198.0,22.16431414923405,88.40913979661575
SH1,199.0,22.156344282768767,88.40474248398125
SH1,200.0,22.14850173167615,88.40039045826661
SH1,201.0,22.14650443533117,88.39103449775706
SH1,202.0,22.143024957718904,88.38210610738513
SH1,203.0,22.13834022922312,88.37389127363898
SH1,204.0,22.132853765024617,88.36619437209065
SH1,205.0,22.12773008085989,88.35822418413139
SH1,206.0,22.12260269751425,88.35025308941141
SH1,207.0,22.117576010961976,88.34220396361684
SH1,208.0,22.1143865332089,88.33329242064762
SH1,209.0,22.11218617028244,88.32389399891937
SH1,210.0,22.109484541244388,88.31467405998848
SH1,211.0,22.104633306892374,88.30653271685321
SH1,212.0,22.100240777007752,88.29806641199058
SH1,213.0,22.096650503196052,88.28922997899463
SH1,214.0,22.094681421414215,88.2797720494643
SH1,215.0,22.0926555273816,88.27035034051558
SH1,216.0,22.090137891762616,88.2610472357778
SH1,217.0,22.085404232426374,88.25279443874713
SH1,218.0,22.463106782734176,88.37978795238986
SH1,219.0,22.586723046698527,88.37481554450666
SH1,220.0,22.595729083119533,88.37519432519122
SH1,221.0,23.064449767727673,88.7422438914238
SH1,222.0,23.06275068255785,88.75042850659273
SH1,223.0,23.06173728943698,88.76007670182189
SH1,224.0,23.06137880693518,88.76975111963576
SH1,225.0,23.06081704905666,88.77939363050541
SH1,226.0,23.05886170202963,88.78883362845119
SH1,227.0,23.05585038983691,88.79799060959938
SH1,228.0,23.054395638137397,88.80762056474724
SH1,229.0,23.05159696403472,88.81676758711981
SH1,230.0,23.048125182067356,88.82552062081669
SH1,231.0,23.044346500000003,88.8315949
SH10A,0.0,25.390426300000005,88.39554550000001
SH10A,1.0,25.399447848718577,88.39584979620867
SH10A,2.0,25.40846225690044,88.39635580191373
SH10A,3.0,25.417476625630673,88.39674665938328
SH10A,4.0,25.426423326176074,88.39761451482502
SH10A,5.0,25.434821634176185,88.40126114385114
SH10A,6.0,25.44356481061201,88.40353755919722
SH10A,7.0,25.452425227620342,88.4052538000519
SH10A,8.0,25.46140109287033,88.40605675942425
SH10A,9.0,25.468966387541272,88.40075929957109
SH10A,10.0,25.47651332465451,88.39530730995939
SH10A,11.0,25.483807173736725,88.38947155683734
SH10A,12.0,25.491361930421988,88.38409297760778
SH10A,13.0,25.49943921866018,88.37972310144242
SH10A,14.0,25.50803645332477,88.3767016018843
SH10A,15.0,25.515953991435012,88.37199244492591
SH10A,16.0,25.52393665036473,88.3678718719036
SH10A,17.0,25.531783328131212,88.36322623259353
SH10A,18.0,25.540588728408988,88.36111681033681
SH10A,19.0,25.549328110530904,88.35884422861827
SH10A,20.0,25.557102055005263,88.35386929699507
SH10A,21.0,25.565134234000695,88.34954064681534
SH10A,22.0,25.572165644144476,88.34348570814028
SH10A,23.0,25.580916367032437,88.3429295563889
SH10A,24.0,25.589931629841765,88.34277214982977
SH10A,25.0,25.598935400292348,88.3428678621621
SH10A,26.0,25.607901987945876,88.34270696157556
SH10A,27.0,25.616850604624567,88.34326028515449
SH10A,28.0,25.625465410843635,88.34562532260465
SH10A,29.0,25.6303568835988,88.33798826119214
SH10A,30.0,25.637368868706933,88.33304506367217
SH10A,31.0,25.639265010447236,88.3255532627873
SH10A,32.0,25.64088994014163,88.31611491715482
SH10A,33.0,25.64188773668957,88.30629522233053
SH10A,34.0,25.643145933500655,88.29654202397614
SH10A,35.0,25.647032630140533,88.28838818839876
SH10A,36.0,25.651449565225974,88.28006900507235
SH10A,37.0,25.65723594349555,88.2732082444227
SH10A,38.0,25.65972843274991,88.26367289717649
SH10A,39.0,25.66037419050393,88.25383005503123
SH10A,40.0,25.662231973723795,88.244096427764
SH10A,41.0,25.665087332726834,88.2348547277942
SH10A,42.0,25.671990607553482,88.22850235768838
SH10A,43.0,25.676215543175545,88.21992706126109
SH10A,44.0,25.67848269520156,88.21046456826528
SH10A,45.0,25.678400593820363,88.20055491639
SH10A,46.0,25.678447123519245,88.19073226660464
SH10A,47.0,25.67584182927713,88.18121910675272
SH10A,48.0,25.670629564795927,88.17310632110643
SH10A,49.0,25.663803090588893,88.16669718179348
SH10A,50.0,25.657409338402623,88.15980968932335
SH10A,51.0,25.65255420343269,88.15141282600352
SH10A,52.0,25.647031111950096,88.1436699742703
SH10A,53.0,25.6421508337258,88.13580493779996
SH10A,54.0,25.634009954700783,88.1321400093761
SH10A,55.0,25.390426300000005,88.39554550000001
SH11,0.0,23.985239999999997,87.565803
SH11,1.0,23.983341645015432,87.57500321667702
SH11,2.0,23.98182679856462,87.58419074272902
SH11,3.0,23.979627632352347,87.5937233994963
SH11,4.0,23.977951276446884,87.60336773215295
SH11,5.0,23.972913307604117,87.61099363126236
SH11,6.0,23.96977881465693,87.62019754123821
SH11,7.0,23.967199255650737,87.62959964472536
SH11,8.0,23.963841168519235,87.63843551489984
SH11,9.0,23.960506512141464,87.64745738160516
SH11,10.0,23.959731296088723,87.65704125380977
SH11,11.0,23.95882178911808,87.66669148629249
SH11,12.0,23.95920739694284,87.7470466711262
SH11,13.0,23.95791923282506,87.75662218313943
SH11,14.0,23.95809276925717,87.76644580173446
SH11,15.0,23.958402195638346,87.77611793654637
SH11,16.0,23.96180130609408,87.7852216070779
SH11,17.0,23.963542438933246,87.79466880830692
SH11,18.0,23.966405647572515,87.8038904131589
SH11,19.0,23.9683091876668,87.81348455448195
SH11,20.0,23.96622379975858,87.82290181547434
SH11,21.0,23.96648592185904,87.83259563535226
SH11,22.0,23.968639828319684,87.84209438509318
SH11,23.0,23.972432862787038,87.85100407287459
SH11,24.0,23.97227134763892,87.86052672640164
SH11,25.0,23.97520569646679,87.86950619613144
SH11,26.0,23.979163891161477,87.87833467865333
SH11,27.0,23.983058234998712,87.88717113133487
SH11,28.0,23.98688396512235,87.89605819059537
SH11,29.0,23.990749951203128,87.9049094066973
SH11,30.0,23.989541015420777,87.91448876985339
SH11,31.0,23.989023700632224,87.92424526764776
SH11,32.0,23.987942442580074,87.93392612901121
SH11,33.0,23.98405086222738,87.94279449443196
SH11,34.0,23.978507825634445,87.95049754036295
SH11,35.0,23.975265704119185,87.95949432192118
SH11,36.0,23.97361360628153,87.96914716966423
SH11,37.0,23.971627208265513,87.97872630601478
SH11,38.0,23.96901986559287,87.98811100071543
SH11,39.0,23.966444377768344,87.99751357445629
SH11,40.0,23.964336033340636,88.0070391861106
SH11,41.0,23.96233388456276,88.01661276846977
SH11,42.0,23.965376633515007,88.02571419628315
SH11,43.0,23.9644774475509,88.03528785165001
SH11,44.0,23.96860603724213,88.04334879978198
SH11,45.0,23.97332474311486,88.05153276228829
SH11,46.0,23.979629570704308,88.05831658030303
SH11,47.0,23.986729054566496,88.06429549393405
SH11,48.0,23.993699482578943,88.07052401449137
SH11,49.0,24.000395204759855,88.07685944494158
SH11,50.0,24.006621669697523,88.08392061566151
SH11,51.0,24.012718651396334,88.0911276442904
SH11,52.0,24.020810067018488,88.09445870062994
SH11,53.0,24.02838597749653,88.0997731261494
SH11,54.0,24.03541901393127,88.10591316577411
SH11,55.0,24.04291351576988,88.11134014595793
SH11,56.0,24.04627637957747,88.11924615656335
SH11,57.0,24.05135223189815,88.12710084707187
SH11,58.0,24.057237290249425,88.13455380147359
SH11,59.0,24.0630335668015,88.14209508714893
SH11,60.0,24.066920483517404,88.14982834268311
SH11,61.0,24.071505878995993,88.15814716429541
SH11,62.0,24.078606039055977,88.16396427321165
SH11,63.0,24.085733255866174,88.16959160702054
SH11,64.0,24.08790478910279,88.17875873426651
SH11,65.0,24.090605263367866,88.18812983391055
SH11,66.0,24.09154533967902,88.19769683656239
SH11,67.0,24.095485666248813,88.20650896426001
SH11,68.0,24.099850073811442,88.21511354128982
SH11,69.0,24.103955350328444,88.22379832856684
SH11,70.0,24.09721919034564,88.27069715860613
SH11,71.0,24.10088777202678,88.2792277206897
SH11,72.0,24.106762898251755,88.28654851060875
SH11,73.0,24.11488855472245,88.29061583411911
SH11,74.0,24.123638390210257,88.29302264642855
SH11,75.0,23.375846672429986,88.49378354204876
SH11,76.0,23.36957632418597,88.4994908019808
SH11,77.0,23.36181836408792,88.5044447850129
SH11,78.0,23.355389944481395,88.5112735889555
SH11,79.0,23.348795144598412,88.51789567648468
SH11,80.0,23.340492965812516,88.52160760084783
SH11,81.0,23.333183733771662,88.52731114174108
SH11,82.0,23.324619435532266,88.52949727313803
SH11,83.0,23.315969288377577,88.53226781784448
SH11,84.0,23.307137238892764,88.53190484550362
SH11,85.0,23.29864951877321,88.52899302262972
SH11,86.0,23.290048076617698,88.53140460564725
SH11,87.0,23.281928502961666,88.53566530036795
SH11,88.0,23.27343470826705,88.5389096425755
SH11,89.0,23.26493160554058,88.54110652626662
SH11,90.0,23.2562953205932,88.54394989503665
SH11,91.0,23.247660207243033,88.546804955841
SH11,92.0,23.240438506283233,88.55138067085454
SH11,93.0,23.233373923272378,88.5565547679376
SH11,94.0,23.224574467961368,88.55847443190436
SH11,95.0,23.21566418269698,88.55988626672372
SH11,96.0,23.206730201732967,88.56124331531356
SH11,97.0,23.1977737846868,88.56244383755484
SH11,98.0,23.18877252078187,88.56271408857744
SH11,99.0,23.180504880960665,88.56039696629341
SH11,100.0,23.1812254,88.558573
SH12,0.0,26.948598001472007,88.12208509627752
SH12,1.0,26.956923176478995,88.12175802435115
SH12,2.0,26.962714734360908,88.12284999193348
SH12,3.0,26.97084546428922,88.12449069890474
SH12,4.0,26.975345930054164,88.12886097743994
SH12,5.0,26.978493232252696,88.13005679942012
SH12,6.0,26.982345454582493,88.13315335106518
SH12,7.0,26.984441739128116,88.1387580258185
SH12,8.0,26.984348444714964,88.14603088144332
SH12,9.0,26.98874820532701,88.15365824004148
SH12,10.0,26.99104334035795,88.16150843543899
SH12,11.0,26.99714657720468,88.1667823232638
SH12,12.0,27.004260507091693,88.17142970339485
SH12,13.0,27.009426180836524,88.17895074159719
SH12,14.0,27.011598793000854,88.18841118574247
SH12,15.0,27.012669082419478,88.1975439934632
SH12,16.0,27.005493724538066,88.20164617713928
SH12,17.0,27.00601450735393,88.20978943888653
SH12,18.0,27.00335287745169,88.21798922709218
SH12,19.0,27.004327530315777,88.22521481629559
SH12,20.0,27.00638144833088,88.23294566323916
SH12,21.0,27.00793353766118,88.24016892914571
SH12,22.0,27.006545671290368,88.247784307118
SH12,23.0,27.007751178508776,88.26152109572729
SH12,24.0,27.00438588056738,88.26815980644615
SH12,25.0,27.001469881982132,88.27499528297432
SH12,26.0,27.00095386718121,88.28275715883552
SH12,27.0,27.006048107852063,88.28971823693574
SH12,28.0,27.011632941810863,88.29524006616059
SH12,29.0,27.015801350777036,88.30073228638453
SH12,30.0,27.020941865070444,88.30725794905909
SH12,31.0,27.023479515591056,88.31423563930892
SH12,32.0,27.027456922957317,88.32198354889925
SH12,33.0,27.033496493541822,88.32881378906802
SH12,34.0,27.03935582665124,88.33450217081794
SH12,35.0,27.044072647163645,88.34126223706834
SH12,36.0,27.049238743348404,88.34838078905655
SH12,37.0,27.056785474028967,88.35302551486343
SH12,38.0,27.05883916396521,88.35910855281463
SH12,39.0,27.059380444987895,88.36832949304929
SH12,40.0,27.060366757843713,88.37694450880512
SH12,41.0,27.0650412032564,88.38399401773232
SH12,42.0,27.067294069967513,88.38945920549244
SH12,43.0,27.072224069918228,88.39353928535056
SH12,44.0,27.076344267559023,88.40088919590883
SH12,45.0,27.07847835575081,88.40951728073075
SH12,46.0,27.078003822815003,88.41864225958253
SH12,47.0,27.075390687987085,88.42160082739187
SH12,48.0,27.071777806194145,88.42172885958517
SH12,49.0,27.069255561150243,88.42461327948239
SH12,50.0,27.063462275699862,88.42458784060887
SH12,51.0,27.054686167901902,88.42570198365782
SH12,52.0,27.065168739600125,88.42983512032151
SH12,53.0,27.065119952625988,88.43196574528635
SH12,54.0,27.060367122784278,88.43340058990313
SH12,55.0,27.058418727820666,88.43570111499908
SH12,56.0,27.060040793794368,88.4379424252558
SH12,57.0,27.061438352191686,88.44127369502506
SH12,58.0,27.053743485014156,88.44125154063029
SH12,59.0,27.057883482053043,88.44551343742418
SH12,60.0,27.06488707776733,88.44966205456699
SH12,61.0,27.06974370058878,88.4491698129334
SH12,62.0,27.06920378478505,88.45316263560157
SH12,63.0,27.0638614702157,88.45831634502717
SH12,64.0,27.064126041652827,88.46630042918058
SH12,65.0,27.069901088378657,88.47190173086376
SH12,66.0,27.076030664595017,88.4787120307345
SH12,67.0,27.078682064540704,88.48757452239754
SH12,68.0,27.078121038846028,88.49701004759432
SH12,69.0,27.07758869057378,88.50671588800593
SH12,70.0,27.078176778257912,88.51543952357015
SH12,71.0,27.082968204860727,88.52302625128898
SH12,72.0,27.088493542901848,88.53056036994509
SH12,73.0,27.09204590221795,88.53833522378939
SH12,74.0,27.097544513390154,88.54431077068644
SH12,75.0,27.101675100608684,88.55002031773415
SH12,76.0,27.10484651313164,88.55791363707888
SH12,77.0,27.109980103004176,88.56551565827475
SH12,78.0,27.114554520144228,88.57339340159021
SH12,79.0,27.117326573940424,88.58254160456345
SH12,80.0,26.80578063068247,88.2765600085326
SH12,81.0,26.800458007247173,88.2689595645531
SH12,82.0,26.80057749493915,88.25931178612814
SH12,83.0,26.803093250605713,88.25173624894538
SH12,84.0,26.811119318146982,88.24766568510428
SH12,85.0,26.819929841427907,88.24722664170947
SH12,86.0,26.82125192608232,88.23806272600557
SH12,87.0,26.82306455163443,88.23709602919239
SH12,88.0,26.825445465557927,88.23328766547412
SH12,89.0,26.827661184398995,88.22754982988072
SH12,90.0,26.829216639748758,88.23265645434655
SH12,91.0,26.834847409192644,88.23463922437892
SH12,92.0,26.832076426301505,88.23108146724786
SH12,93.0,26.836175792064004,88.22336046192792
SH12,94.0,26.842442088555593,88.22512352798944
SH12,95.0,26.843796501117748,88.22572038012206
SH12,96.0,26.848865488061712,88.22336887994598
SH12,97.0,26.850618754812324,88.21468336588883
SH12,98.0,26.848431582811198,88.2082989496631
SH12,99.0,26.844742268046698,88.20173824827562
SH12,100.0,26.844463996282762,88.19461727956605
SH12,101.0,26.84950128384981,88.19252603314278
SH12,102.0,26.856440965223634,88.19427857909889
SH12,103.0,26.864419041193266,88.19476434932818
SH12,104.0,26.872265405885617,88.19369864841109
SH12,105.0,26.874819308815805,88.19054043347991
SH12,106.0,26.876366327655642,88.18846220091885
SH12,107.0,26.880855533307603,88.1879652724167
SH12,108.0,26.885369043845635,88.18275108156104
SH12,109.0,26.887917038843934,88.17965175930063
SH12,110.0,26.894527384088228,88.178730125927
SH12,111.0,26.898468093214387,88.17094983492163
SH12,112.0,26.90278423030187,88.16510648710161
SH12,113.0,26.9056709999063,88.16107310663051
SH12,114.0,26.90851736165769,88.15679111455354
SH12,115.0,26.910882076414573,88.1486708601075
SH12,116.0,26.917910201848553,88.1484083196151
SH12,117.0,26.921845631433186,88.14682335375231
SH12,118.0,26.926258462919254,88.14285479369616
SH12,119.0,26.93311339823678,88.13834465186427
SH12,120.0,26.93976529772075,88.1286264265354
SH12,121.0,26.947858585063134,88.12655975843957
SH12,122.0,26.946895129108352,88.12455163454428
SH12,123.0,26.80650228098015,88.29023900969639
SH12,124.0,26.803163630572968,88.29946375103809
SH12,125.0,26.79985038999834,88.30874206034072
SH12,126.0,26.79227629153329,88.31417707787476
SH12,127.0,26.786060568942464,88.32129655180385
SH12,128.0,26.779826665122926,88.32822283850255
SH12,129.0,26.77205656078258,88.33256827901471
SH12,130.0,26.764634412240305,88.33662993590737
SH12,131.0,26.75738363511559,88.34223721458225
SH12,132.0,26.75004367317216,88.34779788070891
SH12,133.0,26.741622246335716,88.35048295046553
SH12,134.0,26.736104387257807,88.3583242215197
SH12,135.0,26.7328214700359,88.36763663299782
SH12,136.0,26.728016901828013,88.37574628726063
SH12,137.0,26.642244054671455,88.3718325718134
SH12,138.0,26.63391925687265,88.37492725617506
SH12,139.0,26.625437192108432,88.37830293932912
SH12,140.0,26.616422956461882,88.37855077439745
SH12,141.0,26.607421457898315,88.3792137584083
SH12,142.0,26.599102983262327,88.37683948563657
SH12,143.0,26.59099986278022,88.37296269638959
SH12,144.0,26.588365912137004,88.36515893112832
SH12,145.0,26.587619303529877,88.35548925998702
SH12,146.0,26.471439344483457,89.56036208603426
SH12,147.0,26.469646479506878,89.5701841599912
SH12,148.0,26.466565872215167,89.57956700447399
SH12,149.0,26.463027653708814,89.5887875495776
SH12,150.0,26.459741641754853,89.59810870866438
SH12,151.0,26.45486324713454,89.60653936777462
SH12,152.0,26.449994311395084,89.6149766777412
SH12,153.0,26.445080359591305,89.62338046204658
SH12,154.0,26.443489347123833,89.63280416771113
SH12,155.0,26.44349933956154,89.64267513524167
SH12,156.0,26.44318155570661,89.65185206652747
SH12,157.0,26.442154816654128,89.66175581869616
SH12,158.0,26.44116096054612,89.67169001480143
SH12,159.0,26.440917689649105,89.68161922506211
SH12,160.0,26.446188278205085,89.68944877636957
SH12,161.0,26.44815787506407,89.69887732941362
SH12,162.0,26.44772047111671,89.70886077801315
SH12,163.0,26.45315418221886,89.71546235698023
SH12,164.0,26.46133493330645,89.71966393482582
SH12,165.0,26.46955525995509,89.72379029623333
SH12,166.0,26.473574444388163,89.7325258842475
SH12,167.0,22.975607199999992,88.4349915
SH12A,0.0,26.732521200000004,88.4092534
SH12A,1.0,26.726135297104747,88.41494428918179
SH12A,2.0,26.71853958817397,88.42032619533548
SH12A,3.0,26.721218063030914,88.41886202155345
SH12A,4.0,26.72867907896728,88.41321993307693
SH12A,5.0,26.71101685899085,88.41824980758265
SH12A,6.0,26.70268239232744,88.41450865009604
SH12A,7.0,26.694579139344466,88.4111149979034
SH12A,8.0,26.695284628205396,88.41115083027711
SH12A,9.0,26.703269790945466,88.4150228111684
SH12A,10.0,26.71166241122112,88.41867511381669
SH12A,11.0,26.685142047071636,88.41660733467184
SH12A,12.0,26.676147574378042,88.41743902803312
SH12A,13.0,26.672948761648723,88.41528627496837
SH12A,14.0,26.664422936591073,88.41543221591643
SH12A,15.0,26.658533903459592,88.41625572895519
SH12A,16.0,26.667471328901364,88.41484738486515
SH12A,17.0,26.67790487236719,88.41751905953237
SH12A,18.0,26.686887050704886,88.41653675334618
SH12A,19.0,26.43275677471794,88.91066568488633
SH12A,20.0,26.4349440430249,88.91826877749203
SH12A,21.0,26.43626875230337,88.92736677812216
SH12A,22.0,26.442783892437046,88.93430438157621
SH12A,23.0,26.449320190281462,88.94121766741846
SH12A,24.0,26.456401945579316,88.94691358353965
SH12A,25.0,26.461125313591793,88.95462459640405
SH12A,26.0,26.46012850633931,88.96379815370052
SH12A,27.0,26.455172923482785,88.97206060918539
SH12A,28.0,26.45331662729518,88.98162318007107
SH12A,29.0,26.447807416702783,88.98804975122124
SH12A,30.0,26.439474474949723,88.99187010734778
SH12A,31.0,26.43299798195036,88.99525520148063
SH12A,32.0,26.433345882575193,89.00524089407939
SH12A,33.0,26.433787221226083,89.0152236183483
SH12A,34.0,26.433878763595388,89.02516950321434
SH12A,35.0,26.434735832049252,89.03502321990774
SH12A,36.0,26.43369269893374,89.04498026477197
SH12A,37.0,26.432587701576903,89.05491619620615
SH12A,38.0,26.42901375653964,89.06408189019669
SH12A,39.0,26.42546635756394,89.07321798339235
SH12A,40.0,26.419752116533505,89.0809757373506
SH12A,41.0,26.414168201790645,89.08884838651294
SH12A,42.0,26.408680224671063,89.09680391347241
SH12A,43.0,26.40058308712907,89.09854199073206
SH12A,44.0,26.392117916782876,89.10041203563884
SH12A,45.0,26.383407712300578,89.10162007528739
SH12A,46.0,26.374760966413895,89.10266154377351
SH12A,47.0,26.369281267073834,89.1104907517363
SH12A,48.0,26.36175904214908,89.1147732091446
SH12A,49.0,26.353778938937367,89.11942401840543
SH12A,50.0,26.346007865326563,89.12451652966537
SH12A,51.0,26.344982799690797,89.13398431432113
SH12A,52.0,26.344941224066527,89.14400025526541
SH12A,53.0,26.344802233597445,89.15401488800485
SH12A,54.0,26.344332642189176,89.16401554848893
SH12A,55.0,26.343648027985843,89.17400226055375
SH12A,56.0,26.342835857250897,89.18397717084578
SH12A,57.0,26.341973119841093,89.19394685969715
SH12A,58.0,26.34111095831095,89.20391647597502
SH12A,59.0,26.33569735220052,89.21081581302195
SH12A,60.0,26.32805394753294,89.21286571629174
SH12A,61.0,26.32009488530639,89.21488275048819
SH12A,62.0,26.317285533923446,89.22410222109374
SH12A,63.0,26.321161767673114,89.23182340223228
SH12A,64.0,26.32868665420131,89.23735003956321
SH12A,65.0,26.3361965695699,89.24289462971952
SH12A,66.0,26.337497299049385,89.25232372818014
SH12A,67.0,26.33185158466441,89.2591655463488
SH12A,68.0,26.326001579558472,89.26604775725609
SH12A,69.0,26.324093464937665,89.27583461563083
SH12A,70.0,26.321724127584407,89.28547234976166
SH12A,71.0,26.31800504455149,89.29459462324085
SH12A,72.0,26.315546994172113,89.30404080880372
SH12A,73.0,26.311601162330835,89.31211243566905
SH12A,74.0,26.304007833505878,89.31752091148326
SH12A,75.0,26.29665528986313,89.32320770068334
SH12A,76.0,26.295515134911618,89.33309579244973
SH12A,77.0,26.291357676685802,89.34189747101107
SH12A,78.0,26.28651429783132,89.35033118637631
SH12A,79.0,26.285401718005822,89.35818535829509
SH12A,80.0,26.287709244252746,89.3671553160977
SH12A,81.0,26.290949442792545,89.37649762480535
SH12A,82.0,26.294207470074685,89.38583243300248
SH12A,83.0,26.297415609399778,89.3951860653504
SH12A,84.0,26.30056396627463,89.4045650874549
SH12A,85.0,26.302048857138228,89.41390588378016
SH12A,86.0,26.301458241687833,89.42380168241937
SH12A,87.0,26.302197555022797,89.43359384873594
SH12A,88.0,26.294711689085702,89.4390770787868
SH12A,89.0,26.287184084555722,89.44459475848106
SH12A,90.0,26.278385403512946,89.4439767983764
SH12A,91.0,26.270861381608835,89.44796512503288
SH12A,92.0,26.272084825294737,89.45689386668845
SH12A,93.0,26.280691443858412,89.45714036508048
SH12A,94.0,26.28778389486923,89.45798701051989
SH12A,95.0,26.295634736433744,89.45419425408821
SH12A,96.0,26.30448159700749,89.4529346575089
SH12A,97.0,26.312184006247325,89.45028880115264
SH12A,98.0,26.319880168830444,89.45443497326364
SH12A,99.0,26.322392586731876,89.44519897994027
SH12A,100.0,26.32801500667913,89.44255338026542
SH12A,101.0,26.336399193699386,89.44617729942128
SH12A,102.0,26.34519546101234,89.44821296479209
SH12A,103.0,26.35410511605377,89.44971316883235
SH12A,104.0,26.362408026756373,89.45354622746952
SH12A,105.0,26.370160806721536,89.45862195520905
SH12A,106.0,26.37774027076713,89.46388086999377
SH12A,107.0,26.383341906887093,89.47161548880904
SH12A,108.0,26.38374530086954,89.48148219723193
SH12A,109.0,26.387112304279817,89.4907152122592
SH12A,110.0,26.39492457986027,89.49547346468299
SH12A,111.0,26.402426214177137,89.49813439296992
SH12A,112.0,26.410642546944683,89.5016417519351
SH12A,113.0,26.4180118018794,89.50728240889397
SH12A,114.0,26.425469556309963,89.51245967507624
SH12A,115.0,26.434352664919647,89.51421241115322
SH12A,116.0,26.44305401642984,89.51667019934149
SH12A,117.0,26.451985428425772,89.517733414486
SH12A,118.0,26.46061793480686,89.52057838338695
SH12A,119.0,26.46561904679927,89.51641612447054
SH12A,120.0,26.472300717187156,89.50970500025404
SH12A,121.0,26.481266283269452,89.50861606100835
SH12A,122.0,26.509883803153517,89.53116623139432
SH12A,123.0,26.51865100673269,89.53339359214566
SH12A,124.0,26.527465830582727,89.53477835691793
SH12A,125.0,26.53630343386165,89.53677453889459
SH12A,126.0,26.54509155578311,89.53556870511552
SH12A,127.0,26.553963691965308,89.53382237310797
SH12A,128.0,26.562896590466163,89.53242238524247
SH12A,129.0,26.571687794286326,89.5302313882034
SH12A,130.0,26.58064314863243,89.52983271507078
SH12A,131.0,26.58883848204735,89.52579304345595
SH12A,132.0,26.597707903977728,89.52574382246335
SH12A,133.0,26.60563618068608,89.52997644123731
SH12A,134.0,26.61444063918024,89.53215364666742
SH12A,135.0,26.618512382413922,89.52919017467295
SH12A,136.0,26.61731105314609,89.52548729168596
SH12A,137.0,26.62509510043604,89.52081470191655
SH12A,138.0,26.630815104767702,89.51344770496132
SH12A,139.0,26.635556840712827,89.50513656117782
SH12A,140.0,26.642137819458867,89.49849939434526
SH12A,141.0,26.64921765807602,89.492276109672
SH12A,142.0,26.656105100450056,89.48580001260191
SH12A,143.0,26.663007549615315,89.47933915368725
SH12A,144.0,26.669782385316733,89.47271289855138
SH12A,145.0,26.676382267056564,89.46589653892453
SH12A,146.0,26.681614589513053,89.45771466351194
SH12A,147.0,26.686727917950204,89.44944895091594
SH12A,148.0,26.691137680245067,89.44096247856136
SH12A,149.0,26.690319800842836,89.43113595776761
SH12A,150.0,26.690911819538222,89.42111335837119
SH12A,151.0,26.68835827259183,89.41237463502569
SH12A,152.0,26.689664856580208,89.40351041478297
SH12A,153.0,26.698431364869094,89.40313365177182
SH12A,154.0,26.70564963550797,89.39719021364166
SH12A,155.0,26.709690191876867,89.38827233285157
SH12A,156.0,26.71597391149747,89.38128651896012
SH12A,157.0,26.722142148720938,89.37395778642541
SH12A,158.0,26.729519749461705,89.368434391254
SH12A,159.0,26.501841767438307,89.52854828752609
SH12A,160.0,26.49299326960563,89.5268164664664
SH12A,161.0,26.484011113002804,89.52684495152924
SH12A,162.0,26.48654134088376,89.52638522953958
SH12A,163.0,26.4955420517981,89.52693621547826
SH12A,164.0,26.283748200000005,89.4589306
SH13,0.0,23.958631399999998,87.68188660000001
SH13,1.0,23.96683736084034,87.6797555883885
SH13,2.0,23.975683868018,87.67986630793764
SH13,3.0,23.98429540367507,87.68282085945418
SH13,4.0,23.992847831183568,87.68582594979166
SH13,5.0,24.0014447587263,87.68881393689371
SH13,6.0,24.01004564740913,87.69181227997154
SH13,7.0,24.01866109589904,87.69474720476089
SH13,8.0,24.027063789331738,87.69823049984572
SH13,9.0,24.034568697149147,87.70334821946676
SH13,10.0,24.041803044950324,87.70783701549416
SH13,11.0,24.050386062601742,87.71066036341615
SH13,12.0,24.058028510715207,87.71584144030125
SH13,13.0,24.06615203704758,87.7200947687637
SH13,14.0,24.074192899437367,87.72423018820938
SH13,15.0,24.081632294651186,87.72968850445531
SH13,16.0,23.19049247997268,88.019913636684
SH13,17.0,23.191344141882613,88.02200572608706
SH13,18.0,23.18938978169903,88.02906029106997
SH13,19.0,23.187621124323556,88.03857183864586
SH13,20.0,23.18664131374333,88.04797370867665
SH13,21.0,23.185994283635747,88.05770684854295
SH13,22.0,23.185291055236462,88.06758385338152
SH13,23.0,23.18108825071182,88.07619901150464
SH13,24.0,23.18106330710642,88.08568210824137
SH13,25.0,23.17423003293833,88.08972373395574
SH13,26.0,23.1697319412303,88.09798165723743
SH13,27.0,23.16552911195917,88.10653240485702
SH13,28.0,23.15955672841455,88.11383285369392
SH13,29.0,23.153605001717906,88.12117852797185
SH13,30.0,23.148160423336538,88.1288188649635
SH13,31.0,23.142765452632183,88.13658947916663
SH13,32.0,23.138688014544453,88.14505180536783
SH13,33.0,23.13331251995947,88.1526018116541
SH13,34.0,23.127720314309464,88.16020808139099
SH13,35.0,23.12673951049758,88.169883429696
SH13,36.0,23.125972292133724,88.17955720449413
SH13,37.0,23.123349681856286,88.1886742786239
SH13,38.0,23.116593555467876,88.19503440207124
SH13,39.0,23.11160647513142,88.2030548474424
SH13,40.0,23.106320688473296,88.21092061105438
SH13,41.0,23.102302785235704,88.21962397824791
SH13,42.0,23.098628289453988,88.2283859210888
SH13,43.0,23.094414817727284,88.23687192025557
SH13,44.0,23.08993709638451,88.2451896278636
SH13,45.0,23.089047900917876,88.25484354757546
SH13,46.0,23.086165570957885,88.26382956781569
SH13,47.0,23.08148257721022,88.27209079275617
SH13,48.0,23.076773899138608,88.2798734426293
SH13,49.0,23.073219679601912,88.28638704743054
SH13,50.0,23.06971617956637,88.2953281033787
SH13,51.0,23.0645996736337,88.30328170383137
SH13,52.0,23.058448313161197,88.31039705538545
SH13,53.0,23.052013226090494,88.31722761506343
SH13,54.0,23.04684144206591,88.32506546254892
SH13,55.0,23.042241892251102,88.33323350666413
SH13,56.0,23.03563507991545,88.33981004748622
SH13,57.0,23.02981034726445,88.34699334902857
SH13,58.0,23.023049783445373,88.35328616333162
SH13,59.0,23.015545300670095,88.35852439635114
SH13,60.0,23.00742255409724,88.36278871712179
SH13,61.0,22.99916217283233,88.36666927015396
SH13,62.0,22.9913467123138,88.3715239067752
SH13,63.0,22.98265035793919,88.37367849321349
SH13,64.0,22.974041133700535,88.37138617386604
SH13,65.0,22.96573608821416,88.36771941042151
SH13,66.0,22.957690292205996,88.36516282927666
SH13,67.0,22.949719971074675,88.36057740664845
SH13,68.0,22.94175047646692,88.35599303364354
SH13,69.0,22.933695098444314,88.35134838181386
SH13,70.0,22.925575438408256,88.34710090857415
SH13,71.0,22.91778262164682,88.34358396426053
SH13,72.0,22.90991084404055,88.34002029872309
SH13,73.0,22.90163216802635,88.33612979055606
SH13,74.0,22.89347675652646,88.33194209595322
SH13,75.0,22.885290884409926,88.32771905599449
SH13,76.0,22.877528900956104,88.32438622620096
SH13,77.0,22.8685074169541,88.32392758901909
SH13,78.0,22.859433245730887,88.32317924140858
SH13,79.0,22.850746390424007,88.32054508800616
SH13,80.0,22.841862365969774,88.31880146836656
SH13,81.0,22.83298814791832,88.31709231150485
SH13,82.0,22.824063143104183,88.31561607352556
SH13,83.0,22.81506307529281,88.31509091024242
SH13,84.0,22.806031822223222,88.3150296331281
SH13,85.0,22.797029628953123,88.31426019448722
SH13,86.0,22.788038622170525,88.31334179954524
SH13,87.0,22.779057138255755,88.31234356485007
SH13,88.0,22.77019753356109,88.31321584025342
SH13,89.0,22.761529973099307,88.31594760575007
SH13,90.0,22.752849427686797,88.31862135739263
SH13,91.0,22.74382649720736,88.31828089998157
SH13,92.0,22.73514296966362,88.31680381757317
SH13,93.0,22.727702662664974,88.31129088670178
SH13,94.0,22.719791446613634,88.30663048637977
SH13,95.0,22.71175552676199,88.30218813440904
SH13,96.0,22.703663302896164,88.29787027136497
SH13,97.0,22.695419169019264,88.29796731254952
SH13,98.0,22.687754448451052,88.30311425371517
SH13,99.0,22.67957392460066,88.30182722010318
SH13,100.0,22.678518947205056,88.30135453106745
SH13,101.0,22.686753581879852,88.30391768281439
SH13,102.0,22.694413460033797,88.29876080359338
SH13,103.0,22.70258895545563,88.29744144730802
SH13,104.0,22.71070003878291,88.30171597137868
SH13,105.0,22.71873518163907,88.30616051143888
SH13,106.0,22.72673433783483,88.31066938194056
SH13,107.0,22.734174949114117,88.31617837412358
SH13,108.0,22.7426494480772,88.31834578248369
SH13,109.0,22.751672345735795,88.31871579072401
SH13,110.0,22.76040010875891,88.31640756729159
SH13,111.0,22.769086611226243,88.31374292946813
SH13,112.0,22.77788410420798,88.31235602077237
SH13,113.0,22.786863801950215,88.31334989189867
SH13,114.0,22.795852151256828,88.31427045281656
SH13,115.0,22.804853341264455,88.31506889058483
SH13,116.0,22.813882108407782,88.31519579681716
SH13,117.0,22.822894176815602,88.31554584383028
SH13,118.0,22.831824174338042,88.31699615615923
SH13,119.0,22.84072368459909,88.31860723994232
SH13,120.0,22.849592756410335,88.3204320517368
SH13,121.0,22.858312366483954,88.32293175531898
SH13,122.0,22.86698059625767,88.32378083009071
SH13,123.0,22.87570666576622,88.32439766838513
SH13,124.0,22.884321676703546,88.32733857066091
SH13,125.0,22.892334293140888,88.3312986139917
SH13,126.0,22.90010080284596,88.33545866491647
SH13,127.0,22.908350496745893,88.3394201673293
SH13,128.0,22.916711401363553,88.34321829873421
SH13,129.0,22.92508751875093,88.34698815450056
SH13,130.0,22.9332192298165,88.35120935503612
SH13,131.0,22.941216667054825,88.35580611244636
SH13,132.0,22.94919312892811,88.36037718874614
SH13,133.0,22.957157946084383,88.36497386271895
SH13,134.0,22.965712894822754,88.36784280934545
SH13,135.0,22.974025238154685,88.37151631567197
SH13,136.0,22.939347999999992,88.35473390000001
SH14,0.0,23.796819,87.39750100000002
SH14,1.0,23.789555551884426,87.4015002989086
SH14,2.0,23.782558171062217,87.40522354520178
SH14,3.0,23.773932309477534,87.40311933762928
SH14,4.0,23.765035303577864,87.40278842083964
SH14,5.0,23.756679711546102,87.40325815008869
SH14,6.0,23.75061981307288,87.41039556759667
SH14,7.0,23.743105766584875,87.41563831991759
SH14,8.0,23.73592770633932,87.42148146858376
SH14,9.0,23.728884152837466,87.4275918479808
SH14,10.0,23.72133149401464,87.43296835554769
SH14,11.0,23.71399971238101,87.43869787254602
SH14,12.0,23.70661175643835,87.4443403896136
SH14,13.0,23.699972275624887,87.45093389791147
SH14,14.0,23.694085135038517,87.45837280719542
SH14,15.0,23.68816158835418,87.46577729138703
SH14,16.0,23.683584363977214,87.47393253929465
SH14,17.0,23.67950562095899,87.4823396543519
SH14,18.0,23.67358089177083,87.48974211709927
SH14,19.0,23.66763858551593,87.49712738724199
SH14,20.0,23.661031164964967,87.50380197423769
SH14,21.0,23.65466221525137,87.5107466617285
SH14,22.0,23.647960855345488,87.51722364378878
SH14,23.0,23.64260078160939,87.5250077672513
SH14,24.0,23.635500065394723,87.53052169925068
SH14,25.0,23.630441328021497,87.5382523511574
SH14,26.0,23.623026370298202,87.54016309313788
SH14,27.0,23.616242809772686,87.53413077301514
SH14,28.0,23.611716799539412,87.52585452220093
SH14,29.0,23.602784553062214,87.52443517473945
SH14,30.0,23.594213146874413,87.52149828321298
SH14,31.0,23.586084406708256,87.51722851865564
SH14,32.0,23.57897453827258,87.51134324843223
SH14,33.0,23.572413836512624,87.50462981912932
SH14,34.0,23.564716982821352,87.50017002228908
SH14,35.0,23.5579627967734,87.49378259416623
SH14,36.0,23.551674002914492,87.4868380006616
SH14,37.0,23.545318006071057,87.47990304867477
SH14,38.0,23.540599882412298,87.47161691862212
SH14,39.0,23.536804612420504,87.46276857599595
SH14,40.0,23.530040053568968,87.45709051889204
SH14,41.0,23.521513761932187,87.45418338426892
SH14,42.0,23.512535072280674,87.45327893139887
SH14,43.0,23.50365853211126,87.45503346326275
SH14,44.0,23.49463417755291,87.45498537956672
SH14,45.0,23.485870674261104,87.45278632392869
SH14,46.0,23.476867501046062,87.45242568810889
SH14,47.0,23.46785910435621,87.45312937863461
SH14,48.0,23.460249447268925,87.45207946596548
SH14,49.0,23.460094041932038,87.45734446059325
SH14,50.0,23.4051400291829,87.53868385056072
SH14,51.0,23.402101683717774,87.5475539046496
SH14,52.0,23.410798386118028,87.55019217128857
SH14,53.0,23.419497467029167,87.55281550221298
SH14,54.0,23.4204478159012,87.5573133845718
SH14,55.0,23.427844158955736,87.5559394330763
SH14,56.0,23.428063149305153,87.56461032781361
SH14,57.0,23.42895536567676,87.57375325410538
SH14,58.0,23.427923917979346,87.58342922718171
SH14,59.0,23.430723125780542,87.59272832019779
SH14,60.0,23.43211227504455,87.60227414386516
SH14,61.0,23.433529988723286,87.61183930128068
SH14,62.0,23.43374895372265,87.62133867470521
SH14,63.0,23.434916948359625,87.63088655099607
SH14,64.0,23.43841656755245,87.63987143160286
SH14,65.0,23.440254697644622,87.6492457310868
SH14,66.0,23.438364693653615,87.65878603476567
SH14,67.0,23.437584147236752,87.6685064770944
SH14,68.0,23.439576142142442,87.6769892889818
SH14,69.0,23.441710309983414,87.68629910842716
SH14,70.0,23.44751668580829,87.69116936353551
SH14,71.0,23.456440947125216,87.69156899801013
SH14,72.0,23.464740897879135,87.69540833306016
SH14,73.0,23.470519996052243,87.70239444443614
SH14,74.0,23.477095351223127,87.70871834229486
SH14,75.0,23.480813306845906,87.71761559344044
SH14,76.0,23.485273129404504,87.72609343931437
SH14,77.0,23.491824798630198,87.73240833676915
SH14,78.0,23.49054464658104,87.73810751845365
SH14,79.0,23.47775805912462,87.75181900888025
SH14,80.0,23.47797904539086,87.76160778973413
SH14,81.0,23.47919223112459,87.77128121527403
SH14,82.0,23.47952438108129,87.7810489147468
SH14,83.0,23.479452912444945,87.7908399741316
SH14,84.0,23.4793992610717,87.80063131390465
SH14,85.0,23.478642926272034,87.81031294211178
SH14,86.0,23.47621973635174,87.81974477654562
SH14,87.0,23.473777698547796,87.8291710227512
SH14,88.0,23.47137209942217,87.83860770156359
SH14,89.0,23.469140303547572,87.84809359747689
SH14,90.0,23.46725346076664,87.85761300662992
SH14,91.0,23.467306534212543,87.86740159329642
SH14,92.0,23.467166664366896,87.87717571184673
SH14,93.0,23.46557770266943,87.8868114965845
SH14,94.0,23.463916577946833,87.89642196509479
SH14,95.0,23.461109697628043,87.90568796343067
SH14,96.0,23.460044002152184,87.91540731461504
SH14,97.0,23.459886224098113,87.92518669379892
SH14,98.0,23.460030288693964,87.93496696619229
SH14,99.0,23.459157994710548,87.94471102517458
SH14,100.0,23.46456468397249,87.95194513101283
SH14,101.0,23.470200430754243,87.95934920035853
SH14,102.0,23.477989858205568,87.96376360841249
SH14,103.0,23.486360755769407,87.96724528598506
SH14,104.0,23.495249719570992,87.96894382714962
SH14,105.0,23.504175573420945,87.97035418961478
SH14,106.0,23.512961396201725,87.97256401461664
SH14,107.0,23.521105276999545,87.9758771840677
SH14,108.0,23.526888634186196,87.98321450153674
SH14,109.0,23.531686084822397,87.99148333404474
SH14,110.0,23.536115917469658,87.99998189174477
SH14,111.0,23.542738555676777,88.00629544697668
SH14,112.0,23.546901640575953,88.01461039068283
SH14,113.0,23.5532936464657,88.0214971092265
SH14,114.0,23.560252493350642,88.02765140458034
SH14,115.0,23.567896784266555,88.03241762108894
SH14,116.0,23.57515927494208,88.03815519342436
SH14,117.0,23.581373046751366,88.04499610361268
SH14,118.0,23.58776296757306,88.0518375907859
SH14,119.0,23.594171793800818,88.05872563294868
SH14,120.0,23.60108663445646,88.0641547573659
SH14,121.0,23.608893405769134,88.06897374708072
SH14,122.0,23.614774685044456,88.07600062146479
SH14,123.0,23.61727848081446,88.08528003606921
SH14,124.0,23.623940173885497,88.09131844680937
SH14,125.0,23.62789307004277,88.09964103708205
SH14,126.0,23.597246534813685,88.16702322245541
SH14,127.0,23.605658079168496,88.1669192197502
SH14,128.0,23.610039685356938,88.1719328486439
SH14,129.0,23.628075905092473,88.19055758751995
SH14,130.0,23.627576629312625,88.19985097672573
SH14,131.0,23.63326670603262,88.2043459461818
SH14,132.0,23.641157190566155,88.20807853046428
SH14,133.0,23.65018161375788,88.20796440277987
SH14,134.0,23.659162088097116,88.20887150649136
SH14,135.0,23.668103509521423,88.21014469791156
SH14,136.0,23.676135794036096,88.21453410573004
SH14,137.0,23.680052903769237,88.22214233839982
SH14,138.0,23.67983024879985,88.23194496437287
SH14,139.0,23.67967236499796,88.24174903291669
SH14,140.0,23.67960222946025,88.25155206861797
SH14,141.0,23.679865819704766,88.26135337875496
SH14,142.0,23.680131036628612,88.27115451762214
SH14,143.0,23.680336015622114,88.28095744059722
SH14,144.0,23.68053649842233,88.29076047607839
SH14,145.0,23.681674930919595,88.30047551385137
SH14,146.0,23.776148782633644,88.28518686792154
SH14,147.0,23.77781054523248,88.29419375982373
SH14,148.0,23.778445395065138,88.30398230724866
SH14,149.0,23.77907506961132,88.31377047437509
SH14,150.0,23.7797341968229,88.32355399583557
SH14,151.0,23.780352702677497,88.33334303783583
SH14,152.0,23.782530119343267,88.34285251031213
SH14,153.0,23.784844505798283,88.35233789856103
SH14,154.0,23.787171697253633,88.3618197182022
SH14,155.0,23.789523824811692,88.37129433647947
SH14,156.0,23.79060488401632,88.38102186134961
SH14,157.0,23.791473475530214,88.39078979937923
SH14,158.0,23.792302996496467,88.40056115413282
SH14,159.0,23.793159931122975,88.41030617312292
SH14,160.0,23.79135615582909,88.419894605664
SH14,161.0,23.790025514087574,88.42959999709599
SH14,162.0,23.788898054106454,88.43932638048456
SH14,163.0,23.792830318844874,88.4480496291913
SH14,164.0,23.797944356166603,88.4554389285158
SH14,165.0,23.795136272966626,88.46453684190341
SH14,166.0,23.793565893668042,88.4741910323311
SH14,167.0,23.792591766916768,88.48394036197796
SH14,168.0,23.794219978281877,88.49354294810232
SH14,169.0,23.797857772246793,88.50250036228542
SH14,170.0,23.80265671391809,88.51081298624096
SH14,171.0,23.80628542394163,88.51960697084006
SH14,172.0,23.805329213641848,88.5292178797268
SH14,173.0,23.804016276621315,88.53891137981014
SH14,174.0,23.803115927402345,88.54864903972498
SH14,175.0,23.802410256723206,88.55843253337815
SH14,176.0,23.802282700000003,88.5607327
SH15,0.0,23.748884600000004,86.878649
SH15,1.0,23.757158102681373,86.87482917355044
SH15,2.0,23.765652747048023,86.87165477771903
SH15,3.0,23.774558774128373,86.87003402738085
SH15,4.0,23.783460634187346,86.86838763612705
SH15,5.0,23.792131661407563,86.87097807453196
SH15,6.0,23.80084852993924,86.87344677069805
SH15,7.0,23.80881978820075,86.87765006850235
SH15,8.0,23.814982042368154,86.88442412794232
SH15,9.0,23.589482446057072,88.16295840376804
SH15,10.0,23.580935718106094,88.15980386140863
SH15,11.0,23.572342840176898,88.15681168684243
SH15,12.0,23.563592433732392,88.15441011392318
SH15,13.0,23.554982710605348,88.15150860724172
SH15,14.0,23.54633926608948,88.1486738803458
SH15,15.0,23.53775865717996,88.14566620275453
SH15,16.0,23.529220687934654,88.14247717231812
SH15,17.0,23.52059068119239,88.13967696696714
SH15,18.0,23.51187465245767,88.13712047361443
SH15,19.0,23.503088880628884,88.13485753807915
SH15,20.0,23.496595696194724,88.12813738410689
SH15,21.0,23.49022548983297,88.12119990791598
SH15,22.0,23.484328334252293,88.11384717475357
SH15,23.0,23.48011699174564,88.1051877557295
SH15,24.0,23.475805169352096,88.09658550544547
SH15,25.0,23.471207821734936,88.08828544192994
SH15,26.0,23.462344069396952,88.08654785977521
SH15,27.0,23.454648681120105,88.08214607039078
SH15,28.0,23.445619746503137,88.08210091949626
SH15,29.0,23.43659050940736,88.08223897053814
SH15,30.0,23.43074666424358,88.08741102517008
SH15,31.0,23.429056689213017,88.09702386628254
SH15,32.0,23.425118258308864,88.10582301747294
SH15,33.0,23.417615702546538,88.10914234514723
SH15,34.0,23.410469638942146,88.11512539625689
SH15,35.0,23.403316591786233,88.12109941519957
SH15,36.0,23.39617559247436,88.12709017385947
SH15,37.0,23.390135288769134,88.13398207575538
SH15,38.0,23.38077971147101,88.13775132422765
SH15,39.0,23.372047731309138,88.13999678128995
SH15,40.0,23.36306106119247,88.14096755421774
SH15,41.0,23.35406916540768,88.14158376317592
SH15,42.0,23.345039272565998,88.14146032686655
SH15,43.0,23.336008973053232,88.14142312557283
SH15,44.0,23.327029972363672,88.14039878966658
SH15,45.0,23.318032404059714,88.13965860132292
SH15,46.0,23.309154761189752,88.1395223445825
SH15,47.0,23.300357950938093,88.13916152088426
SH15,48.0,23.29137395176705,88.13975021470104
SH15,49.0,23.282616748765328,88.14139432425657
SH15,50.0,23.273726563817906,88.14298180040016
SH15,51.0,23.264729250220043,88.14214873786855
SH15,52.0,23.255750683729815,88.14114297019549
SH15,53.0,23.246785283520058,88.13996386749622
SH15,54.0,23.237827907187782,88.13872778787963
SH15,55.0,23.228902601603547,88.13726764459683
SH15,56.0,23.220042076415737,88.13539966231468
SH15,57.0,23.211355025480575,88.13276011648301
SH15,58.0,23.202596397076192,88.13042571756057
SH15,59.0,23.193729371253653,88.12866294057416
SH15,60.0,23.1881446207189,88.12220671123299
SH15,61.0,23.18472947970951,88.11340016784007
SH15,62.0,23.180956238620375,88.1046274786346
SH15,63.0,23.17716850730689,88.0960165401978
SH15,64.0,23.168210834826617,88.09586385422503
SH15,65.0,23.162892523654648,88.08796991791334
SH15,66.0,23.157623139701016,88.08017463805703
SH15,67.0,23.152482404760974,88.0721626267733
SH15,68.0,23.146338005287873,88.06502961040086
SH15,69.0,23.13978911272128,88.0583190771559
SH15,70.0,23.132795570672393,88.05236484965907
SH15,71.0,23.12675207644385,88.04513971725743
SH15,72.0,23.121143250075164,88.03765424048945
SH15,73.0,23.115368609222436,88.03027990874222
SH15,74.0,23.112660541672575,88.02114302117742
SH15,75.0,23.11065962364088,88.01175550424756
SH15,76.0,23.102674104466583,88.00930166516528
SH15,77.0,23.09370056047118,88.00939684311653
SH15,78.0,23.084712597951953,88.01032020546207
SH15,79.0,23.076426327112067,88.00707455345454
SH15,80.0,23.073260481735964,87.99904877245415
SH15,81.0,23.07189775284165,87.9902140263384
SH15,82.0,23.064772333588373,87.9881366513615
SH15,83.0,23.05619280285768,87.98526008808825
SH15,84.0,23.04716718721375,87.98526747954423
SH15,85.0,23.038685855543225,87.98574386688112
SH15,86.0,23.032614079044432,87.98980094791075
SH15,87.0,23.024851338916108,87.9945188974307
SH15,88.0,23.017149967510598,87.99688532596771
SH15,89.0,23.011611847847995,88.00278383839455
SH15,90.0,23.00273181904135,88.00366250698505
SH15,91.0,22.993880870856547,88.00497418157566
SH15,92.0,22.98542152696478,88.0083894995287
SH15,93.0,22.979829001376217,88.01564288650471
SH15,94.0,22.974070203557414,88.0229664236812
SH15,95.0,22.970582197627895,88.03117419851576
SH15,96.0,22.962153268301023,88.02846367139927
SH15,97.0,22.95411479099674,88.02423768724994
SH15,98.0,22.9510527168697,88.01532227250502
SH15,99.0,22.943213791640478,88.01274563352655
SH15,100.0,22.93517438808782,88.00881769400718
SH15,101.0,22.927525365142703,88.00363271088297
SH15,102.0,22.91861048133797,88.00334167439493
SH15,103.0,22.909729739561882,88.00325964090815
SH15,104.0,22.900842378746237,88.00467131817192
SH15,105.0,22.89210661620858,88.00704126142867
SH15,106.0,22.88347113367142,88.00969660676348
SH15,107.0,22.83815090029595,87.97255669204323
SH15,108.0,22.83316078666566,87.98062804491944
SH15,109.0,22.829222323207237,87.98938622556216
SH15,110.0,22.82357039666565,87.99697583080527
SH15,111.0,22.81808590381026,88.00470724880141
SH15,112.0,22.812257074208233,88.01208125235415
SH15,113.0,22.808470785416656,88.02043549647874
SH15,114.0,22.80587182664933,88.02975378393631
SH15,115.0,22.802710992700597,88.03866705510885
SH15,116.0,22.80385140695942,88.04829242256899
SH15,117.0,22.803354126484617,88.05793269024852
SH15,118.0,22.805145608529187,88.0672880420224
SH15,119.0,22.802783789982346,88.07644739890796
SH15,120.0,22.80028636166048,88.08578299570682
SH15,121.0,22.79645537430544,88.09460492909737
SH15,122.0,22.793176662825537,88.10365825074007
SH15,123.0,22.791275414976703,88.11316213625553
SH15,124.0,22.79008295825539,88.12279608110215
SH15,125.0,22.78820911594954,88.13229215861425
SH15,126.0,22.784222837328947,88.14102150667333
SH15,127.0,22.78213647563195,88.15026972288018
SH15,128.0,22.778460843420255,88.1590950032241
SH15,129.0,22.771456660452746,88.16513267084495
SH15,130.0,22.763606503532937,88.16991360651853
SH15,131.0,22.756613543922185,88.17607606887432
SH15,132.0,22.750499038825875,88.18314312051135
SH15,133.0,22.742825621328272,88.18823573556503
SH15,134.0,22.735707491428094,88.19392937316368
SH15,135.0,22.733852309993416,88.20330723465706
SH15,136.0,22.728187210066707,88.2108502447428
SH15,137.0,22.720951840715983,88.21628964083237
SH15,138.0,22.714915572844834,88.22331315223113
SH15,139.0,22.708622154447934,88.2302898320231
SH15,140.0,22.703373159717945,88.23817205220779
SH15,141.0,22.7004847178151,88.24714949178262
SH15,142.0,22.697029398911223,88.25601220087312
SH15,143.0,22.69134689957394,88.26324108083352
SH15,144.0,22.686063657454046,88.27106962921623
SH15,145.0,22.680780915204387,88.27855264039994
SH15,146.0,22.67190832187909,88.279629713534
SH15,147.0,22.66296395141149,88.27848899105348
SH15,148.0,22.65407523241818,88.27956983913117
SH15,149.0,22.645992272674548,88.28388040230654
SH15,150.0,22.639693460192124,88.2905214792093
SH15,151.0,22.63328932661093,88.29463569637562
SH15,152.0,22.626286070792887,88.29235832583555
SH15,153.0,22.620451508966777,88.28722525430219
SH15,154.0,22.614827666670877,88.26712365015305
SH15,155.0,22.61621103190446,88.25751835843094
SH15,156.0,22.617370715942073,88.24788553272941
SH15,157.0,22.621991061076812,88.24115712977813
SH15,158.0,22.626859768406938,88.23296465423346
SH15,159.0,22.632068466483727,88.2250971086766
SH15,160.0,22.636968850972444,88.21701901665655
SH15,161.0,22.642073924771868,88.2090133739737
SH15,162.0,22.64541034947633,88.2001149362448
SH15,163.0,22.64950572549083,88.19150675517521
SH15,164.0,22.652416958425608,88.18229654633262
SH15,165.0,22.65532516224637,88.17309143213929
SH15,166.0,22.65820130530878,88.16386670093001
SH15,167.0,22.65998838341972,88.15448737215982
SH15,168.0,22.66273086616012,88.14534501988977
SH15,169.0,22.663855601855513,88.13598920058297
SH15,170.0,22.668232758121952,88.12840460059536
SH15,171.0,22.666405644090045,88.12111493844675
SH15,172.0,22.66054007779956,88.11390931685094
SH15,173.0,22.657779639955816,88.10490789241445
SH15,174.0,22.656913285075664,88.09555004531926
SH15,175.0,22.654811917095564,88.08679091176683
SH15,176.0,22.646172482272334,88.08464092930085
SH15,177.0,22.641519244193233,88.07649449890445
SH15,178.0,22.63560134088624,88.06921548538187
SH15,179.0,22.6327525402286,88.05998421736085
SH15,180.0,22.62930304470363,88.0511126577508
SH15,181.0,22.623672044094224,88.04364401321894
SH15,182.0,22.616162990461795,88.03835150732264
SH15,183.0,22.60932672704901,88.03212036574934
SH15,184.0,22.602675639903538,88.0255406433923
SH15,185.0,22.595768640343877,88.01927685150979
SH15,186.0,22.588657603374887,88.01364192787523
SH15,187.0,22.581551235633192,88.00838033922047
SH15,188.0,22.57558877700887,88.01082863435502
SH15,189.0,22.57029283517668,88.014666070359
SH15,190.0,22.563030150923183,88.00888472866849
SH15,191.0,22.555796090894926,88.00306180529618
SH15,192.0,22.547032786698477,88.00136836206285
SH15,193.0,22.53841693632782,87.99851685259473
SH15,194.0,22.532778938308628,87.99158243002802
SH15,195.0,22.52471824346137,87.989148128267
SH15,196.0,22.516817935846085,87.98444334934435
SH15,197.0,22.50834916440579,87.9824367592448
SH15,198.0,22.501395654560923,87.9771121530073
SH15,199.0,22.493148082666625,87.97596478996061
SH15,200.0,22.48468835057739,87.97256058129538
SH15,201.0,22.475855296930227,87.97220489332963
SH15,202.0,22.46746809149882,87.97416552390054
SH15,203.0,22.459209997376302,87.97575846193196
SH15,204.0,22.452289189939926,87.97537563837538
SH15,205.0,22.443318523522134,87.97573679177246
SH15,206.0,22.434936833721373,87.97283630638681
SH15,207.0,22.426191557999893,87.97381878304094
SH15,208.0,22.419240147151708,87.97699309327238
SH15,209.0,22.410232433907304,87.97653964914792
SH15,210.0,22.40188364374497,87.97353413644588
SH15,211.0,22.393762226403343,87.97083347694547
SH15,212.0,22.385007427389528,87.97293463893618
SH15,213.0,22.37606963220449,87.97395788268008
SH15,214.0,22.367051254637694,87.97442053245172
SH15,215.0,22.358291353975012,87.97566374897592
SH15,216.0,22.34933867287035,87.97643242601602
SH15,217.0,22.340439673762514,87.97604182192295
SH15,218.0,22.33305226176487,87.98069046864535
SH15,219.0,22.32425108140697,87.98053370982912
SH15,220.0,22.315978135119348,87.98210101328003
SH15,221.0,22.30825685509157,87.98544952782582
SH15,222.0,22.299747900061114,87.9865408652857
SH15,223.0,22.298394763879923,87.99604162672887
SH15,224.0,22.296661981975287,88.00551914670952
SH15,225.0,22.294725281583943,88.01496505938731
SH15,226.0,22.2953756706989,88.02451904748276
SH15,227.0,22.28956707960306,88.02613935701734
SH15,228.0,22.280784145243686,88.02759812366364
SH15,229.0,22.272193361403023,88.02892634239583
SH15,230.0,22.26395795404403,88.0328313484472
SH15,231.0,22.25531774135507,88.03504482465928
SH15,232.0,22.246954901160404,88.03567711198147
SH15,233.0,22.23865312827445,88.03927555878926
SH15,234.0,22.22963693524915,88.03961915627268
SH15,235.0,22.222018962963105,88.04090551869719
SH15,236.0,22.61072226889814,88.26892242793764
SH15,237.0,22.613148428865937,88.27249628070668
SH15,238.0,22.61595340086164,88.27472953653222
SH15,239.0,23.086375399999998,88.0101268
SH17,0.0,24.1760951,87.7839917
SH17,1.0,24.175889735378536,87.77592056952176
SH17,2.0,24.179232467126823,87.7667751369927
SH17,3.0,24.180834143026118,87.75717965956993
SH17,4.0,24.18215331457935,87.74744169884171
SH17,5.0,24.18271504005485,87.73765378495432
SH17,6.0,24.18318833682461,87.72784309554254
SH17,7.0,24.184058966522482,87.71804477136223
SH17,8.0,24.189029255313265,87.71099974668422
SH17,9.0,24.197607927707626,87.70807784207899
SH17,10.0,24.198627929622404,87.69852808883772
SH17,11.0,24.1982298245631,87.68872777161383
SH17,12.0,24.19604644115499,87.67918071272572
SH17,13.0,24.175457500000004,87.7893317
SH19,0.0,22.208498099999993,86.8967536
SH19,1.0,22.203909134159737,86.88839720597252
SH19,2.0,22.199242789860605,86.88009037628765
SH19,3.0,22.19435361729932,86.8719345752196
SH19,4.0,22.187691028863316,86.8656242000005
SH19,5.0,22.17929393178718,86.86284507685085
SH19,6.0,22.170927641949294,86.85934425145896
SH19,7.0,22.162449540250712,86.86016749009839
SH19,8.0,22.15375933733806,86.86170632730878
SH19,9.0,22.145016944481338,86.8593011178963
SH19,10.0,22.136555667146023,86.8559099618813
SH19,11.0,22.127991461821495,86.85365147748804
SH19,12.0,22.119107811478543,86.8522633721584
SH19,13.0,22.110407517519597,86.84965279245134
SH19,14.0,22.101762279262942,86.8468532894406
SH19,15.0,22.09636938562791,86.8432447945241
SH2,0.0,23.2040868,87.0153196
SH2,1.0,23.205341067882767,87.01882297457963
SH2,2.0,23.207060043730635,87.02501465454546
SH2,3.0,23.20623464669519,87.03474097723176
SH2,4.0,23.20528908046435,87.04445992219439
SH2,5.0,23.204248494634786,87.05416639188995
SH2,6.0,23.20351154466001,87.06383000672481
SH2,7.0,23.20202996245678,87.00979398366256
SH2,8.0,23.198715057059115,87.00071233238879
SH2,9.0,23.196062134864523,86.9914667045922
SH2,10.0,23.191303446701973,86.98323524006335
SH2,11.0,23.18578389864443,86.97550595870678
SH2,12.0,23.18011334864742,86.96796812134181
SH2,13.0,23.175334693973255,86.95967669693152
SH2,14.0,23.17013694086603,86.95169044612938
SH2,15.0,23.164872102923304,86.94375741003927
SH2,16.0,23.16169516281192,86.93461766817815
SH2,17.0,23.158184361388262,86.92566971808964
SH2,18.0,23.15050492097383,86.92093365451527
SH2,19.0,23.141558726095838,86.92033721285485
SH2,20.0,23.133216443367967,86.91700332446165
SH2,21.0,23.12469537748572,86.91376242722988
SH2,22.0,23.116448955185454,86.90999210789444
SH2,23.0,23.108063751094058,86.90740423398971
SH2,24.0,23.09906144773058,86.9065998399883
SH2,25.0,23.090285063778175,86.90700577997868
SH2,26.0,23.082204540581827,86.90946410122108
SH2,27.0,23.074173150033545,86.9052121776071
SH2,28.0,23.06547831775836,86.90773113068596
SH2,29.0,23.064770356152252,86.91692593680288
SH2,30.0,23.065065642104187,86.92668250703596
SH2,31.0,23.06556230922216,86.93642988083242
SH2,32.0,23.065978585835094,86.9461813554041
SH2,33.0,23.066293078909485,86.95593795735225
SH2,34.0,23.065377052217233,86.96561498263878
SH2,35.0,23.063934357246588,86.97525164466111
SH2,36.0,23.06240653526274,86.98487337689676
SH2,37.0,23.060843941671685,86.99448848596957
SH2,38.0,23.059292880989435,87.00410558435944
SH2,39.0,23.057724309279006,87.01371891014244
SH2,40.0,23.056147690643023,87.02333086621357
SH2,41.0,23.054528445937745,87.03293364575622
SH2,42.0,23.05299550666589,87.04255361286131
SH2,43.0,23.05142775132803,87.05216663200854
SH2,44.0,23.049875142355756,87.06178267040023
SH2,45.0,23.048284246515546,87.07139144914186
SH2,46.0,23.046716019902338,87.0810044026328
SH2,47.0,23.045162845793772,87.0906197414487
SH2,48.0,23.043569923487905,87.10022755646283
SH2,49.0,23.041864546507178,87.10981242319312
SH2,50.0,23.04015303282222,87.11939634474636
SH2,51.0,23.038480279912154,87.1289881612026
SH2,52.0,23.03669079732958,87.13855069516815
SH2,53.0,23.035411074744783,87.14778774266046
SH2,54.0,23.0325772891419,87.15515556399046
SH2,55.0,23.035780160392985,87.16358082964244
SH2,56.0,23.041500409025595,87.16992534437212
SH2,57.0,23.043908359587984,87.17876820742667
SH2,58.0,23.04695550937685,87.18774227348784
SH2,59.0,23.045249160749073,87.19663119426433
SH2,60.0,23.04784965099473,87.2056771524863
SH2,61.0,23.04971404407881,87.21503371801778
SH2,62.0,23.0529623437796,87.22378359347515
SH2,63.0,23.053435099528098,87.23263339100146
SH2,64.0,23.055692879125047,87.24121133588149
SH2,65.0,23.054907356643128,87.24971849429764
SH2,66.0,23.05232706055895,87.25880112272036
SH2,67.0,23.048970520473322,87.26783497803005
SH2,68.0,23.05061633207054,87.27668682086407
SH2,69.0,23.055456533380912,87.28457732734174
SH2,70.0,23.059990246630964,87.29256129727979
SH2,71.0,23.08570996018432,87.28943906929803
SH2,72.0,23.083543512602162,87.2986344775582
SH2,73.0,23.083764123666672,87.30815239972608
SH2,74.0,23.084930842537663,87.3178332346027
SH2,75.0,23.084439029505724,87.32737079258874
SH2,76.0,23.081270994012325,87.33639190226313
SH2,77.0,23.075920454773215,87.34423962546515
SH2,78.0,23.07130122768623,87.35202593446076
SH2,79.0,23.06749179496196,87.36086328452139
SH2,80.0,23.064234632584824,87.36994138517282
SH2,81.0,23.062782378649622,87.37955653123883
SH2,82.0,23.06039599100021,87.38886807013571
SH2,83.0,23.056791863490954,87.39781527375096
SH2,84.0,23.05406724831862,87.40711710927245
SH2,85.0,23.05210772804606,87.41664150667742
SH2,86.0,23.052529812148528,87.4263524915911
SH2,87.0,23.05499845972856,87.43572669115458
SH2,88.0,23.055976596699775,87.44531507311794
SH2,89.0,23.056237121973854,87.45503557898303
SH2,90.0,23.055913799746794,87.46477404027486
SH2,91.0,23.0544372040522,87.47436373678134
SH2,92.0,23.051908615089108,87.48370715405106
SH2,93.0,23.04900079529392,87.49279143225277
SH2,94.0,23.048417377629143,87.5024987295038
SH2,95.0,23.04530164006613,87.51137747799852
SH2,96.0,23.043941142355752,87.5209441974625
SH2,97.0,23.04274552689446,87.53061634739154
SH2,98.0,23.04228829755872,87.5396940162303
SH2,99.0,23.041669275449397,87.54931277437326
SH2,100.0,23.03761695027034,87.55795212033364
SH2,101.0,23.031308363823644,87.56492977236388
SH2,102.0,23.0250492648777,87.57193751321168
SH2,103.0,23.020206128238915,87.5801513236516
SH2,104.0,23.015137778021867,87.58818538134628
SH2,105.0,23.010666113819347,87.59657782987243
SH2,106.0,23.007262012464054,87.60479611196024
SH2,107.0,23.00157425163959,87.61236402498892
SH2,108.0,22.99692660163607,87.6207237478357
SH2,109.0,22.991519354089604,87.62853480316157
SH2,110.0,22.98552823636606,87.63582836191011
SH2,111.0,22.97905707195914,87.64262319533785
SH2,112.0,22.97279595030455,87.6496408406812
SH2,113.0,22.96677301446017,87.65690752881503
SH2,114.0,22.96063807576977,87.66406246134643
SH2,115.0,22.954060092800187,87.6707145492658
SH2,116.0,22.948078847012216,87.67802270679847
SH2,117.0,22.942228127428802,87.68545311111005
SH2,118.0,22.936612742362392,87.6930916190634
SH2,119.0,22.93119016380842,87.70087912957422
SH2,120.0,22.92894541224397,87.71017436599294
SH2,121.0,22.92529921486201,87.71898427532639
SH2,122.0,22.920775454186302,87.72740783006441
SH2,123.0,22.91527936270588,87.73513021559206
SH2,124.0,22.909279937249266,87.74241833521063
SH2,125.0,22.90382768616463,87.75018916420517
SH2,126.0,22.89836383097625,87.75789284859452
SH2,127.0,22.891610169727134,87.76433993733416
SH2,128.0,22.885606539921344,87.77153098131217
SH2,129.0,22.88890648267428,87.78070310823159
SH2,130.0,22.881182870906965,87.7899292275591
SH2,131.0,22.874849757002185,87.79438425415532
SH2,132.0,22.87222292164246,87.80369416947094
SH2,133.0,22.868665163228552,87.81257383758945
SH2,134.0,22.864537001176366,87.82123336562101
SH2,135.0,22.86003966067485,87.82966508227783
SH2,136.0,22.858531427764227,87.83908686626769
SH2,137.0,22.856480648453754,87.84805102268024
SH2,138.0,22.855224979806202,87.85703459125222
SH2,139.0,22.848322216817877,87.86295291527753
SH2,140.0,22.843229859455427,87.86945118448682
SH2,141.0,22.838615551114184,87.87732368719901
SH2,142.0,22.83927488061326,87.88685804787268
SH2,143.0,22.839072808804342,87.8965041921184
SH2,144.0,22.839364683677637,87.9048038229666
SH2,145.0,22.84249573485591,87.91364991090428
SH2,146.0,22.842501669214176,87.92338604325516
SH2,147.0,22.842012348601852,87.93293760603443
SH2,148.0,22.842528726937694,87.94263537345793
SH2,149.0,22.841533278862038,87.95225666284841
SH2,150.0,22.839704692758662,87.96179630879739
SH2,151.0,22.839802750765365,87.97054689416728
SH2,152.0,22.83904662624117,87.9718046816215
SH2,153.0,22.84712609172622,87.98138065466375
SH2,154.0,22.85374368879736,87.98801187147936
SH2,155.0,22.860301770325005,87.99469192201383
SH2,156.0,22.865197079924542,88.00288229219557
SH2,157.0,22.871662638022283,88.00956048299948
SH2,158.0,22.878188942008357,88.0161483328044
SH2,159.0,22.882464845660074,88.0247320515913
SH2,160.0,22.881472238384767,88.03401279598505
SH2,161.0,22.87766161290181,88.0428480982578
SH2,162.0,22.87384962883782,88.05168402644907
SH2,163.0,22.870004973435545,88.06050375074038
SH2,164.0,22.866293533530115,88.06938930132759
SH2,165.0,22.862617678051443,88.07829210358167
SH2,166.0,22.858891472464872,88.0871697431229
SH2,167.0,22.855137441521173,88.09603411729188
SH2,168.0,22.8513899509986,88.10489916349954
SH2,169.0,22.847234479868796,88.11349155539524
SH2,170.0,22.841964152278383,88.12140499447477
SH2,171.0,22.839685271760896,88.13077564766289
SH2,172.0,22.83738302636287,88.14019826210273
SH2,173.0,22.835074562218598,88.1496189580195
SH2,174.0,22.830887076641364,88.15789754481662
SH2,175.0,22.827343822732008,88.16668466680238
SH2,176.0,22.824361451283664,88.1755726451571
SH2,177.0,22.826068056278235,88.18451689478654
SH2,178.0,22.8248767905392,88.19407011134697
SH2,179.0,22.822985900285627,88.20355303054907
SH2,180.0,22.820058638392958,88.21276708139138
SH2,181.0,22.82176840850214,88.22183053424442
SH2,182.0,22.81954235892192,88.23126904113536
SH2,183.0,22.81886268044497,88.24095517594634
SH2,184.0,22.815754396853144,88.25005282032367
SH2,185.0,22.813582540353377,88.25920578566362
SH2,186.0,22.81182261992714,88.26871300529088
SH2,187.0,22.81004265600634,88.27821688196755
SH2,188.0,22.807147310895715,88.28739692956789
SH2,189.0,22.805370641512752,88.29692289255588
SH2,190.0,22.80015822595437,88.30486391864042
SH2,191.0,22.795410479814745,88.31311090716743
SH2,192.0,22.762854875129456,88.36546981000629
SH2,193.0,22.767140248725788,88.37404393314338
SH2,194.0,22.767110343862026,88.383725817908
SH2,195.0,22.76768565752975,88.39344365883606
SH2,196.0,22.766103260659506,88.40300627900893
SH2,197.0,22.76345529899338,88.41229410582798
SH2,198.0,22.76248228295137,88.42181093284583
SH2,199.0,22.760535694672505,88.43113650175829
SH2,200.0,22.75477506285051,88.43861893858815
SH2,201.0,22.749149250418352,88.44623489329459
SH2,202.0,22.74352664701144,88.45385404703333
SH2,203.0,22.737860182266783,88.46143504433066
SH2,204.0,22.73219908957919,88.46901856639005
SH2,205.0,22.726535211126524,88.47660004510054
SH2,206.0,22.71992166988592,88.48411336229057
SH2,207.0,22.715294791202364,88.49296688535362
SH2,208.0,22.71466405790398,88.50263180028892
SH2,209.0,22.712427237218556,88.51201974966037
SH2,210.0,22.711166963420393,88.52151790673085
SH2,211.0,22.70985844629776,88.53110088087256
SH2,212.0,22.709363009827495,88.54080036650974
SH2,213.0,22.708646931518437,88.55035424925308
SH2,214.0,22.706508821226567,88.55958755283893
SH2,215.0,22.704252782783183,88.56899617168717
SH2,216.0,22.70153257994148,88.57827571314016
SH2,217.0,22.69923695907682,88.58766679057175
SH2,218.0,22.69828975439296,88.59733939999816
SH2,219.0,22.697839335816663,88.60702687884668
SH2,220.0,22.697771361654564,88.61674775965724
SH2,221.0,22.6991876320705,88.62634892444008
SH2,222.0,22.69851680166867,88.6360212737494
SH2,223.0,22.693920761537342,88.64419996386412
SH2,224.0,22.688664528211916,88.65201578192242
SH2,225.0,22.6880683142631,88.66101948830205
SH2,226.0,22.69060898612784,88.67023692791138
SH2,227.0,22.693455043339622,88.67947034596799
SH2,228.0,22.695884609058965,88.68836638723926
SH2,229.0,22.69457998914211,88.69771604028298
SH2,230.0,22.692617971905047,88.70694636990095
SH2,231.0,22.692287287366558,88.71665777867891
SH2,232.0,22.691191591950357,88.72627635884751
SH2,233.0,22.690540082966173,88.73560333159057
SH2,234.0,22.692924957656942,88.74410905578269
SH2,235.0,22.691508062626912,88.75371893543837
SH2,236.0,22.68967157168742,88.76323045506972
SH2,237.0,22.686160739810898,88.77215506994175
SH2,238.0,22.68009436290112,88.77893338153068
SH2,239.0,22.677165000938867,88.78813089786048
SH2,240.0,22.675933600010854,88.79669929559002
SH2,241.0,22.680925729822825,88.80479176874982
SH2,242.0,22.6829995952777,88.81409295989987
SH2,243.0,22.68300088333512,88.82381616072493
SH2,244.0,22.681128603490162,88.8332980329529
SH2,245.0,22.676367645327737,88.8414219939348
SH2,246.0,22.67042052289703,88.84865815795946
SH2,247.0,22.665212327551444,88.85656277061526
SH2,248.0,22.66259809767362,88.86506279231659
SH2,249.0,22.660359752282098,88.87159377748083
SH2,250.0,22.657085923792202,88.87987608548694
SH2,251.0,22.650687629304237,88.88674047447265
SH2,252.0,22.643703892310384,88.89285462822137
SH2,253.0,22.635319682839153,88.89609491985416
SH2,254.0,22.627144039802086,88.90021199400246
SH2,255.0,22.619273150017474,88.90491197264633
SH2,256.0,22.612591537392987,88.90919842282075
SH2,257.0,22.604797532379443,88.91386374518109
SH2,258.0,22.596520128190374,88.9176072855193
SH2,259.0,22.587770891088674,88.91998768449196
SH2,260.0,22.581723781444555,88.91524876153905
SH2,261.0,22.581076025298596,88.90571346322287
SH2,262.0,22.584473309160014,88.89715349182211
SH2,263.0,22.58696226463896,88.88785636651156
SH2,264.0,22.588198972880445,88.8783612664151
SH2,265.0,22.58524680974554,88.8697253851116
SH2,266.0,22.580616206135367,88.86145871036337
SH2,267.0,22.57740058744417,88.85379834348622
SH2,268.0,22.574290726818898,88.84494540231539
SH2,269.0,22.570319940189748,88.83676837407755
SH2,270.0,22.563565274090955,88.83031636609181
SH2,271.0,22.557573504596455,88.823437673445
SH2,272.0,22.552405245782257,88.81846099177844
SH2,273.0,22.555603896931824,88.80949287937085
SH2,274.0,22.55068145165534,88.80218653955046
SH2,275.0,22.54292185290534,88.79844177356013
SH2,276.0,22.53578164145014,88.79495814648739
SH2,277.0,22.528263417318584,88.78966396504133
SH2,278.0,22.521096229851878,88.78388354861914
SH2,279.0,22.513884945287913,88.77848348715192
SH2,280.0,22.50670889981776,88.77372337030911
SH2,281.0,22.652044340979923,88.37211138258613
SH2,282.0,22.652996488432347,88.36296689501694
SH2,283.0,22.652843101953984,88.35356301168906
SH2,284.0,22.65283810912577,88.3443575164676
SH2,285.0,22.65292769030927,88.33472395777015
SH2,286.0,22.6549606645162,88.32532864004015
SH2,287.0,22.65665097076043,88.3170116291543
SH2,288.0,22.652660916341425,88.3479350345379
SH2,289.0,22.65339735489002,88.357920255088
SH2,290.0,22.65182335680749,88.36564467576511
SH2,291.0,22.65242525908471,88.37513073732624
SH2,292.0,22.652580799999996,88.3773368
SH3,0.0,22.542541099999998,88.3986364
SH3,1.0,22.536789135681996,88.39690543158758
SH3,2.0,22.544574756022488,88.39891894874938
SH3,3.0,22.55155105339212,88.40440011671446
SH3,4.0,22.55622851484845,88.41211016256035
SH3,5.0,22.563855310773697,88.40731173934148
SH3,6.0,22.572095941690435,88.40333980934606
SH3,7.0,22.580857851214944,88.40100265920694
SH3,8.0,22.589046375225305,88.39691695332812
SH3,9.0,22.595572348836054,88.39956891313666
SH3,10.0,22.600500103691388,88.40771868612141
SH3,11.0,22.60339714382652,88.41645450429125
SH3,12.0,22.605041998449234,88.42530983891687
SH3,13.0,22.613191041707214,88.42948471193289
SH3,14.0,22.607017421904803,88.42649973010522
SH3,15.0,22.602924577590848,88.41917088041289
SH3,16.0,22.601744295951427,88.41003130477549
SH3,17.0,22.596804871921577,88.40188927519436
SH3,18.0,22.5910250370732,88.39603255747438
SH3,19.0,22.582851994991078,88.40013987687553
SH3,20.0,22.574227498346332,88.40290232872539
SH3,21.0,22.565896491385306,88.40658118310093
SH3,22.0,22.55818839043607,88.41148817064271
SH3,23.0,22.55234867885715,88.40666999438785
SH3,24.0,22.5466284375185,88.39957189613253
SH3,25.0,22.534203666105423,88.40217483905772
SH3,26.0,22.53161311122032,88.4112628831376
SH3,27.0,22.529496537363194,88.42071404038826
SH3,28.0,22.527319563932615,88.43014868288226
SH3,29.0,22.52618597985473,88.43954391761754
SH3,30.0,22.525720965448205,88.44805618155955
SH3,31.0,22.522786402021143,88.45724967211895
SH3,32.0,22.51976669365855,88.46640439117819
SH3,33.0,22.51697898438653,88.47564261095249
SH3,34.0,22.5142576097577,88.48490854420072
SH3,35.0,22.510545340307566,88.49376062563863
SH3,36.0,22.508173367362172,88.50294852712969
SH3,37.0,22.50803365023883,88.51266669996556
SH3,38.0,22.50784864557908,88.52233687745718
SH3,39.0,22.507381225539397,88.53203609047529
SH3,40.0,22.50521340838588,88.54125603298483
SH3,41.0,22.502451964707724,88.55049917364552
SH3,42.0,22.499015398286737,88.55938934998717
SH3,43.0,22.497356442819356,88.56879919682206
SH3,44.0,22.495809780595216,88.57829690767807
SH3,45.0,22.492596258787273,88.58736617745143
SH3,46.0,22.4965463640225,88.59559521169761
SH3,47.0,22.499101379460868,88.60482669466957
SH3,48.0,22.502468596201993,88.61377340741858
SH3,49.0,22.505087160605214,88.62307225001871
SH3,50.0,22.507035494163212,88.63251696361326
SH3,51.0,22.510117111559378,88.64155479850321
SH3,52.0,22.51263095797514,88.65088997589972
SH3,53.0,22.514734046047913,88.66034234629016
SH3,54.0,22.51733358000041,88.66964952586122
SH3,55.0,22.51987045583282,88.67897820355637
SH3,56.0,22.522444872444463,88.68828925733669
SH3,57.0,22.521433525772743,88.69762951220017
SH3,58.0,22.51716091386006,88.70608082964695
SH3,59.0,22.513085318640087,88.71474382313345
SH3,60.0,22.509555833499412,88.7236901000332
SH3,61.0,22.506509563557312,88.73282769131217
SH3,62.0,22.505302215709367,88.74232268131404
SH3,63.0,22.507473176765174,88.75154270682143
SH3,64.0,22.508301196237884,88.76040074984655
SH3,65.0,22.509871702829365,88.76833045750293
SH3,66.0,22.50289711255429,88.76631397105021
SH3,67.0,22.49519435895197,88.76128493328353
SH3,68.0,22.48661903987304,88.75855510982215
SH3,69.0,22.47837643816482,88.75468946608889
SH3,70.0,22.469569377720138,88.75331674355867
SH3,71.0,22.460607533243813,88.75444124234353
SH3,72.0,22.451753142707403,88.75326414831146
SH3,73.0,22.444041591233674,88.75451893204337
SH3,74.0,22.43910012084877,88.76254066527005
SH3,75.0,22.430713536402294,88.76514622991456
SH3,76.0,22.42411762125734,88.77177774868983
SH3,77.0,22.41728967564879,88.77813357071807
SH3,78.0,22.410433875312805,88.78445467004983
SH3,79.0,22.402826274501493,88.7895621992706
SH3,80.0,22.393921658852477,88.78955067583851
SH3,81.0,22.385321986042857,88.78759329550621
SH3,82.0,22.377110557176287,88.78410678193372
SH3,83.0,22.368393009685025,88.78358277111575
SH3,84.0,22.362804063811563,88.77680916038135
SH3,85.0,22.356548737893682,88.77055471611969
SH3,86.0,22.348011344214296,88.7719299371458
SH3,87.0,22.34462072322006,88.76506731455999
SH3,88.0,22.34465114675753,88.7553721923418
SH3,89.0,22.34276953097127,88.74837554781253
SH3,90.0,22.339961064873734,88.74044917064329
SH3,91.0,22.335713842343267,88.73201598838885
SH3,92.0,22.333132347159008,88.72283076328355
SH3,93.0,22.331325133894733,88.71339416060896
SH3,94.0,22.32464591531447,88.70695710643679
SH3,95.0,22.316288731111754,88.70561364551908
SH3,96.0,22.30870021671174,88.70045613145857
SH3,97.0,22.301267385194652,88.69637734680708
SH3,98.0,22.292307891887777,88.69542915566285
SH3,99.0,22.284975681817624,88.6919893850373
SH3,100.0,22.28049631501836,88.68475777229348
SH3,101.0,22.27152164985081,88.68436771144317
SH3,102.0,22.262597688399385,88.68584440616738
SH3,103.0,22.253710702055578,88.687560521844
SH3,104.0,22.2449511517349,88.68989392073155
SH3,105.0,22.236977545254593,88.69441620691612
SH3,106.0,22.228805309089605,88.69850462482864
SH3,107.0,22.22099994782953,88.70313915446238
SH3,108.0,22.212637512023214,88.70678851961533
SH3,109.0,22.206824694242012,88.71317538189
SH3,110.0,22.199857508225822,88.71410556720173
SH3,111.0,22.19118053270592,88.71175116915444
SH3,112.0,22.183529153913167,88.7160566469636
SH3,113.0,22.176681542800953,88.72215509167735
SH3,114.0,22.170543616965922,88.72887876337153
SH3,115.0,22.16922928715115,88.7383072701384
SH3,116.0,22.17417631960722,88.7450985700797
SH3,117.0,22.177197931549404,88.7516095678639
SH3,118.0,22.176541078937625,88.76080848169141
SH3,119.0,22.175199076273916,88.77034807608791
SH3,120.0,22.17205311949815,88.77938043847156
SH3,121.0,22.67457649601226,88.79370119811377
SH3,122.0,22.669677749211292,88.78558854291762
SH3,123.0,22.662725260765992,88.78012626595957
SH3,124.0,22.659275656090067,88.77139190969739
SH3,125.0,22.654756670759173,88.76305054073674
SH3,126.0,22.649925840877255,88.75658910664937
SH3,127.0,22.641344877633845,88.75491331485358
SH3,128.0,22.633076223556863,88.75244000458406
SH3,129.0,22.62746393546917,88.74525525023518
SH3,130.0,22.627072663883084,88.73627071311891
SH3,131.0,22.627024979482183,88.72655212802485
SH3,132.0,22.625726215988504,88.716967639316
SH3,133.0,22.623462256226492,88.70757708721173
SH3,134.0,22.61979169683345,88.6987004242668
SH3,135.0,22.614969427576234,88.69048012464273
SH3,136.0,22.610134765720463,88.68226554100913
SH3,137.0,22.604607131802137,88.6771295652402
SH3,138.0,22.603441026350826,88.67079602244475
SH3,139.0,22.605751048056042,88.66177578125766
SH3,140.0,22.606616657238877,88.65222637814257
SH3,141.0,22.60598604231982,88.64366733019592
SH3,142.0,22.602534675036733,88.6350433800351
SH3,143.0,22.602423261182484,88.62577504757294
SH3,144.0,22.60220909549468,88.6167700160542
SH3,145.0,22.600915957108057,88.60810616211532
SH3,146.0,22.59603379590638,88.600111032087
SH3,147.0,22.593358541475855,88.59128119839178
SH3,148.0,22.595972881540668,88.58217766756307
SH3,149.0,22.601420592828944,88.57501151345967
SH3,150.0,22.602938314419173,88.56638923286927
SH3,151.0,22.60557433839229,88.55723222407536
SH3,152.0,22.60799159653181,88.54790464174167
SH3,153.0,22.606833307269383,88.53829839817722
SH3,154.0,22.608490318600477,88.52890334196442
SH3,155.0,22.610769741767825,88.51965163627649
SH3,156.0,22.612905143660523,88.51143795163053
SH3,157.0,22.616072962781246,88.50356506443129
SH3,158.0,22.620656032541746,88.49734045902359
SH3,159.0,22.62488206955738,88.48917764648755
SH3,160.0,22.631637213710007,88.48334376720715
SH3,161.0,22.63283561610413,88.47379263332431
SH3,162.0,22.63345293416082,88.46408665850015
SH3,163.0,22.634058348699913,88.45438001693563
SH3,164.0,22.629059476296128,88.44683967829883
SH3,165.0,22.622628594569314,88.44001700664661
SH3,166.0,22.616186186980183,88.43320096424317
SH3,167.0,22.617068172911864,88.43403278280887
SH3,168.0,22.623540716962605,88.44081374842331
SH3,169.0,22.6299236442439,88.44768816591684
SH3,170.0,22.634031744101346,88.45558300635739
SH3,171.0,22.633432023578102,88.4652893535649
SH3,172.0,22.63281156199608,88.47499522535787
SH3,173.0,22.63098933315259,88.48427324968611
SH3,174.0,22.684970992304056,88.81011828278272
SH3,175.0,22.693264343122948,88.8063883495315
SH3,176.0,22.701446284785685,88.80229145998834
SH3,177.0,22.709655450062506,88.79825667027526
SH3,178.0,22.717291443857608,88.79308578648997
SH3,179.0,22.72498726612159,88.78870866724152
SH3,180.0,22.732849696709014,88.78431339842757
SH3,181.0,22.7404987389315,88.78315537000381
SH3,182.0,22.74867977131217,88.786916258919
SH3,183.0,22.7565165394634,88.78487972660798
SH3,184.0,22.762334733282945,88.77953954186685
SH3,185.0,22.766901108269323,88.77134876783376
SH3,186.0,22.77058632355336,88.76247382120243
SH3,187.0,22.774890956318103,88.75391490758993
SH3,188.0,22.779890829858736,88.7458081915833
SH3,189.0,22.787174525048837,88.74128786724721
SH3,190.0,22.79618458771633,88.74119990209522
SH3,191.0,22.804246978782967,88.74044580261449
SH3,192.0,22.812897118724198,88.74018960931332
SH3,193.0,22.82181821567431,88.7387267505068
SH3,194.0,22.830786603170296,88.73944317579807
SH3,195.0,22.839718121644875,88.74083460974894
SH3,196.0,22.848524396965153,88.74278895273848
SH3,197.0,22.857469570413542,88.7439631030964
SH3,198.0,22.86647447614085,88.7432412173368
SH3,199.0,22.87221349447602,88.74902646972878
SH3,200.0,22.879537316418645,88.74731991756052
SH3,201.0,22.887031017152363,88.75061852571157
SH3,202.0,22.892806676655386,88.74416781637976
SH3,203.0,22.89711603502131,88.73567366922333
SH3,204.0,22.903522084698043,88.7324849888731
SH3,205.0,22.912183836136116,88.73164591925328
SH3,206.0,22.920659184628697,88.73474948348078
SH3,207.0,22.929349996934842,88.7364738737383
SH3,208.0,23.394967,88.4998482
SH4,0.0,23.3649703,85.9670577
SH4,1.0,23.356031926508315,85.96598550149106
SH4,2.0,23.352284731748608,85.95709227240201
SH4,3.0,23.349778863541403,85.94781994520233
SH4,4.0,23.34398694654879,85.9423989132596
SH4,5.0,23.34119539033214,85.93372247241503
SH4,6.0,23.333851998977423,85.9280948993275
SH4,7.0,23.327729040892596,85.92115526316688
SH4,8.0,23.321585789110756,85.91402331677394
SH4,9.0,23.31537829744483,85.90701346518507
SH4,10.0,23.308995382081005,85.90017918537698
SH4,11.0,23.30150315758339,85.8960633364181
SH4,12.0,23.29333001863696,85.89924435554352
SH4,13.0,23.28511887937879,85.90016395234359
SH4,14.0,23.278321410273687,85.90656490962175
SH4,15.0,23.26996457348333,85.9089259405312
SH4,16.0,23.26441523307148,85.91505275890412
SH4,17.0,23.25565737836702,85.9140608225026
SH4,18.0,23.24705327858889,85.91499696812807
SH4,19.0,23.238044143511754,85.91510709147393
SH4,20.0,23.230068814666232,85.91901829267398
SH4,21.0,23.224150927997233,85.9260626169985
SH4,22.0,23.222959691347775,85.93549255498898
SH4,23.0,23.22066784633448,85.94474273391842
SH4,24.0,23.221471052213122,85.95415995744058
SH4,25.0,23.225615703615883,85.96243689487646
SH4,26.0,23.228212368122993,85.97161788660942
SH4,27.0,23.2336841126395,85.979251659119
SH4,28.0,23.234772240003718,85.98717987172391
SH4,29.0,23.22729707770888,85.99221409121125
SH4,30.0,23.219725832710587,85.996202807975
SH4,31.0,23.21516113479166,86.00454721906989
SH4,32.0,23.21114272812731,86.01303567407126
SH4,33.0,23.20697037752978,86.02140813534191
SH4,34.0,23.204171053860644,86.03035539746939
SH4,35.0,23.202093536452697,86.03919287313055
SH4,36.0,23.196828775109843,86.04647483999653
SH4,37.0,23.189949159047124,86.05275871127249
SH4,38.0,23.182267493951453,86.0573469947556
SH4,39.0,23.17343037535441,86.05935512332928
SH4,40.0,23.164844992950567,86.05907493595973
SH4,41.0,23.156374642266393,86.05628076774434
SH4,42.0,23.148352307478774,86.05723305754879
SH4,43.0,23.139816452589155,86.06039984657788
SH4,44.0,23.131445549668335,86.06406770456532
SH4,45.0,23.124192114763325,86.06951920516197
SH4,46.0,23.118830317682242,86.0773173274991
SH4,47.0,23.11528974093586,86.08611083916635
SH4,48.0,23.115176286405646,86.09553153067796
SH4,49.0,23.11245043080622,86.10479991890499
SH4,50.0,23.10955153463384,86.11382525873334
SH4,51.0,23.103153516111295,86.12060828199851
SH4,52.0,23.102076555747242,86.12979355484566
SH4,53.0,23.10430602710911,86.13925265068771
SH4,54.0,23.104459656677907,86.1489471667118
SH4,55.0,23.103284317788866,86.15838015095514
SH4,56.0,23.09791836831055,86.16582444083856
SH4,57.0,23.09277005006232,86.17340886420949
SH4,58.0,23.093329492434087,86.18301934254455
SH4,59.0,23.09576941909292,86.19199642700244
SH4,60.0,23.091328533955718,86.20026657196148
SH4,61.0,23.091834349779223,86.20953306922208
SH4,62.0,23.094607210153615,86.21522270910872
SH4,63.0,23.09526188599397,86.22459819229091
SH4,64.0,23.092164929230382,86.23371782046712
SH4,65.0,23.087819390493834,86.24225377847333
SH4,66.0,23.08201825180137,86.24968397940609
SH4,67.0,23.07705330548429,86.25772748087921
SH4,68.0,23.070741962685155,86.26470728326075
SH4,69.0,23.06597590928075,86.27294661165857
SH4,70.0,23.061739106771586,86.28138286498728
SH4,71.0,23.058972351677145,86.29064324179852
SH4,72.0,23.057702037616114,86.30004081586789
SH4,73.0,23.05390906442124,86.30885813660844
SH4,74.0,23.054486326019738,86.31834034883882
SH4,75.0,23.051471440605646,86.32686463459059
SH4,76.0,23.053131279608614,86.33620989190148
SH4,77.0,23.05137128868505,86.34564116438226
SH4,78.0,23.04492829490657,86.35220823657866
SH4,79.0,23.038269938085854,86.35878566255586
SH4,80.0,23.03059280042696,86.36130928202485
SH4,81.0,23.02794880516218,86.36859396794594
SH4,82.0,23.031742165047277,86.37709748583575
SH4,83.0,23.037885368773377,86.38388040819925
SH4,84.0,23.040084934191615,86.39333957061615
SH4,85.0,23.041809997881792,86.40257139869716
SH4,86.0,23.042130919351273,86.4113197062022
SH4,87.0,23.044254519128128,86.41979405272772
SH4,88.0,23.043929364520704,86.42935836602453
SH4,89.0,23.04421478691345,86.43897797190378
SH4,90.0,23.04338671781747,86.44853977961958
SH4,91.0,23.04395773059091,86.45815332894512
SH4,92.0,23.045350222669615,86.46768460636005
SH4,93.0,23.043325422185564,86.47702534044183
SH4,94.0,23.04469578101006,86.48570488677139
SH4,95.0,23.042648259949573,86.49489084123803
SH4,96.0,23.044408021395768,86.50353484805115
SH4,97.0,23.043248021810484,86.51303773594955
SH4,98.0,23.039453004472698,86.52124349921048
SH4,99.0,23.0390757964251,86.5304825071415
SH4,100.0,23.040972842958173,86.53998620203751
SH4,101.0,23.045289163288565,86.54849159354725
SH4,102.0,23.046959781909514,86.55799726229903
SH4,103.0,23.05031509380925,86.56681583618018
SH4,104.0,23.055334538165592,86.574929751178
SH4,105.0,23.056532180157234,86.5842429615637
SH4,106.0,23.06001993485468,86.59281586924554
SH4,107.0,23.06269623537107,86.60181680269584
SH4,108.0,23.05853390791249,86.6102102688865
SH4,109.0,23.05978597297522,86.61947390350777
SH4,110.0,23.06006859512393,86.62912764889268
SH4,111.0,23.060510437849086,86.63883101387454
SH4,112.0,23.060412737295298,86.64857238265385
SH4,113.0,23.060990912788498,86.65780611722442
SH4,114.0,23.065278548211673,86.66366034346194
SH4,115.0,23.06974616141432,86.67194653074104
SH4,116.0,23.071116109268324,86.68141662899994
SH4,117.0,23.07027403518598,86.69111890159076
SH4,118.0,23.07474954560118,86.69925480964349
SH4,119.0,23.079791582216252,86.7070156224642
SH4,120.0,23.082674710424037,86.71572861300221
SH4,121.0,23.08403576343124,86.72522126833603
SH4,122.0,23.08819062714483,86.73381480007149
SH4,123.0,23.092845747387337,86.74167404594967
SH4,124.0,23.098519927287168,86.74896532715616
SH4,125.0,23.095654565295632,86.75784709139197
SH4,126.0,23.093118789832324,86.76721898032629
SH4,127.0,23.09056954167517,86.77658642653948
SH4,128.0,23.088030178634536,86.78595676710675
SH4,129.0,23.085508275931737,86.79533225292204
SH4,130.0,23.082860260131092,86.80466639915888
SH4,131.0,23.0802003470894,86.81399680177744
SH4,132.0,23.077520054212147,86.82331926261605
SH4,133.0,23.07485269781252,86.83264686961958
SH4,134.0,23.072168820129843,86.8419687752992
SH4,135.0,23.069465804469854,86.8512842310616
SH4,136.0,23.06676913997242,86.8606017222369
SH4,137.0,23.063993121123247,86.86989177799417
SH4,138.0,23.061390138082206,86.87816174471946
SH4,139.0,23.0538742233102,86.87274729016067
SH4,140.0,23.04605617267638,86.86788495831007
SH4,141.0,23.037479101244642,86.86486126844801
SH4,142.0,23.02853894377057,86.86389332325588
SH4,143.0,23.020898203037518,86.85873689025051
SH4,144.0,23.0119784561119,86.8572494898744
SH4,145.0,23.003017125172285,86.85608983912017
SH4,146.0,22.994296681083462,86.85354685679148
SH4,147.0,22.98576318617646,86.85041015508385
SH4,148.0,22.977459801147823,86.84656904430703
SH4,149.0,22.96870511765699,86.84474851966134
SH4,150.0,22.959677563024826,86.8444259144855
SH4,151.0,22.9507941192882,86.84322283477347
SH4,152.0,22.942562201476065,86.8392101963024
SH4,153.0,22.93613279888308,86.83243836621429
SH4,154.0,22.92887559468015,86.82678194423607
SH4,155.0,22.921924423296122,86.82149925858228
SH4,156.0,22.917796846098042,86.82664791431498
SH4,157.0,22.911757831654736,86.83376946728015
SH4,158.0,22.90704039612414,86.84208373325838
SH4,159.0,22.903228858664317,86.85090406935424
SH4,160.0,22.900158143998482,86.86004650017236
SH4,161.0,22.893518545775418,86.86642216470598
SH4,162.0,22.886071131036964,86.87193949798392
SH4,163.0,22.88024438070428,86.87905902046175
SH4,164.0,22.875493384811303,86.88732654051299
SH4,165.0,22.868771012424407,86.89314083803727
SH4,166.0,22.863181096401014,86.8998762715116
SH4,167.0,22.860398467634216,86.9091094061318
SH4,168.0,22.854055859381113,86.9160237705034
SH4,169.0,22.84756342585883,86.92280022076845
SH4,170.0,22.83977046818388,86.92665499287472
SH4,171.0,22.830773947122278,86.92679157716888
SH4,172.0,22.822299533977038,86.930013506136
SH4,173.0,22.814075950785778,86.93373693493568
SH4,174.0,22.8076603664909,86.9405938167511
SH4,175.0,22.803728931589806,86.94733875390578
SH4,176.0,22.811410417129373,86.95233946294076
SH4,177.0,22.818689175210768,86.95748115205234
SH4,178.0,22.823978771782667,86.96466424440048
SH4,179.0,22.8307437592338,86.97090866922534
SH4,180.0,22.837471665509003,86.97663359634328
SH4,181.0,22.843766539177118,86.98356344617119
SH4,182.0,22.849199829840593,86.99134862405535
SH4,183.0,22.854786844775646,86.9990065634323
SH4,184.0,22.852156964092803,87.00427740322888
SH4,185.0,22.843639971430644,87.00347173624378
SH4,186.0,22.835001060945068,87.0058946165275
SH4,187.0,22.826407683562095,87.00889473049384
SH4,188.0,22.817385951811495,87.00916802907494
SH4,189.0,22.80835558845245,87.00940778243597
SH4,190.0,22.79933180312015,87.0098487638516
SH4,191.0,22.793220894543843,87.0156287839368
SH4,192.0,22.790435611046632,87.02489646978341
SH4,193.0,22.783448806849282,87.02966873118476
SH4,194.0,22.774772970210186,87.02700573652263
SH4,195.0,22.766234391623072,87.0238701473808
SH4,196.0,22.759285951143376,87.0254816435071
SH4,197.0,22.752839798272696,87.03218668470085
SH4,198.0,22.751573011334457,87.0418269118129
SH4,199.0,22.75165785708791,87.05153296538118
SH4,200.0,22.748926058801352,87.06052021996355
SH4,201.0,22.744739289720595,87.06915025851944
SH4,202.0,22.740091957067108,87.07742008251667
SH4,203.0,22.73536832027487,87.08549538495866
SH4,204.0,22.732780194436533,87.09481544757884
SH4,205.0,22.729778099405042,87.10383139567935
SH4,206.0,22.730026558598865,87.11336407541886
SH4,207.0,22.726283089725303,87.1221796192825
SH4,208.0,22.722635940657323,87.1310705605225
SH4,209.0,22.71655910759625,87.13800089060393
SH4,210.0,22.710219049460054,87.14328966781065
SH4,211.0,22.709121673247367,87.15278508254688
SH4,212.0,22.70787033098846,87.16211921673309
SH4,213.0,22.707556149215964,87.17160382831462
SH4,214.0,22.706862951596282,87.17755765338488
SH4,215.0,22.708965718877284,87.18702633087325
SH4,216.0,22.711074873547037,87.19649339506823
SH4,217.0,22.71305256421212,87.20599070784948
SH4,218.0,22.714210128322705,87.21564478998378
SH4,219.0,22.714450868558664,87.22530425093619
SH4,220.0,22.717167479537732,87.23433551835544
SH4,221.0,22.7169048990225,87.24404634478714
SH4,222.0,22.71602701519478,87.25373701236855
SH4,223.0,22.715254249235116,87.26343869384817
SH4,224.0,22.71457638552255,87.27314754123891
SH4,225.0,22.713952356837666,87.28286081500485
SH4,226.0,22.713062422098602,87.29254805384205
SH4,227.0,22.713912713478948,87.30168802105483
SH4,228.0,22.721437699845666,87.30640808669288
SH4,229.0,22.72533586956975,87.31506433016801
SH4,230.0,22.729893688740695,87.3230846277106
SH4,231.0,22.732519467408316,87.33217021626743
SH4,232.0,22.7340219056545,87.33927970323252
SH4,233.0,22.733521767415958,87.35014345818986
SH4,234.0,22.73431867417711,87.35776861720672
SH4,235.0,22.733496565573013,87.34809919850531
SH4,236.0,22.73492369338414,87.36058953597633
SH4,237.0,22.736119359671594,87.37033054139282
SH4,238.0,22.7371792562026,87.38000159639925
SH4,239.0,22.738112161991456,87.38968698359687
SH4,240.0,22.739201204946646,87.39935005545902
SH4,241.0,22.739941671378062,87.40905348452786
SH4,242.0,22.739480391152792,87.41876780268275
SH4,243.0,22.73905332853701,87.42848541062867
SH4,244.0,22.73728464415623,87.43769040699556
SH4,245.0,22.737098978952016,87.44741187150836
SH4,246.0,22.734558642270123,87.45675025899439
SH4,247.0,22.73323100404873,87.46637700335239
SH4,248.0,22.732557492226313,87.47439019621622
SH4,249.0,22.731919511568556,87.48409634860104
SH4,250.0,22.730910246199272,87.49376560469743
SH4,251.0,22.729043571792356,87.50327152546458
SH4,252.0,22.729642943063336,87.5173807047454
SH4,253.0,22.72967451772703,87.5267839872229
SH4,254.0,22.730411689520267,87.53613160838975
SH4,255.0,22.729145692771173,87.54567604667069
SH4,256.0,22.728475076664427,87.55529700883604
SH4,257.0,22.727894828190003,87.56493839162152
SH4,258.0,22.727381631151545,87.57456179197243
SH4,259.0,22.72514753389966,87.58295638413723
SH4,260.0,22.722826931217767,87.5923445709852
SH4,261.0,22.720645904207604,87.60177949389309
SH4,262.0,22.715055963570034,87.60903327656725
SH4,263.0,22.710254896911017,87.61937791746409
SH4,264.0,22.704248464109003,87.62529005126402
SH4,265.0,22.698262112917167,87.63256453742737
SH4,266.0,22.69289504789411,87.64036350148119
SH4,267.0,22.68581019032927,87.6447407498262
SH4,268.0,22.68353839042336,87.65403697872529
SH4,269.0,22.681398258208556,87.66331781536272
SH4,270.0,22.678195232400544,87.67228901015037
SH4,271.0,22.674603913590854,87.68118052662085
SH4,272.0,22.67212063623943,87.69044108743653
SH4,273.0,22.67073439331649,87.69997371421209
SH4,274.0,22.67023781875079,87.70945399206748
SH4,275.0,22.6680334303898,87.71873392405034
SH4,276.0,22.663358149127493,87.72663107754907
SH4,277.0,22.66079488491771,87.73570309776481
SH4,278.0,22.652608647683994,87.73596302190637
SH4,279.0,22.643712943017032,87.73428596922518
SH4,280.0,22.634829360852926,87.73252805463073
SH4,281.0,22.626338980404366,87.72922079655706
SH4,282.0,22.617849103254205,87.72590562491986
SH4,283.0,22.609794167222297,87.72196501633543
SH4,284.0,22.600870279542647,87.72049161295448
SH4,285.0,22.592027907188445,87.71853456575997
SH4,286.0,22.58330194344486,87.71759090711458
SH4,287.0,22.574825271310104,87.7207792920268
SH4,288.0,22.566646095698086,87.72457040400825
SH4,289.0,22.55767210872882,87.72545879702028
SH4,290.0,22.550122285863914,87.72851953873551
SH4,291.0,22.544211893695678,87.73587263197213
SH4,292.0,22.5386348019369,87.74348703523542
SH4,293.0,22.53048579732145,87.74628263082408
SH4,294.0,22.52145474774655,87.74642685398521
SH4,295.0,22.512688803665654,87.74838737996313
SH4,296.0,22.503823634916778,87.74973806986232
SH4,297.0,22.494791222224944,87.74978499994295
SH4,298.0,22.48577101466143,87.7499521485276
SH4,299.0,22.47691304774991,87.7511954311299
SH4,300.0,22.467930483657,87.75036429255762
SH4,301.0,22.4589738421133,87.75162850255755
SH4,302.0,22.450029495392435,87.75298811869042
SH4,303.0,22.441066665405366,87.75265475471357
SH4,304.0,22.43207937513192,87.7516829169727
SH4,305.0,22.423075215632213,87.75245901597926
SH4,306.0,22.41597987723508,87.74695166255366
SH4,307.0,22.40785858815221,87.74507855318288
SH4,308.0,22.400760522002724,87.73974846848115
SH4,309.0,22.39284527048625,87.73808665067699
SH4,310.0,22.392253987816467,87.74231832694834
SH4,311.0,22.383761308217235,87.74359780287135
SH4,312.0,22.374937785187566,87.74367639031438
SH4,313.0,22.36990056266098,87.75016703149777
SH4,314.0,22.365864930946977,87.75849032147542
SH4,315.0,22.359115514100917,87.7648462144006
SH4,316.0,22.355364906014586,87.77334520000913
SH4,317.0,22.350496002964206,87.78046081111434
SH4,318.0,22.345948444924534,87.78851509108625
SH4,319.0,22.34037298680209,87.79583031482916
SH4,320.0,22.334114793023698,87.80220997577186
SH4,321.0,22.32695592257266,87.80749018849203
SH4,322.0,22.323719820646954,87.81620482645395
SH4,323.0,22.3236254898614,87.82583246926676
SH4,324.0,22.32037312985712,87.83474536929536
SH4,325.0,22.319063766503717,87.84417842959219
SH4,326.0,22.3190564396452,87.85357441217512
SH4,327.0,22.315932411934664,87.86247464155817
SH4,328.0,22.313484547439227,87.87155681089588
SH4,329.0,22.308085000064334,87.87799690641685
SH4,330.0,22.29965612120206,87.8809504306915
SH4,331.0,22.29896293016205,87.8904962892399
SH4,332.0,22.299548167207206,87.90016613432341
SH4,333.0,22.299303251067887,87.90985401084453
SH4,334.0,22.292459006251942,87.91501174767244
SH4,335.0,22.28729725491517,87.91801493130592
SH4,336.0,22.29545605399209,87.91428868668211
SH4,337.0,22.2820868077289,87.92035599369243
SH4,338.0,22.276678648364864,87.92673163824745
SH4,339.0,22.282843977321715,87.92013516517106
SH4,340.0,22.270467136961067,87.9281164911131
SH4,341.0,22.26147877931783,87.9274497446685
SH4,342.0,22.252484461379822,87.92660854675094
SH4,343.0,22.2434741469064,87.92635932795862
SH4,344.0,22.23445517310706,87.92592458860155
SH4,345.0,22.225436425541393,87.92538452134598
SH4,346.0,22.216408330536545,87.9250997808298
SH4,347.0,22.207394476525295,87.92473696434037
SH4,348.0,21.786961966088324,87.74766916316548
SH4,349.0,21.78608826880013,87.73843999907683
SH4,350.0,21.77832412557936,87.73456545694238
SH4,351.0,21.77142947361249,87.73850344700983
SH4,352.0,21.76748647566989,87.7326120999916
SH4,353.0,21.761822825934768,87.72507949587998
SH4,354.0,21.756342343959957,87.71739983988797
SH4,355.0,21.751384865141333,87.70932166966165
SH4,356.0,21.745818355847614,87.70170603864025
SH4,357.0,21.740507616549255,87.69388949346447
SH4,358.0,21.735580020937103,87.68578514484952
SH4,359.0,21.730827805032735,87.67756371488024
SH4,360.0,21.7264095633312,87.66915680789238
SH4,361.0,21.719887140574688,87.66368146814546
SH4,362.0,21.712659780124902,87.65799218650875
SH4,363.0,21.70541346298804,87.6529714641092
SH4,364.0,21.701449079140666,87.64428750476976
SH4,365.0,21.697810977682128,87.63598372270401
SH4,366.0,21.689792135553095,87.63153179648589
SH4,367.0,21.683722186821708,87.62603511039448
SH4,368.0,21.681877574801995,87.6165949384604
SH4,369.0,21.679339341432907,87.6073714594441
SH4,370.0,21.678206268889866,87.59782984135789
SH4,371.0,21.677154816352527,87.58825912999384
SH4,372.0,21.678538695592415,87.57878880146863
SH4,373.0,21.678201849704262,87.56915790413836
SH4,374.0,21.676422310736342,87.56117437088707
SH4,375.0,21.67398274006694,87.55281862926584
SH4,376.0,21.66984665868245,87.54549182754295
SH4,377.0,21.662345819049545,87.54050260797662
SH4,378.0,21.65396193821848,87.53691964462165
SH4,379.0,21.646083751773094,87.53220467725693
SH4,380.0,21.63836842455455,87.52720293561717
SH4,381.0,21.62238034946324,87.49822789089846
SH4,382.0,21.62194033542774,87.4885778222188
SH4,383.0,21.780114519067798,87.74114381074713
SH4,384.0,22.06037245854393,87.37024007696864
SH4,385.0,22.06608491763543,87.36317614760172
SH4,386.0,22.067150368560146,87.35383079407566
SH4,387.0,22.07177881214196,87.3455089122502
SH4,388.0,22.075136799999996,87.34083980000001
SH4A,0.0,23.4099747,86.2264186
SH4A,1.0,23.41091482920861,86.21668995363434
SH4A,2.0,23.411408838616758,86.2069176391993
SH4A,3.0,23.412183356164206,86.19719913655996
SH4A,4.0,23.411782463134916,86.18742331471013
SH4A,5.0,23.411529343282897,86.1776579131712
SH4A,6.0,23.412270854589508,86.16804068451738
SH4A,7.0,23.413733840511963,86.15851245741938
SH4A,8.0,23.415191167520597,86.14901656611103
SH4A,9.0,23.41804513974215,86.13993298199122
SH4A,10.0,23.415200004553025,86.13126271263566
SH4A,11.0,23.41283217591031,86.12182175633146
SH4A,12.0,23.413628232726673,86.11228603509245
SH4A,13.0,23.41357454903007,86.10249947906057
SH4A,14.0,23.4135438542557,86.09272096540121
SH4A,15.0,23.41210265181132,86.08311007976586
SH4A,16.0,23.406895813508243,86.07543386191759
SH4A,17.0,23.402555679007442,86.06685736527668
SH4A,18.0,23.39833687213231,86.05853344291818
SH4A,19.0,23.397419679085576,86.04888721598692
SH4A,20.0,23.393673017060557,86.04083373955116
SH4A,21.0,23.391091142362672,86.0321699181436
SH4A,22.0,23.39026394949895,86.02242639840517
SH4A,23.0,23.387310079468133,86.01424409398659
SH4A,24.0,23.380410550736926,86.00798582134473
SH4A,25.0,23.376195635897847,85.9999509747717
SH4A,26.0,23.372226510345847,85.99188217186742
SH4A,27.0,23.365394509886162,85.98562307992579
SH4A,28.0,23.363414583276676,85.97774240333814
SH4A,29.0,23.365481253641903,85.96950646130274
SH4A,30.0,23.3649703,85.9670577
SH5,0.0,23.065708499999992,86.6637786
SH5,1.0,23.073290435154316,86.65928548383624
SH5,2.0,23.080590047208936,86.65353442688772
SH5,3.0,23.087904792943196,86.64780597580719
SH5,4.0,23.095296770142742,86.64219614560214
SH5,5.0,23.1033874014129,86.63793364269071
SH5,6.0,23.11179377973424,86.63484701076274
SH5,7.0,23.117277435636286,86.62714218800937
SH5,8.0,23.120877029905536,86.61821570661672
SH5,9.0,23.12202953147024,86.60864232712211
SH5,10.0,23.126041215638626,86.60005625289044
SH5,11.0,23.131209681291622,86.59204876328832
SH5,12.0,23.13726435574772,86.58518594838928
SH5,13.0,23.142329817067942,86.57746104760193
SH5,14.0,23.145493654182534,86.56851010651839
SH5,15.0,23.14938162146846,86.56021496401654
SH5,16.0,23.15478686125369,86.55260952980096
SH5,17.0,23.159042548168568,86.54406675844697
SH5,18.0,23.165018446970493,86.53677202526774
SH5,19.0,23.17281079060913,86.53235331851741
SH5,20.0,23.181167715524015,86.52864598301899
SH5,21.0,23.189305132341826,86.52458119654109
SH5,22.0,23.1949234405482,86.51697512270354
SH5,23.0,23.20120840295761,86.51005239651451
SH5,24.0,23.204607462844823,86.5013697420485
SH5,25.0,23.20802398578499,86.49250801735653
SH5,26.0,23.211918932326668,86.48375268044418
SH5,27.0,23.2155744198181,86.4748273656136
SH5,28.0,23.218977933761483,86.46582179844768
SH5,29.0,23.221849837149467,86.45697878298262
SH5,30.0,23.22385525459238,86.44823244238
SH5,31.0,23.21981777628677,86.43957187174998
SH5,32.0,23.213251019564883,86.43286198708512
SH5,33.0,23.211165630378588,86.42355366924905
SH5,34.0,23.213562752483487,86.41435118479674
SH5,35.0,23.214370209030527,86.40474841430087
SH5,36.0,23.215217113898394,86.39522629685791
SH5,37.0,23.22081344240429,86.38755486482304
SH5,38.0,23.226754360858408,86.38068297911747
SH5,39.0,23.230459879958445,86.37177122120666
SH5,40.0,23.23462509537005,86.3631076056967
SH5,41.0,23.24010548507176,86.35536813667069
SH5,42.0,23.24829808798597,86.35461369288822
SH5,43.0,23.257107876730846,86.3566093676248
SH5,44.0,23.266043810956177,86.35781100158917
SH5,45.0,23.27501592267479,86.3589074666922
SH5,46.0,23.341012869344034,86.3719587310022
SH5,47.0,23.34647914310747,86.37930092323245
SH5,48.0,23.350924615302386,86.38751983408373
SH5,49.0,23.358430564823458,86.39288864160594
SH5,50.0,23.366172355021185,86.39792851993681
SH5,51.0,23.374056458692007,86.40259717959381
SH5,52.0,23.37887767238891,86.41031241463135
SH5,53.0,23.382041234611474,86.41918300585465
SH5,54.0,23.386274829964574,86.42763567276712
SH5,55.0,23.392029116914525,86.43435546135025
SH5,56.0,23.39922138466364,86.44018054211551
SH5,57.0,23.40424245330704,86.44810138251643
SH5,58.0,23.408502089446667,86.45599965321965
SH5,59.0,23.413356127887536,86.46410794876918
SH5,60.0,23.417490950302163,86.47268348195924
SH5,61.0,23.42314257844151,86.48028556108466
SH5,62.0,23.430686251028646,86.48561741215669
SH5,63.0,23.438923418084915,86.48937832379681
SH5,64.0,23.44601065145738,86.4935334100283
SH5,65.0,23.452733372364605,86.49999541786637
SH5,66.0,23.461176561944775,86.50247985537298
SH5,67.0,23.467602828918817,86.50852016768802
SH5,68.0,23.471864248223934,86.5171507294128
SH5,69.0,23.475619902556215,86.52604213882626
SH5,70.0,23.479087152936334,86.53503962439079
SH5,71.0,23.484851853078965,86.5419863307083
SH5,72.0,23.48415725607649,86.5517500535024
SH5,73.0,23.487126443881557,86.56059683105543
SH5,74.0,23.49342226667297,86.56755034096125
SH5,75.0,23.498840640823648,86.57538590812717
SH5,76.0,23.504220508271015,86.58325299216045
SH5,77.0,23.505943020866507,86.59259816499309
SH5,78.0,23.509850988723148,86.60135829784495
SH5,79.0,23.511492676639197,86.6109900461358
SH5,80.0,23.516473101460072,86.61864235498538
SH5,81.0,23.519157539532014,86.62794916127118
SH5,82.0,23.52315125825649,86.63663899288431
SH5,83.0,23.527429477463247,86.64518332501213
SH5,84.0,23.53165591749854,86.65383570338923
SH5,85.0,23.5359950842625,86.66242354195
SH5,86.0,23.540603280475615,86.67079934548461
SH5,87.0,23.547556963967484,86.67704156711393
SH5,88.0,23.55567421121783,86.68101981053705
SH5,89.0,23.563075395486138,86.68651956887344
SH5,90.0,23.569222669028083,86.69364086878325
SH5,91.0,23.577101431439154,86.69833142216041
SH5,92.0,23.58456540482568,86.70249741591309
SH5,93.0,23.590413257452614,86.70919546718392
SH5,94.0,23.592965064588576,86.71820474381535
SH5,95.0,23.591966813778818,86.72709222094281
SH5,96.0,23.594069393488027,86.73647248869021
SH5,97.0,23.594853001808076,86.74570403868512
SH5,98.0,23.593760248244934,86.75539597168209
SH5,99.0,23.59182307559897,86.76490071185935
SH5,100.0,23.591379829465748,86.774599873282
SH5,101.0,23.595426737302414,86.78295437173092
SH5,102.0,23.600962471997015,86.79055327280132
SH5,103.0,23.60576860785108,86.79882447505538
SH5,104.0,23.61338630281289,86.8036993299864
SH5,105.0,23.622120179301554,86.80596263247887
SH5,106.0,23.63046797123756,86.80969081470536
SH5,107.0,23.639257081134794,86.8118173266334
SH5,108.0,23.647341922088927,86.81597820930706
SH5,109.0,23.655043671914992,86.82104431491688
SH5,110.0,23.66317071091474,86.82527423843284
SH5,111.0,23.671808589749435,86.82439873527562
SH5,112.0,23.67947786421121,86.82144967150353
SH5,113.0,23.68786607612252,86.82478906182185
SH5,114.0,23.695859973996402,86.82915626124154
SH5,115.0,23.695886723576407,86.83794972034131
SH5,116.0,23.69616427726682,86.84744427390487
SH5,117.0,23.69812818813405,86.85695393426496
SH5,118.0,23.700226280503475,86.86637842577441
SH5,119.0,23.705663221613328,86.87381736512926
SH5,120.0,23.71418433212978,86.87454982955563
SH5,121.0,23.719442362222424,86.87618823004647
SH5,122.0,23.72766466532941,86.87351380680975
SH5,123.0,23.73605099090379,86.87517263115608
SH5,124.0,23.744186117256994,86.87803054894162
SH5,125.0,23.058395479807636,86.6553962989178
SH5,126.0,23.0510078690557,86.65085139769616
SH5,127.0,23.04239525947429,86.64881357496807
SH5,128.0,23.033487356732635,86.6476538888301
SH5,129.0,23.02534244099462,86.64536792148553
SH5,130.0,23.017037267348087,86.64312803514171
SH5,131.0,23.008416703947283,86.64441878077933
SH5,132.0,23.000932246971338,86.6399929295366
SH5,133.0,22.99407060068038,86.63451137807569
SH5,134.0,22.987022504993078,86.62841774992565
SH5,135.0,22.97843644511953,86.62564292814447
SH5,136.0,22.97163674657449,86.61984698202276
SH5,137.0,22.96341763200308,86.6158789204344
SH5,138.0,22.956782013803053,86.60940079699523
SH5,139.0,22.949392887614323,86.60456408697333
SH5,140.0,22.941727667531858,86.60069933778492
SH5,141.0,22.93451417403821,86.5954828095959
SH5,142.0,22.926453027628806,86.59108785909089
SH5,143.0,22.92022040010907,86.5842181487925
SH5,144.0,22.91416035537498,86.57717307253657
SH5,145.0,22.91031744879258,86.56846348028454
SH5,146.0,22.911492279795034,86.55888257710555
SH5,147.0,22.912715922856115,86.54963033473545
SH5,148.0,22.910079304475683,86.54075682368813
SH5,149.0,22.90518482037408,86.53260173809691
SH5,150.0,22.900058628710624,86.52457371840411
SH5,151.0,22.89457837073513,86.51697433869668
SH5,152.0,22.88784634402427,86.51047415936192
SH5,153.0,22.880143352016336,86.50566832900253
SH5,154.0,22.874378080005318,86.51038691386583
SH5,155.0,22.871251928215994,86.51952709386455
SH5,156.0,22.86805311489592,86.5286414744365
SH5,157.0,22.869450863079734,86.5378914396139
SH5,158.0,22.868212629139574,86.54753109933655
SH5,159.0,22.86586844551088,86.55693005414092
SH5,160.0,22.864326842406673,86.56653007728787
SH5,161.0,22.862838882399117,86.57612801027311
SH5,162.0,22.861085889468587,86.58547251108125
SH5,163.0,22.8593306787017,86.5950231888559
SH5,164.0,22.85480994882609,86.6033125212123
SH5,165.0,22.84828687728995,86.6098359687866
SH5,166.0,22.842100821382548,86.6168759876324
SH5,167.0,22.835420637837938,86.62318052418578
SH5,168.0,22.82806073156477,86.6288099329256
SH5,169.0,22.820504987745746,86.63244212390039
SH5,170.0,22.811811842907574,86.63250556959545
SH5,171.0,22.80464221930954,86.63683397637324
SH5,172.0,22.796128699553105,86.63974208282323
SH5,173.0,22.787225540987528,86.64115445394165
SH5,174.0,22.77826547853551,86.64009553537046
SH5,175.0,22.77050051621334,86.6449241930856
SH5,176.0,22.76316996815971,86.64915422254992
SH5,177.0,22.755800761983263,86.654005989488
SH5,178.0,22.75226979669915,86.66294110866517
SH5,179.0,22.744159892409954,86.66608444316812
SH5,180.0,22.73639838709252,86.66966510307277
SH5,181.0,22.72898010487521,86.67481709012453
SH5,182.0,22.720562580017013,86.67634384749577
SH5,183.0,22.71405745893035,86.68168939040143
SH5,184.0,22.708145131993525,86.68868685220063
SH5,185.0,22.70080457902678,86.689038777304
SH5,186.0,22.69792145537098,86.69785200817248
SH5,187.0,22.69228078466692,86.70461258969378
SH5,188.0,22.6876178965759,86.7126022407546
SH5,189.0,22.68268784201704,86.72043826754495
SH5,190.0,22.678589742054882,86.72891182744391
SH5,191.0,22.672303069146654,86.73549271458027
SH5,192.0,22.66475463597763,86.74054052092504
SH5,193.0,22.65627860899647,86.74244870984386
SH5,194.0,22.648662628316192,86.74746362812596
SH5,195.0,22.640974137718118,86.75199026457523
SH5,196.0,22.63542721538108,86.75914022684104
SH5,197.0,22.630829252147226,86.76669303733783
SH5,198.0,22.625299397529368,86.77438716335531
SH5,199.0,22.619751404828364,86.78206673096275
SH5,200.0,22.614264327140166,86.78978826144117
SH5,201.0,22.60811352567203,86.79683847180524
SH5,202.0,22.60473589850241,86.80272626000176
SH5,203.0,22.609725991742973,86.81081681138475
SH5,204.0,22.61316423845992,86.8179947724165
SH5,205.0,22.608573291143017,86.82625357457394
SH5,206.0,22.606091431905135,86.83490499339524
SH5,207.0,22.604668957288865,86.84445800248318
SH5,208.0,22.60229636598298,86.85384386648555
SH5,209.0,22.599347655119978,86.86299246356981
SH5,210.0,22.600915519486865,86.8719304029398
SH5,211.0,22.599375640548608,86.88013533886982
SH5,212.0,22.596036889447625,86.88876471706737
SH5,213.0,22.594618226668974,86.89836888714986
SH5,214.0,22.592605685782768,86.9076109733452
SH5,215.0,22.586710349799855,86.91487013700072
SH5,216.0,22.579878852912273,86.92024573352171
SH5,217.0,22.573088472297837,86.92661189797403
SH5,218.0,22.56549635300124,86.9318828114305
SH5,219.0,22.557941274506366,86.93721241497796
SH5,220.0,22.550403912029285,86.94257193621077
SH5,221.0,22.542744774768188,86.94772617702749
SH5,222.0,22.535526973428887,86.95353371839367
SH5,223.0,22.52914386036604,86.96039561044914
SH5,224.0,22.523399547178077,86.96789980089996
SH5,225.0,22.51814949472652,86.97579917371738
SH5,226.0,22.51400905189194,86.98443765351874
SH5,227.0,22.508186022503516,86.99118928103455
SH5,228.0,22.49992204264948,86.99493167986553
SH5,229.0,22.49125122818768,86.99629425286386
SH5,230.0,22.48297084964564,86.9936927484153
SH5,231.0,22.474112597798197,86.99276310385368
SH5,232.0,22.465193243345695,86.99218787136056
SH5,233.0,22.456556539277376,86.9945799504573
SH5,234.0,22.448078924643866,86.99683112726822
SH5,235.0,22.439338179036042,86.99767224582676
SH5,236.0,22.431589000188524,87.0005925208275
SH5,237.0,22.423548452911703,87.00216744519692
SH5,238.0,22.414768352256637,87.0033086774323
SH5,239.0,22.407122388660763,87.00560057451742
SH5,240.0,22.40074440178826,87.01218402248576
SH5,241.0,22.394694953928123,87.01872527066178
SH5,242.0,22.385810156761725,87.02043961931079
SH5,243.0,22.376948102291305,87.02217673721512
SH5,244.0,22.368124671899384,87.02377371265486
SH5,245.0,22.359441239199697,87.02564313147657
SH5,246.0,22.352094161006097,87.03084958352046
SH5,247.0,22.34681993119372,87.03873462357566
SH5,248.0,22.340573735416232,87.04567397767515
SH5,249.0,22.351015343976087,87.27316254959372
SH5,250.0,22.34623930552438,87.26510597555418
SH5,251.0,22.338278025233492,87.26051870749198
SH5,252.0,22.337390365269158,87.26808441388661
SH5,253.0,22.338592222832023,87.27770745374207
SH5,254.0,22.340952632890012,87.28681619998922
SH5,255.0,22.342296988159315,87.29641891039812
SH5,256.0,22.340180000532012,87.30542671185049
SH5,257.0,22.337375032567714,87.31299086545086
SH5,258.0,22.330980609427126,87.30919265748203
SH5,259.0,22.323839120792616,87.31066371160811
SH5,260.0,22.32255859048761,87.30263077733424
SH5,261.0,22.317967475679737,87.29514047790956
SH5,262.0,22.310078630294814,87.29565550722612
SH5,263.0,22.30955364811865,87.3037452910093
SH5,264.0,22.301138349733787,87.30275047838647
SH5,265.0,22.292349882521176,87.3005032079951
SH5,266.0,22.2840704950918,87.29701090456345
SH5,267.0,22.277072971604532,87.290872084202
SH5,268.0,22.270030577151925,87.2847943868344
SH5,269.0,22.262742740397606,87.27907181761299
SH5,270.0,22.2551049088099,87.27390149830788
SH5,271.0,22.246548096736312,87.27109956025151
SH5,272.0,22.237757697705113,87.26890284089984
SH5,273.0,22.22913244316346,87.26603668149116
SH5,274.0,22.22079856354586,87.26233461177041
SH5,275.0,22.212079573213472,87.26023649275986
SH5,276.0,22.20324644265493,87.25826494065694
SH5,277.0,22.194381385527866,87.25641998462383
SH5,278.0,22.185672505600262,87.2538444023552
SH5,279.0,22.176927746545317,87.25140987374533
SH5,280.0,22.168161292117915,87.24906797740115
SH5,281.0,22.159396543779362,87.2467187107553
SH5,282.0,22.150622616618623,87.24441065686383
SH5,283.0,22.1417612312699,87.24252729256534
SH5,284.0,22.13322410463148,87.23954845664393
SH5,285.0,22.124974772965977,87.23559726857906
SH5,286.0,22.120826147028474,87.241795728947
SH5,287.0,22.117602144070535,87.25084944649024
SH5,288.0,22.113950059696787,87.25971743916053
SH5,289.0,22.11038251168126,87.2686244084788
SH5,290.0,22.106875232266315,87.27755918399347
SH5,291.0,22.10315642383443,87.2863873049896
SH5,292.0,22.098677650286113,87.2944574275278
SH5,293.0,22.096840486711866,87.30394913826686
SH5,294.0,22.09291139719297,87.3125481931066
SH5,295.0,22.08815607562796,87.32079027910328
SH5,296.0,22.08344442968129,87.32906072649101
SH5,297.0,22.07875257472395,87.33734315888019
SH5,298.0,22.073644651354428,87.33980474744465
SH5,299.0,22.067447526976128,87.34305295776406
SH5,300.0,22.06329001389066,87.35165475189532
SH5,301.0,22.059412360796276,87.36040601104489
SH5,302.0,22.0569135823699,87.36971520695226
SH5,303.0,22.052900005796165,87.37804913514994
SH5,304.0,22.04614857535194,87.38448767457623
SH5,305.0,22.03934745747559,87.39086612967097
SH5,306.0,22.032531009662666,87.3972248560586
SH5,307.0,22.02574680005712,87.40362284641617
SH5,308.0,22.018932083855592,87.40998362995126
SH5,309.0,22.012910807044058,87.41710812782702
SH5,310.0,22.007508923358913,87.42481356801193
SH5,311.0,22.0041240150183,87.43366240299365
SH5,312.0,21.999430988869328,87.44194048327806
SH5,313.0,21.994620494699493,87.45012180866125
SH5,314.0,21.988965626625287,87.45760679277771
SH5,315.0,21.985366893561025,87.46649127625199
SH5,316.0,21.977936431096783,87.4716991212806
SH5,317.0,21.96986995490031,87.47606017671426
SH5,318.0,21.961805928718682,87.48042647162809
SH5,319.0,21.95370734928688,87.48471828939348
SH5,320.0,21.945626910531747,87.48904843153397
SH5,321.0,21.936943517978975,87.49153058400344
SH5,322.0,21.9301087247328,87.49718307009061
SH5,323.0,21.924412992982255,87.50469891857395
SH5,324.0,21.918702930272335,87.51220208430072
SH5,325.0,21.91361531800809,87.52018858169217
SH5,326.0,21.90858371237954,87.52821847517592
SH5,327.0,21.902178073126404,87.53503770270868
SH5,328.0,21.895239627242013,87.54123685466719
SH5,329.0,21.88804887708571,87.54709624040181
SH5,330.0,21.880927388680558,87.5530519056868
SH5,331.0,21.87630821440312,87.56116794900497
SH5,332.0,21.8731764244501,87.57024323682766
SH5,333.0,21.869471444789696,87.57902777773796
SH5,334.0,21.86593861443402,87.58787892944589
SH5,335.0,21.86192654949927,87.59654142360182
SH5,336.0,21.856514105763768,87.60426009053562
SH5,337.0,21.85112313288793,87.61202311925015
SH5,338.0,21.844446596287494,87.61837470655763
SH5,339.0,21.837309127526687,87.62430656759767
SH5,340.0,21.83157540627787,87.6315730202662
SH5,341.0,21.823891174476596,87.63666075237056
SH5,342.0,21.816221693540022,87.64177397184005
SH5,343.0,21.81031510577989,87.64890402844944
SH5,344.0,21.805327381439913,87.6569401518851
SH5,345.0,21.80135956764249,87.66563129957107
SH5,346.0,21.79749548527633,87.67437562333066
SH5,347.0,21.79489425196815,87.68359588041719
SH5,348.0,21.792678864106982,87.69297374178865
SH5,349.0,21.790250268899342,87.70228975272568
SH5,350.0,21.78785329195705,87.71161535293824
SH5,351.0,21.785506633738823,87.72095624046291
SH5,352.0,21.783228188186452,87.73031621995773
SH5,353.0,21.77206393058618,87.74371064175713
SH5,354.0,21.770429978157917,87.75184901833705
SH5,355.0,21.764594138960682,87.7592318350666
SH5,356.0,21.758758129320324,87.7666140265454
SH5,357.0,21.753073293266244,87.77412338614599
SH5,358.0,21.747437791152297,87.78168156055172
SH5,359.0,21.7417998231334,87.7892373172951
SH5,360.0,21.736132518008645,87.79676748753961
SH5,361.0,21.730440854610436,87.80427635755747
SH5,362.0,21.72503675981956,87.81169432017103
SH5,363.0,21.724839500000005,87.8117464
SH6,0.0,23.802683599999998,87.8225111
SH6,1.0,23.808094703885715,87.8150475950147
SH6,2.0,23.810967734712325,87.80620735346345
SH6,3.0,23.810553215184843,87.79642663160735
SH6,4.0,23.815237727138225,87.78877436511269
SH6,5.0,23.819886114962248,87.78047911474881
SH6,6.0,23.823214417506524,87.77148611882906
SH6,7.0,23.82442506796327,87.76176746683016
SH6,8.0,23.82425750199114,87.75212467244347
SH6,9.0,23.821604277618334,87.74274679331742
SH6,10.0,23.82159005618665,87.73293093837913
SH6,11.0,23.821552928369794,87.72311448844584
SH6,12.0,23.821586374822044,87.71336640127124
SH6,13.0,23.825094944132008,87.70436232407944
SH6,14.0,23.82888371839104,87.69545007351574
SH6,15.0,23.83041927853541,87.68588280571092
SH6,16.0,23.832293854357157,87.67707906784
SH6,17.0,23.836506906376272,87.66840773266868
SH6,18.0,23.838786671389016,87.65891025821357
SH6,19.0,23.840801065172833,87.6493397754784
SH6,20.0,23.84286639773133,87.6397818182029
SH6,21.0,23.844935335188215,87.63022397507633
SH6,22.0,23.847052660978008,87.62068005409228
SH6,23.0,23.849113964786344,87.61112299034691
SH6,24.0,23.851383211586032,87.60161907887469
SH6,25.0,23.853272733277752,87.59203626904618
SH6,26.0,23.855991640783174,87.58281735570593
SH6,27.0,23.86098779389826,87.57496043977147
SH6,28.0,23.866722471842117,87.56755754878384
SH6,29.0,23.871916041832872,87.55962563220689
SH6,30.0,23.878670177992728,87.55334853340474
SH6,31.0,23.88465344017093,87.5463122312009
SH6,32.0,23.88810917567025,87.53748220803675
SH6,33.0,23.89553980431205,87.53252130253965
SH6,34.0,23.903460849236993,87.52792972163633
SH6,35.0,23.910192409311204,87.52243485992193
SH6,36.0,23.90611567359074,87.51461283459612
SH6,37.0,23.907660134389268,87.50598577563507
SH6,38.0,23.910894878469794,87.49706627150665
SH6,39.0,23.91553841188209,87.48883605182924
SH6,40.0,23.917283761451802,87.47927005942886
SH6,41.0,23.916520683857236,87.46954057317933
SH6,42.0,23.914237447555944,87.46017358789244
SH6,43.0,23.915841633451805,87.45064025596574
SH6,44.0,23.918251020037214,87.44122226368059
SH6,45.0,23.91932100396955,87.43172854752426
SH6,46.0,23.91856686087818,87.42193781038407
SH6,47.0,23.91852694992877,87.41214876629455
SH6,48.0,23.91757890331827,87.40247707257971
SH6,49.0,23.92100186414072,87.3936950715052
SH6,50.0,23.926331045357106,87.38576701622235
SH6,51.0,23.929425375135573,87.37690130992881
SH6,52.0,23.93187344590554,87.36752688222727
SH6,53.0,23.937232461826483,87.35992700352257
SH6,54.0,23.943313347469147,87.35305764766842
SH6,55.0,23.941690329409763,87.34401812178837
SH6,56.0,23.940297542907437,87.33464024352357
SH6,57.0,23.94326569580641,87.32593188677565
SH6,58.0,23.9448327936392,87.31637092776444
SH6,59.0,23.946764496029502,87.3069323429306
SH6,60.0,23.948985985106457,87.29783173199904
SH6,61.0,23.80604577394305,87.81928716749741
SH6,62.0,23.799705535650855,87.8262295189451
SH6,63.0,23.792598425446123,87.83214628794056
SH6,64.0,23.785126266045406,87.83749718871886
SH6,65.0,23.779084483712708,87.84470881490967
SH6,66.0,23.773668127595876,87.8523565891584
SH6,67.0,23.768372563865764,87.86024923542556
SH6,68.0,23.766855705927266,87.86955322134362
SH6,69.0,23.766345557478743,87.87932684616621
SH6,70.0,23.765388585347598,87.88908043623218
SH6,71.0,23.76373662852454,87.89872039420914
SH6,72.0,23.759934370622855,87.90758675893703
SH6,73.0,23.75604327933989,87.9164401374596
SH6,74.0,23.751502529207603,87.92474798853979
SH6,75.0,23.74812201265305,87.93379056450037
SH6,76.0,23.745813879761247,87.94327609217471
SH6,77.0,23.743664417783144,87.95277862768673
SH6,78.0,23.741178392976423,87.96211494823412
SH6,79.0,23.735369159974397,87.96954024237867
SH6,80.0,23.731355578501752,87.97728293634476
SH6,81.0,23.728432316460886,87.98650611394659
SH6,82.0,23.72516133635636,87.99557371606075
SH6,83.0,23.72382440372354,88.00522762642895
SH6,84.0,23.721113811220455,88.01449094091795
SH6,85.0,23.724249814583153,88.02313559851241
SH6,86.0,23.720091411426445,88.0290456418529
SH6,87.0,23.71898621548206,88.03862067705035
SH6,88.0,23.714894011732483,88.04639765449805
SH6,89.0,23.706514344076545,88.04665083525667
SH6,90.0,23.697939779129914,88.04694671110656
SH6,91.0,23.68931879908776,88.04894425826218
SH6,92.0,23.68035496019692,88.0495305645332
SH6,93.0,23.676245100611073,88.05823479256476
SH6,94.0,23.67220708072706,88.06700558653839
SH6,95.0,23.666486079061944,88.07293609999921
SH6,96.0,23.65748205153392,88.07226305277364
SH6,97.0,23.648468827724056,88.07216229991816
SH6,98.0,23.639439318932496,88.07233230122573
SH6,99.0,23.633183140106546,88.07565188957774
SH6,100.0,23.632546243995336,88.08531191667203
SH6,101.0,23.63097538751388,88.09482370582356
SH6,102.0,23.630239609687877,88.10410254919307
SH6,103.0,23.632311713458446,88.11324644615858
SH6,104.0,23.637848201417672,88.1208677914986
SH6,105.0,23.635472879967697,88.1257810287934
SH6,106.0,23.62666103389646,88.12774129293084
SH6,107.0,23.618132754944064,88.13088851825677
SH6,108.0,23.610789990546735,88.13659454159666
SH6,109.0,23.604389278530444,88.1433383582794
SH6,110.0,23.59914269376205,88.15131376793832
SH6,111.0,23.5938633190935,88.15926460940686
SH6,112.0,23.588586837622202,88.16721738293502
SH6,113.0,23.583427861628877,88.17523595867812
SH6,114.0,23.580253663911556,88.1844078449409
SH6,115.0,23.576919586962713,88.19351365641626
SH6,116.0,23.573338087621668,88.2025070879297
SH6,117.0,23.57063472188625,88.21139960861584
SH6,118.0,23.563935078102578,88.21796527341456
SH6,119.0,23.557352781917107,88.22467241029672
SH6,120.0,23.550487516535306,88.23103510956679
SH6,121.0,23.54356219015566,88.23732130003617
SH6,122.0,23.536801280016334,88.24379678266834
SH6,123.0,23.53004565335892,88.25029703652925
SH6,124.0,23.524838586021676,88.25773133570735
SH6,125.0,23.520308632269828,88.26404125894905
SH6,126.0,23.51133132952548,88.26510595707128
SH6,127.0,23.502627828660497,88.2673698700313
SH6,128.0,23.495388531023956,88.27027859246013
SH6,129.0,23.491560620367512,88.27832736389108
SH6,130.0,23.48355993089533,88.28286059822028
SH6,131.0,23.476500571064665,88.28883831805136
SH6,132.0,23.469174100622695,88.29386250039052
SH6,133.0,23.46060910228503,88.29695033990929
SH6,134.0,23.453282561752076,88.30221825277212
SH6,135.0,23.447802754434612,88.30966960221917
SH6,136.0,23.441071294059597,88.3148548491372
SH6,137.0,23.43432679860895,88.32091105702608
SH6,138.0,23.426244446714875,88.32344557250578
SH6,139.0,23.418790511821694,88.3274733386501
SH6,140.0,23.41462153043683,88.33437197230003
SH6,141.0,23.41341695769693,88.34368433895472
SH6,142.0,23.40644256501252,88.3473079076064
SH6,143.0,23.397602304013816,88.34902831547008
SH6,144.0,23.36083013716087,88.32616881989969
SH6,145.0,23.352123467108513,88.32579740056686
SH6,146.0,23.34415522914663,88.32218725741764
SH6,147.0,23.335367950622633,88.32342967096955
SH6,148.0,23.32641705163741,88.32343941504482
SH6,149.0,23.318639720507573,88.31848690030596
SH6,150.0,23.310936608288422,88.31338504662382
SH6,151.0,23.302754951001106,88.30984803209881
SH6,152.0,23.29384196568498,88.30966945199069
SH6,153.0,23.286732134200708,88.31340331845198
SH6,154.0,23.27777798435154,88.31451886868736
SH6,155.0,23.26910398493508,88.31670921130565
SH6,156.0,23.26783055266107,88.32628936131904
SH6,157.0,23.259551444202923,88.32941931059229
SH6,158.0,23.251271962453238,88.33304245136557
SH6,159.0,23.2431676344712,88.33681174283593
SH6,160.0,23.23481939366299,88.34017736540387
SH6,161.0,23.22673291690966,88.34448512500474
SH6,162.0,23.219563902614816,88.35042595306051
SH6,163.0,23.212859734766585,88.35663814715532
SH6,164.0,23.205836561147485,88.3582885897841
SH6,165.0,23.20442147683574,88.36762137399329
SH6,166.0,23.204587692364857,88.37734416984992
SH6,167.0,23.202484692410554,88.38683676782881
SH6,168.0,23.200154787415038,88.39600191304368
SH6,169.0,23.195074670019267,88.40268705724615
SH6,170.0,23.193202023148395,88.41201672356071
SH6,171.0,23.188739052420292,88.42042941554222
SH6,172.0,23.182087948044863,88.42460501636744
SH6,173.0,23.17493288344049,88.41896385196584
SH6,174.0,23.166781876142526,88.4162952570202
SH6,175.0,23.159106052001768,88.41994099145693
SH6,176.0,23.150335135186282,88.42019079143077
SH6,177.0,23.142823699938162,88.42561183710025
SH6,178.0,23.13534419482739,88.43108424565379
SH6,179.0,23.12958033540027,88.43851200595009
SH6,180.0,23.122680864761435,88.44471261186543
SH6,181.0,23.115675641771556,88.45087185320807
SH6,182.0,23.108739149205764,88.45710677007801
SH6,183.0,23.101405314171082,88.45807631562522
SH6,184.0,23.09263791355098,88.45578120302362
SH6,185.0,23.083776457354013,88.4539165797433
SH6,186.0,23.075054822429212,88.45138423876739
SH6,187.0,23.066333763289787,88.44885007348554
SH6,188.0,23.058207680489435,88.44520556060311
SH6,189.0,23.052362565796024,88.4377686296922
SH6,190.0,23.04470170321616,88.43280045495783
SH6,191.0,23.036646514013512,88.42898175770101
SH6,192.0,23.029586769393276,88.42289738204637
SH6,193.0,23.022668710256152,88.41665317109408
SH6,194.0,23.016384813120982,88.41038924724529
SH6,195.0,23.009629149438652,88.4040417869455
SH6,196.0,23.00225684956124,88.39840785751468
SH6,197.0,22.994604841472015,88.39326794064173
SH6,198.0,22.987116910330304,88.38781459649897
SH6,199.0,22.978688501417604,88.38476581755177
SH6,200.0,22.970539146666862,88.38666290982356
SH6,201.0,22.962416654149997,88.3884976556868
SH6,202.0,22.953489170219548,88.38702455738863
SH6,203.0,22.946102568724797,88.3819994619176
SH6,204.0,22.93944037405989,88.38724548941214
SH6,205.0,22.93086189177816,88.38928182430875
SH6,206.0,22.922407711582512,88.38594743105931
SH6,207.0,22.91358174320462,88.38415872902355
SH6,208.0,22.904966325576947,88.3826330435321
SH6,209.0,22.89612021720382,88.3821567148159
SH6,210.0,22.887171086071643,88.38016100647863
SH6,211.0,22.878905723929268,88.37788532048289
SH6,212.0,22.8710089700863,88.3743844262915
SH6,213.0,22.865813217498257,88.36895520283831
SH6,214.0,22.857298042323638,88.3657827667116
SH6,215.0,22.848630004618673,88.36305795828983
SH6,216.0,22.83986476951082,88.36082925331714
SH6,217.0,22.8314617620967,88.3575630790114
SH6,218.0,22.823727217115493,88.35283621976245
SH6,219.0,22.814954828152494,88.3535573564762
SH6,220.0,22.806197502985302,88.351313533435
SH6,221.0,22.798175402792342,88.34711832707896
SH6,222.0,22.793122725035744,88.33952815537306
SH6,223.0,22.791559259509103,88.3300440880455
SH6,224.0,22.786316268645532,88.3227631191588
SH6,225.0,22.778374617768574,88.32423265074037
SH6,226.0,22.770778079550833,88.3291260917016
SH6,227.0,22.76211989417785,88.3289593765524
SH6,228.0,22.75360847381912,88.32845781788697
SH6,229.0,22.750940947446843,88.337225684194
SH6,230.0,22.74955901801256,88.3466849778854
SH6,231.0,22.741724725636747,88.35049013826823
SH6,232.0,22.732982952516156,88.35254837796256
SH6,233.0,22.72423912066585,88.35310759822522
SH6,234.0,22.715648949302455,88.35498345706606
SH6,235.0,22.70743105611567,88.35754893802893
SH6,236.0,22.69870377926107,88.35929621589058
SH6,237.0,22.690267304573222,88.35682822872613
SH6,238.0,22.681990572849255,88.35383381889645
SH6,239.0,22.67333709616837,88.35123408868978
SH6,240.0,22.664535479743673,88.3504760454869
SH6,241.0,22.65613972381933,88.34797107039662
SH6,242.0,22.64875970594356,88.35037494833092
SH6,243.0,22.63983804412711,88.35098270290243
SH6,244.0,22.630966458314223,88.35198542558797
SH6,245.0,22.622424405929667,88.34911555567018
SH6,246.0,22.613799515305942,88.34624928459604
SH6,247.0,22.605264090273067,88.34308057019531
SH6,248.0,22.596734134409566,88.34016443644526
SH6,249.0,22.58848087522145,88.33629136135889
SH6,250.0,22.580380291449977,88.33200053138285
SH6,251.0,22.572351323769777,88.32756008640204
SH6,252.0,22.565139087314964,88.32248795237861
SH6,253.0,22.56188098355035,88.31422753681889
SH6,254.0,22.56220929015765,88.30547174655294
SH6,255.0,22.563021035258373,88.29648787115114
SH6,256.0,22.564105957753597,88.28692782018004
SH6,257.0,22.566335839432224,88.27757917177736
SH6,258.0,22.568098057868255,88.26804547397617
SH6,259.0,22.574873649934133,88.2616235381613
SH6,260.0,22.580217862110462,88.25394495821675
SH6,261.0,22.584512088202768,88.24564544872092
SH6,262.0,22.585591350901076,88.23630795000466
SH6,263.0,22.58601058354692,88.22667099111764
SH6,264.0,22.585155061867162,88.21721758243675
SH6,265.0,22.945988410957522,88.3815157708888
SH6,266.0,22.974504999999997,88.38418590000002
SH7,0.0,24.294723499999993,87.8428711
SH7,1.0,24.300736210538716,87.84026685522853
SH7,2.0,24.30971422278659,87.84128757581588
SH7,3.0,24.318535127290488,87.84293504081663
SH7,4.0,24.327491737179383,87.84419154423725
SH7,5.0,24.336430579935634,87.84559534249316
SH7,6.0,24.344847040213047,87.84614518041855
SH7,7.0,24.35380545953029,87.84729448346438
SH7,8.0,24.36276155508042,87.84854363836331
SH7,9.0,24.371703167955598,87.84988850331504
SH7,10.0,24.380582647174748,87.85096503678048
SH7,11.0,24.389540296265917,87.85217371813549
SH7,12.0,24.39831186760088,87.85343018066388
SH7,13.0,24.40719987666753,87.85482412790293
SH7,14.0,24.415338471664892,87.85857484377811
SH7,15.0,24.424011787934184,87.86132066208897
SH7,16.0,24.433026606923463,87.86142553549384
SH7,17.0,24.439101555670586,87.85863572748977
SH7,18.0,24.446556131284925,87.85437609812992
SH7,19.0,24.455019158996954,87.85762961584575
SH7,20.0,24.463905695054752,87.85862434178145
SH7,21.0,24.472620954095685,87.8604808781627
SH7,22.0,24.479586192560326,87.86125817313645
SH7,23.0,24.488392375787107,87.86209492132163
SH7,24.0,24.49721671409403,87.86203890768734
SH7,25.0,24.50599704727055,87.86407601041535
SH7,26.0,24.51475273809124,87.86646872018522
SH7,27.0,24.52365351815601,87.86805457544676
SH7,28.0,24.53254153359503,87.86722151858194
SH7,29.0,24.538912999999994,87.8671838
SH8,0.0,23.6144729,86.4714989
SH8,1.0,23.618610207675186,86.48019529034168
SH8,2.0,23.62384121637076,86.48679146962512
SH8,3.0,23.623676622454614,86.49603652523885
SH8,4.0,23.6188500974396,86.502346551705
SH8,5.0,23.614180372257835,86.50972860422158
SH8,6.0,23.611395697326124,86.51760593580867
SH8,7.0,23.61188545111511,86.52699715557719
SH8,8.0,23.611094680877123,86.53581987100884
SH8,9.0,23.607539510320525,86.54361632155432
SH8,10.0,23.609184266160156,86.54925939153391
SH8,11.0,23.603897740039514,86.55517916280913
SH8,12.0,23.596978344596963,86.56147783965199
SH8,13.0,23.59080699143841,86.56854063929532
SH8,14.0,23.587031945801282,86.5773812879767
SH8,15.0,23.584768193639842,86.58685937108874
SH8,16.0,23.582914261436436,86.59639470819205
SH8,17.0,23.580737181013895,86.60590569713726
SH8,18.0,23.57713773062925,86.61477183459026
SH8,19.0,23.57232076524809,86.6230614825813
SH8,20.0,23.56728426990789,86.63118713064434
SH8,21.0,23.562193757202888,86.63927920166354
SH8,22.0,23.55440760698591,86.64413244836334
SH8,23.0,23.54733252071943,86.64924331660305
SH8,24.0,23.545311540146372,86.65876837642249
SH8,25.0,23.542788951638176,86.66814472180145
SH8,26.0,23.540740591373968,86.67723844912604
SH8,27.0,23.539802600130418,86.68687990705452
SH8,28.0,23.535707606957953,86.69552087658151
SH8,29.0,23.53089856647956,86.7035648259392
SH8,30.0,23.52960207902339,86.713259098185
SH8,31.0,23.528237570614717,86.72294206441735
SH8,32.0,23.526071173545162,86.73243493261836
SH8,33.0,23.525062313435555,86.74215744661907
SH8,34.0,23.525681753793677,86.75191664864288
SH8,35.0,23.526047893323806,86.76165320704649
SH8,36.0,23.523981881920335,86.77118882931055
SH8,37.0,23.523022584992393,86.7808852490012
SH8,38.0,23.52312832849086,86.79064447119627
SH8,39.0,23.52433137705736,86.80030836942706
SH8,40.0,23.524415633849426,86.8101032351925
SH8,41.0,23.521971434070334,86.81932786671261
SH8,42.0,23.51979958033506,86.8288314671003
SH8,43.0,23.52103540144099,86.83832339674599
SH8,44.0,23.52280806737254,86.84791788009741
SH8,45.0,23.524351570166516,86.85753564854524
SH8,46.0,23.522963956935122,86.86721500371867
SH8,47.0,23.52157237196955,86.87689243400308
SH8,48.0,23.52050393707033,86.88659663588372
SH8,49.0,23.518671016448074,86.89617409035391
SH8,50.0,23.51995986721322,86.90562807438873
SH8,51.0,23.519733523048288,86.91535386896122
SH8,52.0,23.518551300563793,86.92494786465424
SH8,53.0,23.52109249040639,86.93391965178174
SH8,54.0,23.513654616733277,86.93834908908686
SH8,55.0,23.50824382002968,86.94503908737688
SH8,56.0,23.50642938887379,86.95459516981319
SH8,57.0,23.504181534933405,86.96391964999373
SH8,58.0,23.501530652664215,86.97317014474721
SH8,59.0,23.499013683788434,86.98229555036701
SH8,60.0,23.49466057555146,86.9905882608412
SH8,61.0,23.491912305598404,86.99990730318747
SH8,62.0,23.488245037662626,87.00871472644756
SH8,63.0,23.484813617058574,87.01760764727277
SH8,64.0,23.482305796234193,87.02701414262108
SH8,65.0,23.481279919720773,87.03667921198324
SH8,66.0,23.47897702572502,87.04589114612406
SH8,67.0,23.476522243085984,87.0547976005267
SH8,68.0,23.474403419482833,87.06409236150587
SH8,69.0,23.470705318942283,87.07289905193385
SH8,70.0,23.466785597832747,87.08151701319083
SH8,71.0,23.45982422520109,87.08756136181955
SH8,72.0,23.452265847148585,87.09281716150726
SH8,73.0,23.446379572629365,87.09985067803336
SH8,74.0,23.441176074007352,87.1078190399905
SH8,75.0,23.25106393553857,87.08803789069658
SH8,76.0,23.25804205398658,87.09379519413231
SH8,77.0,23.262321779913353,87.101440869395
SH8,78.0,23.265330529902815,87.11046808836912
SH8,79.0,23.270169163677895,87.11806961465255
SH8,80.0,23.270879648561664,87.12639923107226
SH8,81.0,23.27058654027623,87.13557813438264
SH8,82.0,23.274794582931218,87.1439515538331
SH8,83.0,23.281987089000083,87.14956250581747
SH8,84.0,23.28823214283586,87.15613643425777
SH8,85.0,23.28984354799644,87.16565069800494
SH8,86.0,23.293784791161887,87.17295525002724
SH8,87.0,23.298557909536587,87.18119092597372
SH8,88.0,23.303382347928586,87.18943664402077
SH8,89.0,23.307730125730764,87.19791353936681
SH8,90.0,23.312141574083935,87.20594823845934
SH8,91.0,23.31786444147438,87.21231535304491
SH8,92.0,23.317865713208594,87.2219301505056
SH8,93.0,23.31735236849033,87.23148510106563
SH8,94.0,23.311922047972377,87.23926475562563
SH8,95.0,23.309980258749388,87.24862481745481
SH8,96.0,23.306151314185573,87.25682003175301
SH8,97.0,23.309818748139744,87.26553568226029
SH8,98.0,23.310432962324953,87.27524003668343
SH8,99.0,23.314198746916208,87.28398672244653
SH8,100.0,23.31924095249259,87.29199455989485
SH8,101.0,23.321706674960186,87.30135434984723
SH8,102.0,23.323577697157802,87.31078132787822
SH8,103.0,23.32730173990497,87.31965410399465
SH8,104.0,23.329708391852243,87.32882284903128
SH8,105.0,23.331189956522884,87.33841937333713
SH8,106.0,23.331483231928143,87.3477544206574
SH8,107.0,23.3276952763667,87.35634291830668
SH8,108.0,23.323682925758057,87.36485946451467
SH8,109.0,23.321406873316405,87.3743082697386
SH8,110.0,23.318440666739335,87.38346010663524
SH8,111.0,23.3154251964555,87.392447488265
SH8,112.0,23.31040655488161,87.40019689404055
SH8,113.0,23.30930305784371,87.40899430318233
SH8,114.0,23.30381846233964,87.41657270327597
SH8,115.0,23.29757332977343,87.42348243415454
SH8,116.0,23.291670013997294,87.43087592700097
SH8,117.0,23.286190251560498,87.43860765269102
SH8,118.0,23.28091790182163,87.44654273181929
SH8,119.0,23.27580986745152,87.45459964541975
SH8,120.0,23.270829353676387,87.46275041545438
SH8,121.0,23.262330578355456,87.46476896164258
SH8,122.0,23.256639156640993,87.47159418590064
SH8,123.0,23.252118369923334,87.47989377945581
SH8,124.0,23.249488077085136,87.48901505904203
SH8,125.0,23.245057416041117,87.49753286554072
SH8,126.0,23.240072921211187,87.50565699458555
SH8,127.0,23.236362835960986,87.51452482672441
SH8,128.0,23.23261398927001,87.52325626643903
SH8,129.0,23.22867109021148,87.53204859846028
SH8,130.0,23.225202135110198,87.54107116933001
SH8,131.0,23.221400854360155,87.54993164426295
SH8,132.0,23.21536229317798,87.55604485261203
SH8,133.0,23.208911560177405,87.56142922442689
SH8,134.0,23.209155235743474,87.5711979785558
SH8,135.0,23.20938680500704,87.58096667945811
SH8,136.0,23.209682874457233,87.59073376649484
SH8,137.0,23.210012052427608,87.60049978888478
SH8,138.0,23.210402751477748,87.6102631546802
SH8,139.0,23.210241514709683,87.6199753868356
SH8,140.0,23.208696249288217,87.62960348493188
SH8,141.0,23.210428567910732,87.63907806570052
SH8,142.0,23.213134169586315,87.64829620901902
SH8,143.0,23.216387360860583,87.65678072935782
SH8,144.0,23.21653722048378,87.66654237122933
SH8,145.0,23.216448524259885,87.67631376675521
SH8,146.0,23.215356603961304,87.68598041127095
SH8,147.0,23.215377358750548,87.69569794028112
SH8,148.0,23.215560657209956,87.70546855843722
SH8,149.0,23.215774617655168,87.71523837284532
SH8,150.0,23.215947918210446,87.72500914569105
SH8,151.0,23.21643918256466,87.73476634754495
SH8,152.0,23.217013930572858,87.74451919367866
SH8,153.0,23.217662491035803,87.75426664878552
SH8,154.0,23.218275434727783,87.76401668715206
SH8,155.0,23.218896544471992,87.77376611525854
SH8,156.0,23.219476120568196,87.7835175250255
SH8,157.0,23.214725602710747,87.790839884135
SH8,158.0,23.207639811953815,87.79689931703435
SH8,159.0,23.201127203829085,87.80361077287841
SH8,160.0,23.196408184143774,87.81182804381379
SH8,161.0,23.192764616022128,87.82076784459859
SH8,162.0,23.189098902826654,87.82969605200509
SH8,163.0,23.284422468916198,87.88456966661103
SH8,164.0,23.287806130187672,87.89288736969041
SH8,165.0,23.29223197806276,87.90096086702192
SH8,166.0,23.297147382451794,87.90910208647817
SH8,167.0,23.303222970607955,87.91620589533417
SH8,168.0,23.308945169458998,87.92261193409347
SH8,169.0,23.314964859923638,87.9294304938305
SH8,170.0,23.32132554141872,87.93560003032124
SH8,171.0,23.323877511382605,87.94463644862036
SH8,172.0,23.32718972135152,87.95357599059626
SH8,173.0,23.33028179463546,87.96264894087528
SH8,174.0,23.334600580054616,87.97023012782331
SH8,175.0,23.33861871824765,87.97722682741582
SH8,176.0,23.3436009469642,87.98440459041129
SH8,177.0,23.348996295957804,87.99190887488173
SH8,178.0,23.351428142083307,88.00115119221486
SH8,179.0,23.352647284704062,88.01057276879263
SH8,180.0,23.35250142392716,88.02022233699738
SH8,181.0,23.350556335228312,88.02909497382245
SH8,182.0,23.35012668063069,88.03824656158312
SH8,183.0,23.35293844648556,88.04663750882636
SH8,184.0,23.357616073189817,88.0548777929775
SH8,185.0,23.362591964612886,88.0628675226171
SH8,186.0,23.364409364536428,88.07230657023936
SH8,187.0,23.36328815117887,88.08160493000207
SH8,188.0,23.36540179615415,88.09049307206725
SH8,189.0,23.369077422052477,88.09942856979076
SH8,190.0,23.374077769078447,88.10705710886008
SH8,191.0,23.378363955186366,88.11464863800167
SH8,192.0,23.383633542801714,88.12259414298124
SH8,193.0,23.38893003821145,88.12950166668936
SH8,194.0,23.389128776114426,88.13878524007059
SH8,195.0,23.388231345920342,88.14843095665755
SH8,196.0,23.38811635812054,88.15820951158942
SH8,197.0,23.38711025410007,88.16790096697873
SH8,198.0,23.38530780902747,88.17725289270177
SH8,199.0,23.385054306785346,88.18665283220757
SH8,200.0,23.384169379303582,88.19572228336894
SH8,201.0,23.38284356723916,88.20530057039664
SH8,202.0,23.381936739957847,88.21502566031161
SH8,203.0,23.378771041437446,88.22405752472756
SH8,204.0,23.37727818814586,88.2336979738451
SH8,205.0,23.37630758913982,88.24341842984335
SH8,206.0,23.380402551426073,88.2512739610384
SH8,207.0,23.376701938040757,88.2600505764709
SH8,208.0,23.374982738449393,88.26965219164177
SH8,209.0,23.373523340294724,88.27929002463249
SH8,210.0,23.37297317028968,88.28905408760882
SH8,211.0,23.372544196919545,88.29882475414418
SH8,212.0,23.372338822309423,88.30856659304122
SH8,213.0,23.36966289856568,88.31772919017737
SH8,214.0,23.366276437911935,88.32633342550447
SH8,215.0,23.374663002062185,88.32935845349891
SH8,216.0,23.381353756995672,88.3357888117681
SH8,217.0,23.386964626978685,88.34306300433109
SH8,218.0,23.393640760313883,88.34875653585469
SH8,219.0,23.39089993794424,88.35718172087711
SH8,220.0,23.386340909975615,88.36558058875438
SH8,221.0,23.382362663834456,88.37435679909002
SH8,222.0,23.380823073995863,88.38397115051559
SH8,223.0,23.38151014702977,88.3936738800826
SH8,224.0,23.377978613528896,88.40234537791424
SH8,225.0,23.379120721276415,88.41204433805557
SH8,226.0,23.38032238830322,88.42173822626377
SH8,227.0,23.381491265246186,88.43143861160154
SH8,228.0,23.384545792706714,88.44035106646977
SH8,229.0,23.38942920086995,88.44794145070541
SH8,230.0,23.39025577284425,88.45766222296375
SH8,231.0,23.394057128978545,88.46645998602342
SH8,232.0,23.400354604647433,88.47337986944314
SH8,233.0,23.408183555887582,88.47964527557238
SH8,234.0,23.40680188943627,88.48899980703331
SH8,235.0,23.409147099310896,88.5002803862938
SH8,236.0,23.408198614106663,88.50894344079717
SH8,237.0,23.40943281345176,88.51830177792269
SH8,238.0,23.414518970498364,88.5263543244819
SH8,239.0,23.41965782144044,88.53439992938422
SH8,240.0,23.422798479557944,88.54320074062665
SH8,241.0,23.423302865796924,88.55294972750612
SH8,242.0,23.42365629101737,88.56272691838798
SH8,243.0,23.426108446331476,88.57106015760519
SH8,244.0,23.43156602073274,88.5788357075832
SH8,245.0,23.434657959257986,88.58799732703098
SH8,246.0,23.431600315230185,88.59672070720751
SH8,247.0,23.42634983109338,88.60459094328075
SH8,248.0,23.42746316801861,88.61410350932628
SH8,249.0,23.429027940790554,88.62373362508099
SH8,250.0,23.42999309105444,88.63344763200503
SH8,251.0,23.428394104392734,88.6430735133331
SH8,252.0,23.426746879042554,88.65269203190911
SH8,253.0,23.424905093555378,88.66227053912051
SH8,254.0,23.422798320902263,88.67176860671613
SH8,255.0,23.42052752345059,88.68092949491171
SH8,256.0,23.419152610350782,88.69007804032874
SH8,257.0,23.416514311524754,88.69919294046755
SH8,258.0,23.41630151437189,88.7082378476778
SH8,259.0,23.41308028711588,88.71670727888264
SH8,260.0,23.412896299999996,88.7182917
SH9,0.0,22.306793399999997,86.8926905
SH9,1.0,22.309851330259637,86.88653290462103
SH9,2.0,22.318684484748857,86.88557555503795
SH9,3.0,22.327332803224465,86.88294855793752
SH9,4.0,22.335406727584488,86.87876062512505
SH9,5.0,22.34387736243477,86.87610563586126
SH9,6.0,22.35260590274117,86.8746963266489
SH9,7.0,22.361408807467026,86.87465478680014
SH9,8.0,22.368996376053463,86.87004598656603
SH9,9.0,22.37609269564906,86.86817777435378
SH9,10.0,22.384400446157976,86.86891752787992
SH9,11.0,22.39278153366817,86.86559961589445
SH9,12.0,22.400085480318133,86.86001259176666
SH9,13.0,22.40837408236403,86.85652558983709
SH9,14.0,22.417244222133096,86.85595410539499
SH9,15.0,22.425422499112173,86.85952136186376
SH9,16.0,22.432878806126755,86.86455208180172
SH9,17.0,22.439879444751284,86.87053304155857
SH9,18.0,22.447860040699965,86.87447296591732
SH9,19.0,22.45612419489124,86.87072698431797
SH9,20.0,22.46412092651951,86.86620504673118
SH9,21.0,22.472105981157924,86.8616590763536
SH9,22.0,22.480087899118935,86.85710793607537
SH9,23.0,22.48615593797935,86.85141523584589
SH9,24.0,22.492286563985363,86.84712026733784
SH9,25.0,22.500835900901805,86.84416560311892
SH9,26.0,22.509842952503707,86.84343519921131
SH9,27.0,22.518830536364195,86.84252987838131
SH9,28.0,22.517846291909557,86.83402293145883
SH9,29.0,22.516875203539588,86.82435722380269
SH9,30.0,22.518908426890466,86.81670107229795
SH9,31.0,22.525674877999883,86.81050177772758
SH9,32.0,22.53324679401455,86.80539388335399
SH9,33.0,22.54185037443829,86.80531342769011
SH9,34.0,22.550581382073855,86.8072892269287
SH9,35.0,22.557426276109506,86.80187086368086
SH9,36.0,22.566243341631854,86.80352014740434
SH9,37.0,22.575271223075497,86.8033349081958
SH9,38.0,22.584289169491345,86.80306832192615
SH9,39.0,22.593199753138705,86.80195917973641
SH9,40.0,22.60184585165051,86.80039106386259
SH9,41.0,22.621194708778916,86.81986805775892
SH9,42.0,22.62826440054745,86.82592293255124
SH9,43.0,22.634271314868034,86.83302407879303
SH9,44.0,22.63914542361091,86.84121797321232
SH9,45.0,22.646389984060164,86.84641646628208
SH9,46.0,22.65351861614653,86.85239394357168
SH9,47.0,22.660578951914168,86.85830993542507
SH9,48.0,22.66802740690356,86.86363432234425
SH9,49.0,22.676589806105493,86.86666172222273
SH9,50.0,22.684609397815354,86.87041378649153
SH9,51.0,22.693601695908562,86.87102423507503
SH9,52.0,22.702601912070314,86.87185143042169
SH9,53.0,22.71087670266356,86.86974855937143
SH9,54.0,22.718657084582514,86.87448576700324
SH9,55.0,22.726246259663636,86.8795032073308
SH9,56.0,22.734556508142752,86.88309866032618
SH9,57.0,22.742127373546676,86.8883772382219
SH9,58.0,22.749102764826926,86.89454119355794
SH9,59.0,22.756941521026796,86.89929879489064
SH9,60.0,22.765270220262604,86.90295854931362
SH9,61.0,22.773598596939152,86.90633384861903
SH9,62.0,22.78024846796273,86.91269727539316
SH9,63.0,22.784084856922956,86.92136488930416
SH9,64.0,22.78785310541803,86.93017600363497
SH9,65.0,22.79196343848229,86.93874027697787
SH9,66.0,22.798735863798143,86.94441794413589
SH9,67.0,22.86031411876034,87.00602759690454
SH9,68.0,22.864717738145213,87.014440278929
SH9,69.0,22.86971641187537,87.0225305817921
SH9,70.0,22.874949234030925,87.03036821660608
SH9,71.0,22.88037562390615,87.03795418197232
SH9,72.0,22.88683284983902,87.04469272748588
SH9,73.0,22.891730070379122,87.05272591837686
SH9,74.0,22.89611406896571,87.06121574219715
SH9,75.0,22.901918225031114,87.06783542915029
SH9,76.0,22.910004827027528,87.071822344608
SH9,77.0,22.91857384102639,87.0718910942214
SH9,78.0,22.927116984953557,87.07500793296443
SH9,79.0,22.935923155199937,87.07717757140303
SH9,80.0,22.944800122882324,87.07559903420714
SH9,81.0,22.952941813139848,87.07980359596827
SH9,82.0,22.96127602541061,87.08343581303977
SH9,83.0,22.970253931899276,87.08451056155835
SH9,84.0,22.979229991859068,87.08560088900104
SH9,85.0,22.987650965475964,87.08881874887635
SH9,86.0,22.995112125565683,87.09418176236584
SH9,87.0,23.001305428355547,87.1008539581654
SH9,88.0,23.010244878734394,87.10160230986195
SH9,89.0,23.018980044575496,87.09983921199078
SH9,90.0,23.027590654155446,87.09693779593545
SH9,91.0,23.03641212483135,87.09495547646324
SH9,92.0,23.045391645690522,87.09389462003291
SH9,93.0,23.054175994064526,87.09169329977338
SH9,94.0,23.062538168897408,87.08809205388678
SH9,95.0,23.070660880212447,87.08382048614878
SH9,96.0,23.078794487911647,87.07957311680154
SH9,97.0,23.086921600476014,87.07531077945649
SH9,98.0,23.09555377603969,87.07323887397084
SH9,99.0,23.10458689401334,87.07320126734002
SH9,100.0,23.113478247762547,87.07153738377036
SH9,101.0,23.12235350438437,87.06971986368605
SH9,102.0,23.13137678021009,87.06979110962915
SH9,103.0,23.140404424439943,87.0700162428014
SH9,104.0,23.14941775791497,87.06937654911121
SH9,105.0,23.15842115348436,87.06881056035002
SH9,106.0,23.167439813932283,87.06827365396975
SH9,107.0,23.17646003047641,87.06776257999839
SH9,108.0,23.184917558541876,87.06957517374295
SH9,109.0,23.19378031579559,87.0676889934582
SH9,110.0,23.202514465377426,87.06876946721046
SH9,111.0,23.32402251035719,87.22433324567565
SH9,112.0,23.332393316775054,87.22800817998898
SH9,113.0,23.340428997150813,87.2318382707903
SH9,114.0,23.348564073359228,87.23586865433755
SH9,115.0,23.35589725141676,87.24157954296044
SH9,116.0,23.363165610039218,87.247384975656
SH9,117.0,23.370627217639484,87.25288521751398
SH9,118.0,23.3787047177987,87.25725419287362
SH9,119.0,23.387253603339055,87.2602032929497
SH9,120.0,23.39481354044192,87.26549132777816
SH9,121.0,23.402578486889784,87.2704825911278
SH9,122.0,23.41046759077722,87.27523669665241
SH9,123.0,23.418612437262706,87.27946081823917
SH9,124.0,23.4269161360868,87.28331123403514
SH9,125.0,23.435112946519308,87.28739854537967
SH9,126.0,23.443374296439714,87.29135603010128
SH9,127.0,23.45202763186144,87.2938582218416
SH9,128.0,23.460802718516184,87.29572419040024
SH9,129.0,23.469540695988055,87.29739265156725
SH9,130.0,23.47671846598112,87.30333495144994
SH9,131.0,23.483892905920168,87.30928334219017
SH9,132.0,23.487530978097638,87.31763312844251
SH9,133.0,23.494141422322706,87.32238183042412
SH9,134.0,23.497475622864094,87.33012620367461
SH9,135.0,23.49889197903739,87.33970904350817
SH9,136.0,23.502411631717948,87.34872803650522
SH9,137.0,23.631285324164466,87.54376681971657
SH9,138.0,23.634943101158488,87.55246034967986
SH9,139.0,23.636986213497714,87.56188880630847
SH9,140.0,23.637226018595488,87.5715664238197
SH9,141.0,23.63718979327718,87.58134794453423
SH9,142.0,23.637618725114486,87.5911402413226
SH9,143.0,23.639053144404215,87.6008185833194
SH9,144.0,23.640928104363816,87.61027117677686
SH9,145.0,23.639914663570156,87.61991025369207
SH9,146.0,23.642195420742873,87.62931530233763
SH9,147.0,23.647136058902795,87.63735647727846
SH9,148.0,23.652931774933208,87.64487530499576
SH9,149.0,23.658644682346875,87.65246907247868
SH9,150.0,23.664300559616702,87.6601138354578
SH9,151.0,23.667611323907987,87.6674537747979
SH9,152.0,23.66523994843568,87.67690709641252
SH9,153.0,23.664040721664293,87.68662576157335
SH9,154.0,23.662488526830455,87.69624537723958
SH9,155.0,22.29909600782067,86.91305805958751
SH9,156.0,22.29026089738082,86.91213761697854
SH9,157.0,22.281380722466942,86.9117086252967
SH9,158.0,22.27272923686938,86.91418287017515
SH9,159.0,22.264340489846468,86.91254486840825
SH9,160.0,22.257346424563412,86.91747424196049
SH9,161.0,22.249673743548968,86.91259956065588
SH9,162.0,22.241529981966455,86.90887936655028
SH9,163.0,22.232759412977728,86.90661333148552
SH9,164.0,22.223907431875332,86.90782787451192
SH9,165.0,22.217615816118993,86.90157864493493
SH9,166.0,22.21088525909545,86.89587395860647
SH9,167.0,22.203153451827983,86.900452932902
SH9,168.0,22.199168270224547,86.90881911450856
SH9,169.0,22.193035028966936,86.91589082196387
SH9,170.0,22.18757149811326,86.92361437136836
SH9,171.0,22.18144273558771,86.93059344942597
SH9,172.0,22.17404018136555,86.93614992616918
SH9,173.0,22.16686915044127,86.94204887027453
SH9,174.0,22.15969203467777,86.94793962741447
SH9,175.0,22.152483437596334,86.95378569591652
SH9,176.0,22.14464581180789,86.95847322833087
SH9,177.0,22.136502238759327,86.96262915771833
SH9,178.0,22.12833587926575,86.96659897359089
SH9,179.0,22.119563007056033,86.9689152049727
SH9,180.0,22.110962501107863,86.97173648393535
SH9,181.0,22.104869638612776,86.97868370913689
SH9,182.0,22.100250673620035,86.98688083136695
SH9,183.0,22.097392542522773,86.99607742629141
SH9,184.0,22.09448770252503,87.00525711037243
SH9,185.0,22.089681472047474,87.01330367377561
SH9,186.0,22.0837400415642,87.02060631252606
SH9,187.0,22.077081335137066,87.02705400733294
SH9,188.0,22.070281574146662,87.03327331171496
SH9,189.0,22.064260034748543,87.04049906057239
SH9,190.0,22.058243956111838,87.0477297373593
SH9,191.0,22.054007726952392,87.05619914276276
SH9,192.0,22.050337354157833,87.06505480864145
SH9,193.0,22.04666546383608,87.0739094925791
SH9,194.0,22.043019429924357,87.08277624560186
SH9,195.0,22.04229246268009,87.09216809258903
SH9,196.0,22.038005874122668,87.10021794965705
SH9,197.0,22.031440557074827,87.10687126734356
SH9,198.0,22.027190449023312,87.11523284812581
SH9,199.0,22.02451988019264,87.12443086050774
SH9,200.0,22.019035742176175,87.13207787305272
SH9,201.0,22.0119940134078,87.13797425976993
SH9,202.0,22.00726980171166,87.14384885171853
SH9,203.0,22.011382637298585,87.1523521691874
SH9,204.0,22.017658822246542,87.15925896105222
SH9,205.0,22.023633302734517,87.16616846039702
SH9,206.0,22.031346586318634,87.17088915936273
SH9,207.0,22.039806240136542,87.17323058670725
SH9,208.0,22.046679160913314,87.17911348235458
SH9,209.0,22.053449749301926,87.18552987011083
SH9,210.0,22.060408968479877,87.19168023155034
SH9,211.0,22.067367503316483,87.1978213241437
SH9,212.0,22.073952088604084,87.20445700129075
SH9,213.0,22.080521388562506,87.21111105715728
SH9,214.0,22.08589658492301,87.2181227487806
SH9,215.0,22.094354263793477,87.2214104313165
SH9,216.0,22.100965105670223,87.22791242991904
SH9,217.0,22.107596409538,87.23438074369135
SH9,218.0,22.115278497509976,87.23647265056543
SH9,219.0,22.30692647016825,86.89231164911375
SH9,220.0,22.3062635,86.8873733
